PurchaseId,Buyer,Vendor,Unit,Order Date,Order Number,Description,Amount,Delivery Date,Note,Cheshbonit Vendor,Chesbonit Delivery,InputDate,Payed By,new_date,new_date1,apt
e5608c13,yuri@emmaleh.com,b3269088,1850,10/4/2021,105338931,"Oven W Burners , WM Side Door , Moving (Hovala)"," ₪1,928.00",10/19/2021,,Payments_Files_/01432d20.Cheshbonit.094244.pdf,466878264,11/10/2021,,#VALUE!,2021-10,U061
601f4b3c,yuri@emmaleh.com,b3269088,1417,10/14/2021,105341025,"WM Side Door , Moving (Hovala)", ₪929.00,10/26/2021,,Payments_Files_/7ad200dd.Cheshbonit.123802.pdf,466872100,11/10/2021,,10/14/2021,2021-10,U052
f75448d8,yuri@emmaleh.com,b3269088,0935,10/14/2021,105341032,"WM Side Door , Moving (Hovala)", ₪929.00,11/10/2021,,Payments_Files_/791014f6.Cheshbonit.124057.pdf,466872109,11/10/2021,,10/14/2021,2021-10,
841137cf,yuri@emmaleh.com,b3269088,2119,10/14/2021,105341035,Electric Burners, ₪600.00,10/18/2021,,Payments_Files_/e680cd62.Cheshbonit.124459.pdf,466873438,11/10/2021,,10/14/2021,2021-10,U097
0e9ebf8a,yuri@emmaleh.com,b3269088,2614,10/19/2021,105342138,"Regualr Fridge , Moving (Hovala)"," ₪1,970.00",10/27/2021,,Payments_Files_/54c52d0c.Cheshbonit.131015.pdf,466878277,11/10/2021,,10/19/2021,2021-10,U097
f2a8cebb,yuri@emmaleh.com,b3269088,1816,10/19/2021,105342140,"WM Top Door , Moving (Hovala)"," ₪1,560.00",10/25/2021,,Payments_Files_/fcb5c32b.Cheshbonit.131145.pdf,466876515,11/10/2021,,10/19/2021,2021-10,U052
5357Dec3,yuri@emmaleh.com,b3269088,1427,10/18/2021,105341834,"Small Fridge , Moving (Hovala)"," ₪1,019.00",10/27/2021,,Payments_Files_/e6d22532.Cheshbonit.131305.pdf,466878281,11/10/2021,,10/18/2021,2021-10,U052
40582f99,yuri@emmaleh.com,b3269088,1405,11/1/2021,105344830,"Moving (Hovala) , WM Top Door"," ₪1,720.00",11/2/2021,,Purchases_Files_/40582f99.Cheshbonit Vendor.070012.pdf,467003884,11/10/2021,,#VALUE!,2021-11,U052
ef7ca069,yuri@emmaleh.com,b3269088,186dafa2a,11/10/2021,105341031,"WM Side Door , Moving (Hovala)", ₪929.00,10/26/2021,WM for Emmaleh 1 apt Zissu 2\25B,Payments_Files_/114eb2ad.Cheshbonit.131623.pdf,466877902,11/10/2021,,11/10/2021,2021-11,U094
fea67854,yuri@emmaleh.com,b3269088,1837,11/11/2021,105346539,"WM Side Door , Moving (Hovala) , Electric Burners , Toaster Oven"," ₪1,486.00",11/16/2021,Yuri payed with his credit card,Payments_Images/0c0f30b6.Cheshbonit.072524.jpg,467002846,11/16/2021,,11/11/2021,2021-11,U052
3596edb1,yuri@emmaleh.com,6ffe01d6,3013,8/11/21,113486,"Moving (Hovala) , Small Couch"," ₪1,150.00",11/17/2021,,Purchases_Files_/3596edb1.Cheshbonit Vendor.074727.pdf,,11/17/2021,,#VALUE!,2021-08,U102
0a82de3c,yuri@emmaleh.com,6ffe01d6,1850,10/21/21,112950,"Moving (Hovala) , Small Couch"," ₪1,150.00",11/17/2021,Awaiting Payment.,Purchases_Files_/0a82de3c.Cheshbonit Vendor.125146.pdf,,11/17/2021,,10/21/1921,2021-10,U061
0a82de31,g.tomer@prelude.co.il,b3269088,2119,09/08/21,,"Oven W Burners , WM Side Door , Regualr Fridge , Toaster Oven"," ₪4,113.00",,,Purchases_Files_/0a82de31.Cheshbonit Vendor.102334.pdf,,,,9/8/1921,2021-09,U097
0a82de32,g.tomer@prelude.co.il,b3269088,2812,09/08/21,,"WM Side Door , Moving (Hovala) , Regualr Fridge"," ₪2,869.00",,Extra 150nis with a seperate charge on the credit card,Purchases_Files_/0a82de32.Cheshbonit Vendor.112045.pdf,,,,9/8/1921,2021-09,U102
0a82de33,g.tomer@prelude.co.il,b3269088,0920,09/08/21,,"WM Side Door , Moving (Hovala) , Toaster Oven"," ₪1,324.00",,,Purchases_Files_/0a82de33.Cheshbonit Vendor.102340.pdf,,,,9/8/1921,2021-09,
0a82de34,g.tomer@prelude.co.il,b3269088,2812,12/08/21,,Moving (Hovala), ₪150.00,,seprate charge for Moving of Cheshbonit Mas - 466604560,Purchases_Files_/0a82de34.Cheshbonit Vendor.112157.pdf,,,,12/8/1921,2021-12,U102
0a82de35,g.tomer@prelude.co.il,b3269088,1433,8/16/21,,Oven W Burners, ₪799.00,,,Purchases_Files_/0a82de35.Cheshbonit Vendor.112358.pdf,Seperate charge for moving fo 130 nis,,,#VALUE!,2021-08,U052
0a82de36,g.tomer@prelude.co.il,b3269088,2801,8/16/21,,"Big Fridge , Moving (Hovala)"," ₪2,500.00",,,Purchases_Files_/0a82de36.Cheshbonit Vendor.124830.pdf,,,,#VALUE!,2021-08,U102
0a82de37,g.tomer@prelude.co.il,b3269088,1433,8/16/21,,Moving (Hovala), ₪130.00,,Seperate charge for delivery of Cheshbonit Mas - 466625417,Purchases_Files_/0a82de37.Cheshbonit Vendor.112430.pdf,,,,#VALUE!,2021-08,U052
0a82de38,g.tomer@prelude.co.il,b3269088,1304,8/16/21,,Toaster Oven, ₪280.00,,,Purchases_Files_/0a82de38.Cheshbonit Vendor.124930.pdf,,,,#VALUE!,2021-08,
0a82de39,g.tomer@prelude.co.il,b3269088,3217,8/16/21,,WM Side Door, ₪799.00,,,Purchases_Files_/0a82de39.Cheshbonit Vendor.124902.pdf,Seprate charge for moving of 130 nis,,,#VALUE!,2021-08,U102
0a82de40,g.tomer@prelude.co.il,b3269088,3217,8/16/21,,Moving (Hovala), ₪130.00,,Seperate charge for moving,Purchases_Files_/0a82de40.Cheshbonit Vendor.124924.pdf,,,,#VALUE!,2021-08,U102
0a82de41,g.tomer@prelude.co.il,b3269088,1410,8/24/21,,"Moving (Hovala) , WM Top Door"," ₪1,590.00",,,Purchases_Files_/0a82de41.Cheshbonit Vendor.125031.pdf,,,,#VALUE!,2021-08,U052
0a82de42,g.tomer@prelude.co.il,b3269088,1913,8/24/21,,"Oven W Burners , Moving (Hovala)", ₪959.00,,,Purchases_Files_/0a82de42.Cheshbonit Vendor.065114.pdf,Moving in seperate Heshbonit for 160 nis,,,#VALUE!,2021-08,U095
0a82de43,g.tomer@prelude.co.il,b3269088,2801,8/24/21,,"WM Side Door , Electric Burners , Toaster Oven"," ₪2,971.00",,,Purchases_Files_/0a82de43.Cheshbonit Vendor.125011.pdf,"2 receipts, 1 for product and 1 for moving",,,#VALUE!,2021-08,U102
9d5a3eba,g.tomer@prelude.co.il,b3269089,186dafa2a,8/22/21,,ADVERTISEMENT," ₪1,700.00",11/21/2021,Yad2 Adds for August,Purchases_Files_/9d5a3eba.Cheshbonit Vendor.120743.Pdf,,11/21/2021,,#VALUE!,2021-08,U094
3a633295,g.tomer@prelude.co.il,b3269090,186dafa2a,8/8/2021,,OFFICE RENT," ₪1,988.42",11/21/2021,,Purchases_Files_/3a633295.Cheshbonit Vendor.101852.pdf,,11/21/2021,,#VALUE!,2021-08,U094
77e15a1f,g.tomer@prelude.co.il,2564d3f5,186dafa2a,8/6/2021,,INTERNET, ₪247.60,11/21/2021,,Purchases_Files_/77e15a1f.Cheshbonit Vendor.114643.pdf,,11/21/2021,,#VALUE!,2021-08,U094
294c353c,yuri@emmaleh.com,b3269088,3221,11/24/2021,105349431,"Moving (Hovala) , Regualr Fridge"," ₪1,979.99",11/24/2021,,Purchases_Files_/294c353c.Cheshbonit Vendor.111802.pdf,,11/24/2021,,11/24/2021,2021-11,U102
684a62f2,yuri@emmaleh.com,b3269088,1913,8/24/2021,,Moving (Hovala), ₪160.00,12/1/2021,Oven w burners - credit card charge for 959,Purchases_Files_/684a62f2.Cheshbonit Vendor.065221.pdf,,12/1/2021,,#VALUE!,2021-08,U095
eb8bde85,yuri@emmaleh.com,b3269088,2018,12/14/2021,,"Moving (Hovala) , WM Top Door"," ₪1,560.00",12/15/2021,,Purchases_Files_/eb8bde85.Cheshbonit Vendor.074828.pdf,,12/15/2021,,12/14/2021,2021-12,U095
851e62cb,bethknewmark@gmail.com,a85e26f8,186dafa2a,12/19/2021,,Gibush," ₪2,772.00",12/19/2021,,Purchases_Images/851e62cb.Cheshbonit Vendor.185443.jpg,,12/19/2021,,12/19/2021,2021-12,U094
987b0115,g.tomer@prelude.co.il,b3269088,1850,10/4/2021,,"Oven W Burners , WM Side Door"," ₪1,698.00",10/4/2021,,Purchases_Files_/987b0115.Cheshbonit Vendor.073808.pdf,,2/1/2022,,#VALUE!,2021-10,U061
566b3ef7,g.tomer@prelude.co.il,b3269088,1405,10/4/2021,,"Electric Burners , Microwave"," ₪1,000.00",10/4/2021,,Purchases_Files_/566b3ef7.Cheshbonit Vendor.073116.pdf,,2/1/2022,,#VALUE!,2021-10,U052
0d6b8493,g.tomer@prelude.co.il,b3269088,2812,10/4/2021,,"Electric Burners , Toaster Oven", ₪940.00,10/4/2021,,Purchases_Files_/0d6b8493.Cheshbonit Vendor.114438.pdf,,2/1/2022,,#VALUE!,2021-10,U102
91786042,g.tomer@prelude.co.il,b3269088,1850,10/4/2021,,Moving (Hovala), ₪230.00,10/4/2021,,Purchases_Files_/91786042.Cheshbonit Vendor.071807.pdf,,2/1/2022,,#VALUE!,2021-10,U061
e589a71d,g.tomer@prelude.co.il,b3269088,2801,10/14/2021,,Electric Burners, ₪400.00,10/14/2021,,Purchases_Files_/e589a71d.Cheshbonit Vendor.114332.pdf,,2/1/2022,,10/14/2021,2021-10,U102
2d2f56a5,g.tomer@prelude.co.il,b3269088,0935,10/14/2021,,"WM Side Door , Moving (Hovala)", ₪888.00,10/14/2021,,Purchases_Files_/2d2f56a5.Cheshbonit Vendor.114355.pdf,,2/1/2022,,10/14/2021,2021-10,
4d20f12a,g.tomer@prelude.co.il,b3269088,0935,10/14/2021,,Moving (Hovala), ₪130.00,10/14/2021,,Purchases_Images/4d20f12a.Cheshbonit Vendor.115922.jpg,,2/1/2022,,10/14/2021,2021-10,
f17f549e,g.tomer@prelude.co.il,b3269088,2801,10/18/2021,,Regualr Fridge,"- ₪1,971.00",10/18/2021,REFUND,Purchases_Files_/f17f549e.Cheshbonit Vendor.074340.pdf,,2/1/2022,,10/18/2021,2021-10,U102
8d83e04a,g.tomer@prelude.co.il,b3269090,186dafa2a,10/6/2021,,OFFICE RENT," ₪1,988.42",10/6/2021,,Purchases_Files_/8d83e04a.Cheshbonit Vendor.121551.pdf,,2/1/2022,,#VALUE!,2021-10,U094
c1da646c,g.tomer@prelude.co.il,b3269088,2801,9/14/2021,,Electric Burners," ₪2,397.00",9/14/2021,charge for 400 nis of electric burners and zikui for 1971,Purchases_Images/c1da646c.Cheshbonit Vendor.091208.jpg,,2/1/2022,,#VALUE!,2021-09,U102
594ed16f,g.tomer@prelude.co.il,b3269088,1332,9/14/2021,,"Moving (Hovala) , Big Fridge"," ₪2,670.00",9/10/2021,,Purchases_Files_/594ed16f.Cheshbonit Vendor.072502.pdf,,2/1/2022,,#VALUE!,2021-09,U052
df47e041,g.tomer@prelude.co.il,b3269088,2051,9/14/2021,,"Oven W Burners , Moving (Hovala)", ₪930.00,9/14/2021,,Purchases_Files_/df47e041.Cheshbonit Vendor.072112.pdf,,2/1/2022,,#VALUE!,2021-09,U095
a750e27f,g.tomer@prelude.co.il,b3269088,1405,9/22/2021,,"Moving (Hovala) , Big Fridge"," ₪2,670.00",9/14/2021,,Purchases_Files_/a750e27f.Cheshbonit Vendor.122643.pdf,,2/1/2022,,#VALUE!,2021-09,U052
c8d0acc0,g.tomer@prelude.co.il,b3269090,186dafa2a,9/1/2021,,OFFICE RENT," ₪1,812.68",9/9/2021,,Purchases_Files_/c8d0acc0.Cheshbonit Vendor.094317.2021.pdf,,2/1/2022,,#VALUE!,2021-09,U094
47d068d9,g.tomer@prelude.co.il,b3269089,186dafa2a,11/21/2021,,ADVERTISEMENT," ₪2,250.00",11/21/2021,,Purchases_Files_/47d068d9.Cheshbonit Vendor.094403.2021.Pdf,,2/1/2022,,11/21/2021,2021-11,U094
193c404d,g.tomer@prelude.co.il,2564d3f5,186dafa2a,11/7/2021,,INTERNET, ₪606.20,11/7/2021,,Purchases_Files_/193c404d.Cheshbonit Vendor.065437.pdf,,2/1/2022,,#VALUE!,2021-11,U094
89c786d0,g.tomer@prelude.co.il,b3269090,186dafa2a,11/8/2021,,OFFICE RENT," ₪2,019.30",11/8/2021,,Purchases_Files_/89c786d0.Cheshbonit Vendor.121527.2021.pdf,,2/1/2022,,#VALUE!,2021-11,U094
85b3cca5,g.tomer@prelude.co.il,2564d3f5,1405,11/17/2021,,INTERNET, ₪400.00,11/17/2021,,Purchases_Files_/85b3cca5.Cheshbonit Vendor.081235.pdf,,2/1/2022,,11/17/2021,2021-11,U052
541462f1,holdings.office1@gmail.com,fb4521e2,1332,1/4/2022,0-204834,חשבון חשמל, ₪17.29,,אישור צריכת חשמל,Purchases_Images/541462f1.Cheshbonit Vendor.085038.png,,6/1/2022,,#VALUE!,2022-01,U052
865ab7a1,holdings.office1@gmail.com,fb4521e2,2051,1/4/2022,0-293951,חשבון חשמל, ₪17.29,1/4/2022,אישור צריכת חשמל,Purchases_Images/865ab7a1.Cheshbonit Vendor.085452.png,,6/1/2022,,#VALUE!,2022-01,U095
c3c0ac34,holdings.office1@gmail.com,fb4521e2,2130,1/4/2022,0-421776,חשבון חשמל, ₪74.76,1/4/2022,1.10.21-28.12.21,Purchases_Images/c3c0ac34.Cheshbonit Vendor.085635.png,,6/1/2022,,#VALUE!,2022-01,U097
f7d2e212,holdings.office1@gmail.com,fb4521e2,1433,1/4/2022,0-574871,חשבון חשמל, ₪17.29,1/4/2022,אישור צריכת חשמל,Purchases_Images/f7d2e212.Cheshbonit Vendor.090017.png,,6/1/2022,,#VALUE!,2022-01,U052
0642c13d,holdings.office1@gmail.com,fb4521e2,1834,1/4/2022,0-063930,חשבון חשמל, ₪17.29,1/4/2022,אישור צריכת חשמל,Purchases_Images/0642c13d.Cheshbonit Vendor.090345.png,,6/1/2022,,#VALUE!,2022-01,U052
323c34ce,holdings.office1@gmail.com,fb4521e2,2054,1/4/2022,0-720995,חשבון חשמל, ₪17.29,1/4/2022,אישור צריכת חשמל,Purchases_Images/323c34ce.Cheshbonit Vendor.090508.png,,6/1/2022,,#VALUE!,2022-01,U095
2d2cb5c0,holdings.office1@gmail.com,fb4521e2,1427,1/4/2022,0-781161,חשבון חשמל, ₪17.29,1/4/2022,אישור צריכת חשמל,Purchases_Images/2d2cb5c0.Cheshbonit Vendor.090627.png,,6/1/2022,,#VALUE!,2022-01,U052
a4625a32,holdings.office1@gmail.com,fb4521e2,3216,1/4/2022,0-821801,חשבון חשמל, ₪17.04,1/4/2022,אישור צריכת חשמל,Purchases_Images/a4625a32.Cheshbonit Vendor.091012.png,,6/1/2022,,#VALUE!,2022-01,U102
9dbcf90e,holdings.office1@gmail.com,0596564a,1327,1/5/2022,952000037,חשבון גז, ₪29.52,1/5/2022,11-12/2021,Purchases_Images/9dbcf90e.Cheshbonit Vendor.091231.jpg,,6/1/2022,,#VALUE!,2022-01,
b31b0ec8,holdings.office1@gmail.com,fb4521e2,1327,1/5/2022,0-299297,חשבון חשמל, ₪54.67,1/5/2022,17.11.21-31.12.21,Purchases_Images/b31b0ec8.Cheshbonit Vendor.091339.png,,6/1/2022,,#VALUE!,2022-01,
4050025c,holdings.office1@gmail.com,fb4521e2,1930,1/10/2022,0-653584,חשבון חשמל, ₪45.07,1/10/2022,21.11.21-5.1.22,Purchases_Images/4050025c.Cheshbonit Vendor.063237.png,,10/1/2022,,#VALUE!,2022-01,U095
fab9d30a,g.tomer@prelude.co.il,b3269088,0920,12/23/2021,,"Oven W Burners , WM Side Door , Moving (Hovala)"," ₪1,830.00",12/23/2021,,Purchases_Files_/fab9d30a.Cheshbonit Vendor.063003.pdf,,10/1/2022,,12/23/2021,2021-12,
437aede9,g.tomer@prelude.co.il,b3269088,1327,12/27/2021,,"Moving (Hovala) , Regualr Fridge , ???"," ₪2,590.00",12/27/2021,Extra moving for dissembeling fridge doors to fit through the door,Purchases_Files_/437aede9.Cheshbonit Vendor.062936.pdf,,10/1/2022,,12/27/2021,2021-12,
74600c60,g.tomer@prelude.co.il,b3269090,186dafa2a,12/6/2021,,OFFICE RENT," ₪2,020.36",12/6/2021,,Purchases_Files_/74600c60.Cheshbonit Vendor.090925.2021.pdf,,10/1/2022,,#VALUE!,2021-12,U094
3b10f4ae,g.tomer@prelude.co.il,2564d3f5,186dafa2a,12/6/2021,,INTERNET, ₪376.60,12/6/2021,U79 U95 U250,Purchases_Files_/3b10f4ae.Cheshbonit Vendor.085953.6.pdf,,10/1/2022,,#VALUE!,2021-12,U094
4e9cdc30,holdings.office1@gmail.com,0596564a,0920,1/11/2022,0-028902,חשבון גז, ₪250.00,1/11/2022,חיבור לכיריים חדשות,Purchases_Files_/4e9cdc30.Cheshbonit Vendor.094908.pdf,,11/1/2022,,#VALUE!,2022-01,
9a6a2f16,yuri@emmaleh.com,6ffe01d6,1724,11/18/2021,,"Big Couch , Moving (Hovala)"," ₪1,950.00",12/1/2021,,Purchases_Files_/9a6a2f16.Cheshbonit Vendor.062746.pdf,,,,11/18/2021,2021-11,U052
d0c69923,yuri@emmaleh.com,b3269088,1851,1/23/2022,,"WM Side Door , Moving (Hovala)", ₪929.00,1/23/2022,3 receipts because of discounts that were made,Purchases_Files_/d0c69923.Cheshbonit Vendor.063233.pdf,,,,#VALUE!,2022-01,U061
,,,,,,,,,,,,,,#NUM!,,
,,,,,,,,,,,,,,#NUM!,,
c1841300,g.tomer@prelude.co.il,b3269090,186dafa2a,12/6/2021,,OFFICE RENT," ₪2,020.36",,,Purchases_Files_/c1841300.Cheshbonit Vendor.063155.pdf,,,,#VALUE!,2021-12,U094
990ce483,g.tomer@prelude.co.il,2564d3f5,186dafa2a,1/6/2022,,INTERNET, ₪376.60,,,Purchases_Files_/990ce483.Cheshbonit Vendor.100027.pdf,,,,#VALUE!,2022-01,U094
1eb4ec60,g.tomer@prelude.co.il,b3269090,186dafa2a,1/9/2022,,OFFICE RENT," ₪1,988.42",,,Purchases_Files_/1eb4ec60.Cheshbonit Vendor.070850.pdf,,,,#VALUE!,2022-01,U094
ee068a82,g.tomer@prelude.co.il,b3269088,1714,1/23/2022,,"Oven W Burners , WM Side Door , Moving (Hovala) , ???"," ₪1,109.00",,1109 + 818 Belong to U241 - same purchase with 3 receipts for 1468 + 179.99 + 280 = 1927,Purchases_Files_/ee068a82.Cheshbonit Vendor.070351.pdf,,,,#VALUE!,2022-01,U052
4441a856,g.tomer@prelude.co.il,b3269088,1714,1/23/2022,,"Oven W Burners , WM Side Door , Moving (Hovala) , ???", ₪819.00,,1109 + 818 Belong to U241 - same purchase with 3 receipts for 1468 + 179.99 + 280 = 1927,Purchases_Files_/4441a856.Cheshbonit Vendor.070425.pdf,,,,#VALUE!,2022-01,U052
50de652b,yuri@emmaleh.com,b3269088,2013,2/20/2022,,"WM Side Door , Moving (Hovala)", ₪979.00,2/21/2022,חיוב מפוצל ל 849 + 130,Purchases_Files_/50de652b.Cheshbonit Vendor.095728.pdf,,,,#VALUE!,2022-02,U095
b771e0af,yuri@emmaleh.com,b3269088,1722,2/16/2022,,"WM Side Door , Moving (Hovala)", ₪929.00,2/23/2022,חיוב מפוצל על סך 669 + 130 + 130,Purchases_Files_/b771e0af.Cheshbonit Vendor.100843.pdf,,,,#VALUE!,2022-02,U052
0b28202b,yuri@emmaleh.com,b3269088,2812,2/16/2022,,"Oven W Burners , Moving (Hovala)"," ₪1,029.00",2/23/2022,חיוב מפוצל של 899 + 130,Purchases_Files_/0b28202b.Cheshbonit Vendor.101027.pdf,,,,#VALUE!,2022-02,U102
1d2ba9b9,yuri@emmaleh.com,b3269090,186dafa2a,3/6/2022,,OFFICE RENT," ₪1,988.42",3/6/2022,השכרת משרד חודש מרץ 2022,Purchases_Files_/1d2ba9b9.Cheshbonit Vendor.062846.pdf,,,,#VALUE!,2022-03,U094
1d9c4acf,yuri@emmaleh.com,b3269088,2013,3/7/2022,,Toaster Oven, ₪467.01,3/7/2022,,Purchases_Files_/1d9c4acf.Cheshbonit Vendor.081050.pdf,,,,#VALUE!,2022-03,U095
42d1e32e,yuri@emmaleh.com,b3269088,1927,3/7/2022,,Toaster Oven, ₪467.01,3/7/2022,,Purchases_Files_/42d1e32e.Cheshbonit Vendor.081129.pdf,,,,#VALUE!,2022-03,U095
cded19c0,yuri@emmaleh.com,b3269088,1332,3/7/2022,,"Oven W Burners , Moving (Hovala)"," ₪1,029.00",3/20/2022,Oven 899 + 130 Moving,Purchases_Files_/cded19c0.Cheshbonit Vendor.081354.pdf,,,,#VALUE!,2022-03,U052
824367d0,g.tomer@prelude.co.il,2564d3f5,186dafa2a,3/2/2022,,INTERNET, ₪376.60,,,Purchases_Files_/824367d0.Cheshbonit Vendor.100101.pdf,,,,#VALUE!,2022-03,U094
23607582,holdings.office1@gmail.com,0596564a,1714,2/6/2022,228012703,חשבון גז, ₪250.00,2/6/2022,התקנת תנור משולב חדש,Purchases_Files_/23607582.Cheshbonit Vendor.063643.pdf,,6/2/2022,,#VALUE!,2022-02,U052
605d8226,holdings.office1@gmail.com,fb4521e2,3217,2/7/2022,0-625459,חשבון חשמל," ₪1,180.01",2/7/2022,17.11-17.1 הדייר שילם 600 שח בהעברה בנקאית לחשבון של השקעות,Purchases_Images/605d8226.Cheshbonit Vendor.063843.png,,7/2/2022,,#VALUE!,2022-02,U102
e961f187,holdings.office1@gmail.com,fb4521e2,1724,2/8/2022,0-228486,חשבון חשמל, ₪27.35,2/8/2022,11.11-20.11,Purchases_Images/e961f187.Cheshbonit Vendor.064043.png,,8/2/2022,,#VALUE!,2022-02,U052
0cd07590,holdings.office1@gmail.com,fb4521e2,1709,2/9/2022,0-794008,חשבון חשמל, ₪100.15,2/9/2022,1.10-3.1,Purchases_Images/0cd07590.Cheshbonit Vendor.064243.png,,9/2/2022,,#VALUE!,2022-02,U052
553b4364,holdings.office1@gmail.com,fb4521e2,2008,3/1/2022,0-886242,חשבון חשמל, ₪26.38,3/1/2022,31.1-22.2,Purchases_Images/553b4364.Cheshbonit Vendor.070500.png,,1/3/2022,,#VALUE!,2022-03,U095
acb2c315,holdings.office1@gmail.com,0596564a,1822,3/1/2022,0-917526,חשבון גז, ₪43.09,3/1/2022,נובמבר דצמבר,Purchases_Files_/acb2c315.Cheshbonit Vendor.070508.09.pdf,,1/3/2022,,#VALUE!,2022-03,U052
0945c521,holdings.office1@gmail.com,0596564a,1824,3/1/2022,0-067074,חשבון גז, ₪32.01,3/1/2022,דצמבר ינואר,Purchases_Files_/0945c521.Cheshbonit Vendor.070516.01.pdf,,1/3/2022,,#VALUE!,2022-03,U052
6d6b4596,holdings.office1@gmail.com,0596564a,1815,3/1/2022,0-303354,חשבון גז, ₪44.11,3/1/2022,נובמבר דצמבר,Purchases_Files_/6d6b4596.Cheshbonit Vendor.070525.11.pdf,,1/3/2022,,#VALUE!,2022-03,U052
e475674e,holdings.office1@gmail.com,0596564a,0905,3/1/2022,0-392902,חשבון גז, ₪44.11,3/1/2022,נובמבר דצמבר,Purchases_Files_/e475674e.Cheshbonit Vendor.070534.11.pdf,,1/3/2022,,#VALUE!,2022-03,
5b6f5825,holdings.office1@gmail.com,0596564a,1711,3/1/2022,0-488114,חשבון גז, ₪44.11,3/1/2022,נובמבר דצמבר,Purchases_Files_/5b6f5825.Cheshbonit Vendor.070541.11.pdf,,1/3/2022,,#VALUE!,2022-03,U052
cb9ee21b,holdings.office1@gmail.com,0596564a,1405,3/1/2022,0-560367,חשבון גז, ₪229.06,3/1/2022,נובמבר דצמבר,Purchases_Files_/cb9ee21b.Cheshbonit Vendor.070549.06.pdf,,1/3/2022,,#VALUE!,2022-03,U052
4b41666e,holdings.office1@gmail.com,fc46cf6f,186dafa2a,2/27/2022,0-764746,חשבון מים," ₪1,960.41",2/27/2022,דצמבר ינואר תשלום עבור כל היחידות של השקעות דרום,Purchases_Files_/4b41666e.Cheshbonit Vendor.070556.41.pdf,,2/3/2022,,#VALUE!,2022-02,U094
987128ae,holdings.office1@gmail.com,fc46cf6f,3225,2/27/2022,0-100610,חשבון מים, ₪175.51,2/27/2022,דצמבר-ינואר,Purchases_Files_/987128ae.Cheshbonit Vendor.070606.51.pdf,,2/3/2022,,#VALUE!,2022-02,U102
e58859da,holdings.office1@gmail.com,fc46cf6f,2620,3/2/2022,829044,חשבון מים, ₪22.89,3/2/2022,1.12-11.1,Purchases_Files_/e58859da.Cheshbonit Vendor.070616.89.pdf,,2/3/2022,,#VALUE!,2022-03,U097
920d4a2a,holdings.office1@gmail.com,fc46cf6f,1405,3/1/2022,0-958926,חשבון מים, ₪782.16,3/1/2022,דצמבר ינואר,Purchases_Files_/920d4a2a.Cheshbonit Vendor.070627.16.pdf,,2/3/2022,,#VALUE!,2022-03,U052
fc6fbf8b,holdings.office1@gmail.com,fb4521e2,0926,3/3/2022,0-435503,חשבון חשמל, ₪54.30,3/3/2022,1.1.22-26.2.22,Purchases_Images/fc6fbf8b.Cheshbonit Vendor.070633.png,,3/3/2022,,#VALUE!,2022-03,
7547c8e5,holdings.office1@gmail.com,fb4521e2,2130,3/9/2022,0-281436,חשבון חשמל, ₪78.37,3/9/2022,29.12-28.2,Purchases_Images/7547c8e5.Cheshbonit Vendor.070640.png,,9/3/2022,,#VALUE!,2022-03,U097
ded0268f,holdings.office1@gmail.com,fc46cf6f,1701,3/1/2022,3817977532,חשבון מים, ₪10.00,3/1/2022,גמר חשבון,Purchases_Files_/ded0268f.Cheshbonit Vendor.070650.pdf,,9/3/2022,,#VALUE!,2022-03,U052
,,,,,,,,,,,,,,#NUM!,,
9b9ec2a2,yuri@emmaleh.com,b3269088,2801,3/24/2022,,"Moving (Hovala) , Oven W Burners"," ₪1,470.00",3/27/2022,Oven 1340 + moving 130,Purchases_Files_/9b9ec2a2.Cheshbonit Vendor.122435.pdf,,,,#VALUE!,2022-03,U102
a422694c,yuri@emmaleh.com,b3269090,186dafa2a,4/6/2022,,OFFICE RENT," ₪1,988.42",4/6/2022,,Purchases_Files_/a422694c.Cheshbonit Vendor.065321.pdf,,,,#VALUE!,2022-04,U094
47a56913,yuri@emmaleh.com,b3269088,2610,4/11/2022,,"WM Side Door , Moving (Hovala)", ₪949.00,4/14/2022,799 + 150,Purchases_Files_/47a56913.Cheshbonit Vendor.050913.pdf,,,,#VALUE!,2022-04,U097
2f0f1641,yuri@emmaleh.com,b3269088,1922,4/17/2022,,"Moving (Hovala) , Regualr Fridge , Electric Burners"," ₪2,345.00",4/18/2022,2119.99 + 225,Purchases_Files_/2f0f1641.Cheshbonit Vendor.122415.pdf,,,,#VALUE!,2022-04,U095
4c0debec,holdings.office1@gmail.com,9a38660a,2702,1/6/2022,3452216,ארנונה, ₪658.80,1/6/2022,11-12/2021,Purchases_Files_/4c0debec.Cheshbonit Vendor.103237.80.pdf,,,,#VALUE!,2022-01,U097
3a58cc8a,holdings.office1@gmail.com,9a38660a,2047,1/6/2022,13920217,ארנונה, ₪120.30,1/6/2022,10.12-31.12,Purchases_Files_/3a58cc8a.Cheshbonit Vendor.103348.30.pdf,,,,#VALUE!,2022-01,U095
0399509d,holdings.office1@gmail.com,9a38660a,0417,1/6/2022,13921217,ארנונה, ₪144.80,1/6/2022,14.12-31.12,Purchases_Files_/0399509d.Cheshbonit Vendor.103504.80.pdf,,,,#VALUE!,2022-01,
a8aae1e2,holdings.office1@gmail.com,0596564a,2620,1/13/2022,0-895607,חשבון גז, ₪39.85,1/13/2022,21.11.21-13.1.22,Purchases_Files_/a8aae1e2.Cheshbonit Vendor.104503.85.pdf,,,,#VALUE!,2022-01,U097
f43dd6fd,holdings.office1@gmail.com,0596564a,0424,1/13/2022,0-074691,חשבון גז, ₪39.85,1/13/2022,21.11.21-13.1.22,Purchases_Files_/f43dd6fd.Cheshbonit Vendor.104628.85.pdf,,,,#VALUE!,2022-01,
3e8f5cc8,holdings.office1@gmail.com,0596564a,1706,1/13/2022,0-072215,חשבון גז, ₪39.85,1/13/2022,21.11.21-13.1.22,Purchases_Files_/3e8f5cc8.Cheshbonit Vendor.104743.85.pdf,,,,#VALUE!,2022-01,U052
f74fc1a4,holdings.office1@gmail.com,fb4521e2,0424,1/16/2022,0873141,חשבון חשמל, ₪66.96,1/16/2022,11.11.21-9.1.22,Purchases_Images/f74fc1a4.Cheshbonit Vendor.105247.png,,,,#VALUE!,2022-01,
172c5d3b,holdings.office1@gmail.com,fb4521e2,2620,1/16/2022,0955138,חשבון חשמל, ₪84.16,1/16/2022,17.11.21-10.1.22,Purchases_Images/172c5d3b.Cheshbonit Vendor.105433.png,,,,#VALUE!,2022-01,U097
33ae0afc,holdings.office1@gmail.com,fb4521e2,1706,1/16/2022,0008870,חשבון חשמל, ₪71.98,1/16/2022,8.11.21-9.1.22,Purchases_Images/33ae0afc.Cheshbonit Vendor.112801.png,,,,#VALUE!,2022-01,U052
55bedccc,holdings.office1@gmail.com,fb4521e2,2805,1/16/2022,0042846,חשבון חשמל, ₪30.48,1/16/2022,28.12.21-9.1.22,Purchases_Images/55bedccc.Cheshbonit Vendor.112932.png,,,,#VALUE!,2022-01,U102
dc50dbaf,holdings.office1@gmail.com,fb4521e2,1824,1/17/2022,0885202,חשבון חשמל, ₪48.50,1/17/2022,30.11.21-12.1.22,Purchases_Images/dc50dbaf.Cheshbonit Vendor.113059.png,,,,#VALUE!,2022-01,U052
ae902497,holdings.office1@gmail.com,fb4521e2,3204,1/19/2022,0010777,חשבון חשמל, ₪68.12,1/19/2022,17.11.21-17.1.22,Purchases_Images/ae902497.Cheshbonit Vendor.113215.png,,,,#VALUE!,2022-01,U102
0dfa9622,holdings.office1@gmail.com,fb4521e2,3246,1/19/2022,0081208,חשבון חשמל, ₪68.12,1/19/2022,17.11.21-17.1.22,Purchases_Images/0dfa9622.Cheshbonit Vendor.113407.png,,,,#VALUE!,2022-01,U102
26b6e7e4,holdings.office1@gmail.com,fb4521e2,3242,1/19/2022,0225573,חשבון חשמל, ₪50.27,1/19/2022,17.11.21-17.1.22,Purchases_Images/26b6e7e4.Cheshbonit Vendor.113609.png,,,,,2022-01,U102
b0c09c7b,holdings.office1@gmail.com,fb4521e2,3225,1/19/2022,0259598,חשבון חשמל, ₪80.27,1/19/2022,17.11.21-17.1.22,Purchases_Images/b0c09c7b.Cheshbonit Vendor.113733.png,,,,,2022-01,U102
2a7be183,holdings.office1@gmail.com,fb4521e2,2603,1/19/2022,0323519,חשבון חשמל, ₪73.18,1/19/2022,17.11.21-17.1.22,Purchases_Images/2a7be183.Cheshbonit Vendor.114039.png,,,,,2022-01,U097
2ca4eec9,holdings.office1@gmail.com,fb4521e2,3228,1/19/2022,0372581,חשבון חשמל, ₪52.31,1/19/2022,17.11.21-17.1.22,Purchases_Images/2ca4eec9.Cheshbonit Vendor.080931.png,,,,,2022-01,U102
f46f7991,holdings.office1@gmail.com,fb4521e2,2604,1/19/2022,0524090,חשבון חשמל, ₪68.12,1/19/2022,17.11.21-17.1.22,Purchases_Images/f46f7991.Cheshbonit Vendor.081036.png,,,,,2022-01,U097
9b1c36c7,holdings.office1@gmail.com,fb4521e2,2606,1/19/2022,0576371,חשבון חשמל, ₪68.12,1/19/2022,17.11.21-17.1.22,Purchases_Images/9b1c36c7.Cheshbonit Vendor.081153.png,,,,,2022-01,U097
c7a5441d,holdings.office1@gmail.com,fb4521e2,2025,1/23/2022,0281485,חשבון חשמל, ₪50.59,1/23/2022,17.11.21-18.1.22,Purchases_Images/c7a5441d.Cheshbonit Vendor.081351.png,,,,,2022-01,U095
47269725,holdings.office1@gmail.com,fb4521e2,1711,1/23/2022,0628693,חשבון חשמל, ₪77.32,1/23/2022,8.11.21-18.1.22,Purchases_Images/47269725.Cheshbonit Vendor.091826.png,,,,,2022-01,U052
a9ba5e24,holdings.office1@gmail.com,fb4521e2,1726,1/23/2022,0474551,חשבון חשמל, ₪140.76,1/23/2022,17.11.21-18.1.22,Purchases_Images/a9ba5e24.Cheshbonit Vendor.091936.png,,,,,2022-01,U052
8f5cb623,holdings.office1@gmail.com,fb4521e2,0953,1/23/2022,0502070,חשבון חשמל, ₪497.43,1/23/2022,17.11.21-18.1.22,Purchases_Images/8f5cb623.Cheshbonit Vendor.092054.png,,,,,2022-01,
c3c430ff,holdings.office1@gmail.com,fb4521e2,2023,1/23/2022,0139717,חשבון חשמל, ₪450.31,1/23/2022,17.11.21-18.1.22,Purchases_Images/c3c430ff.Cheshbonit Vendor.092156.png,,,,,2022-01,U095
e56097a2,holdings.office1@gmail.com,fb4521e2,0416,1/23/2022,0084848,חשבון חשמל, ₪76.31,1/23/2022,8.11.21-18.1.22,Purchases_Images/e56097a2.Cheshbonit Vendor.092307.png,,,,,2022-01,
e472af78,holdings.office1@gmail.com,fb4521e2,0905,1/23/2022,0214916,חשבון חשמל, ₪73.85,1/23/2022,11.11.21-18.1.22,Purchases_Images/e472af78.Cheshbonit Vendor.092437.png,,,,,2022-01,
6ba3ae38,holdings.office1@gmail.com,fb4521e2,1715,1/23/2022,0284034,חשבון חשמל, ₪50.59,1/23/2022,17.11.21-18.1.22,Purchases_Images/6ba3ae38.Cheshbonit Vendor.092546.png,,,,,2022-01,U052
d73b0082,holdings.office1@gmail.com,fb4521e2,2809,1/23/2022,0388603,חשבון חשמל, ₪117.14,1/23/2022,18.11.21-18.1.22,Purchases_Images/d73b0082.Cheshbonit Vendor.092922.png,,,,,2022-01,U102
102984b1,holdings.office1@gmail.com,fb4521e2,1903,1/23/2022,0434845,חשבון חשמל, ₪85.21,1/23/2022,11.11.21-18.1.22,Purchases_Images/102984b1.Cheshbonit Vendor.093808.png,,,,,2022-01,U094
51b6f612,holdings.office1@gmail.com,fb4521e2,2047,1/23/2022,0487785,חשבון חשמל, ₪57.18,1/23/2022,9.12.21-18.1.22,Purchases_Images/51b6f612.Cheshbonit Vendor.093927.png,,,,,2022-01,U095
7353c873,holdings.office1@gmail.com,fb4521e2,0413,1/23/2022,0521518,חשבון חשמל, ₪62.75,1/23/2022,17.11.21-18.1.22,Purchases_Images/7353c873.Cheshbonit Vendor.094844.png,,,,,2022-01,
6efe7e91,holdings.office1@gmail.com,fb4521e2,1714,1/23/2022,0554709,חשבון חשמל, ₪76.31,1/23/2022,8.11.21-18.1.22,Purchases_Images/6efe7e91.Cheshbonit Vendor.095029.png,,,,,2022-01,U052
2b8386ea,holdings.office1@gmail.com,fb4521e2,3005,1/23/2022,0586024,חשבון חשמל, ₪69.75,1/23/2022,16.11.21-18.1.22,Purchases_Images/2b8386ea.Cheshbonit Vendor.095304.png,,,,,2022-01,U102
34428eff,holdings.office1@gmail.com,fb4521e2,0443,1/23/2022,0620906,חשבון חשמל, ₪97.27,1/23/2022,0620906,Purchases_Images/34428eff.Cheshbonit Vendor.095618.png,,,,,2022-01,
1cc16caf,holdings.office1@gmail.com,fb4521e2,0914,1/23/2022,0666065,חשבון חשמל, ₪50.59,1/23/2022,17.11.21-18.1.22,Purchases_Images/1cc16caf.Cheshbonit Vendor.095859.png,,,,,2022-01,
457ed30b,holdings.office1@gmail.com,fb4521e2,1912,1/23/2022,0741157,חשבון חשמל, ₪506.54,1/23/2022,17.11.21-18.1.22,Purchases_Images/457ed30b.Cheshbonit Vendor.100011.png,,,,,2022-01,U095
347ae28e,holdings.office1@gmail.com,fb4521e2,1723,1/23/2022,0825125,חשבון חשמל, ₪395.94,1/23/2022,11.11.21-18.1.22,Purchases_Images/347ae28e.Cheshbonit Vendor.100119.png,,,,,2022-01,U052
4afd2111,holdings.office1@gmail.com,fb4521e2,3008,1/23/2022,0912568,חשבון חשמל, ₪331.57,1/23/2022,16.11.21-18.1.22,Purchases_Images/4afd2111.Cheshbonit Vendor.100244.png,,,,,2022-01,U102
f9514099,holdings.office1@gmail.com,fb4521e2,3013,1/23/2022,0954875,חשבון חשמל, ₪337.65,1/23/2022,16.11.21-18.1.22,Purchases_Images/f9514099.Cheshbonit Vendor.100358.png,,,,,2022-01,U102
f798c998,holdings.office1@gmail.com,fb4521e2,1822,1/23/2022,0334599,חשבון חשמל, ₪103.05,1/23/2022,9.11.21-18.1.22,Purchases_Images/f798c998.Cheshbonit Vendor.100805.png,,,,,2022-01,U052
13959b93,holdings.office1@gmail.com,fb4521e2,3006,1/23/2022,0513630,חשבון חשמל, ₪78.68,1/23/2022,24.10.21-18.1.22,Purchases_Images/13959b93.Cheshbonit Vendor.100933.png,,,,,2022-01,U102
eb3e548d,holdings.office1@gmail.com,fb4521e2,1729,1/23/2022,0715755,חשבון חשמל, ₪693.48,1/23/2022,17.11.21-18.1.22,Purchases_Images/eb3e548d.Cheshbonit Vendor.101043.png,,,,,2022-01,U052
557c20a5,holdings.office1@gmail.com,fb4521e2,2052,1/23/2022,0558692,חשבון חשמל, ₪68.94,1/23/2022,17.11.21-18.1.22,Purchases_Images/557c20a5.Cheshbonit Vendor.101909.png,,,,,2022-01,U095
33450843,holdings.office1@gmail.com,0596564a,0443,1/24/2022,228008301,חשבון גז, ₪44.11,1/24/2022,19.11.21-19.1.22,Purchases_Files_/33450843.Cheshbonit Vendor.102114.11.pdf,,,,,2022-01,
9d61ed70,holdings.office1@gmail.com,0596564a,1714,1/24/2022,228008308,חשבון גז, ₪44.11,1/24/2022,19.11.21-19.1.22,Purchases_Files_/9d61ed70.Cheshbonit Vendor.102210.11.pdf,,,,,2022-01,U052
3952e8e8,holdings.office1@gmail.com,0596564a,0416,1/24/2022,228008303,חשבון גז, ₪33.38,1/24/2022,19.11.21-19.1.22,Purchases_Files_/3952e8e8.Cheshbonit Vendor.102312.38.pdf,,,,,2022-01,
458a41b4,holdings.office1@gmail.com,0596564a,1726,1/24/2022,228008304,חשבון גז, ₪44.11,1/24/2022,19.11.21-19.1.22,Purchases_Files_/458a41b4.Cheshbonit Vendor.102412.11.pdf,,,,,2022-01,U052
c09b520b,holdings.office1@gmail.com,0596564a,0914,1/24/2022,228008335,חשבון גז, ₪44.11,1/24/2022,19.11.21-19.1.22,Purchases_Files_/c09b520b.Cheshbonit Vendor.102512.11.pdf,,,,,2022-01,
08d10275,holdings.office1@gmail.com,0596564a,1715,1/24/2022,228008338,חשבון גז, ₪44.11,1/24/2022,19.11.21-19.1.22,Purchases_Files_/08d10275.Cheshbonit Vendor.102606.11.pdf,,,,,2022-01,U052
ea3d5667,holdings.office1@gmail.com,0596564a,0413,1/24/2022,228008336,חשבון גז, ₪44.11,1/24/2022,19.11.21-19.1.22,Purchases_Files_/ea3d5667.Cheshbonit Vendor.102720.11.pdf,,,,,2022-01,
f0e134aa,holdings.office1@gmail.com,0596564a,0953,1/24/2022,228008333,חשבון גז, ₪157.10,1/24/2022,19.11.21-19.1.22,Purchases_Files_/f0e134aa.Cheshbonit Vendor.102823.10.pdf,,,,,2022-01,
3715a2d2,holdings.office1@gmail.com,fb4521e2,1405,1/25/2022,0163915,חשבון חשמל, ₪104.29,1/25/2022,17.11.21-18.1.22,Purchases_Images/3715a2d2.Cheshbonit Vendor.102932.png,,,,,2022-01,U052
17599eb4,holdings.office1@gmail.com,fc46cf6f,2646,1/27/2022,0369280,חשבון מים, ₪273.77,1/27/2022,תשלום מונה חדש לאחר שנגנב,Purchases_Files_/17599eb4.Cheshbonit Vendor.103247.77.pdf,,,,,2022-01,U097
b734f433,holdings.office1@gmail.com,fc46cf6f,2642,1/27/2022,0337717,חשבון מים, ₪273.77,1/27/2022,תשלום מונה חדש לאחר שנגנב,Purchases_Files_/b734f433.Cheshbonit Vendor.103519.77.pdf,,,,,2022-01,U097
2ecc6d2b,holdings.office1@gmail.com,fb4521e2,1701,2/16/2022,0159392,חשבון חשמל, ₪55.83,2/16/2022,30.12.21-12.2.22,Purchases_Images/2ecc6d2b.Cheshbonit Vendor.103751.png,,,,,2022-02,U052
fd911545,holdings.office1@gmail.com,9a38660a,2702,2/16/2022,1002218,ארנונה, ₪644.30,2/16/2022,ינואר-פברואר 2022,Purchases_Files_/fd911545.Cheshbonit Vendor.103915.30.pdf,,,,,2022-02,U097
fd448324,holdings.office1@gmail.com,9a38660a,186dafa2a,2/16/2022,999218,ארנונה," ₪5,643.80",2/16/2022,1-2.2022 תשלום ארנונה HD,Purchases_Files_/fd448324.Cheshbonit Vendor.104031.80.pdf,,,,,2022-02,U094
54fb0beb,holdings.office1@gmail.com,9a38660a,186dafa2a,2/16/2022,10001218,ארנונה," ₪3,411.30",2/16/2022,תשלום ארנונה 1-2.2022 KA,Purchases_Files_/54fb0beb.Cheshbonit Vendor.104141.30.pdf,,,,,2022-02,U094
0685ea72,holdings.office1@gmail.com,0596564a,2812,2/21/2022,118945,חשבון גז, ₪220.00,2/21/2022,תשלום עבור התקנת כיריים ותנור חדשים,Purchases_Files_/0685ea72.Cheshbonit Vendor.110030.pdf,,,,,2022-02,U102
3b6ad022,holdings.office1@gmail.com,fb4521e2,2013,2/23/2022,0622456,חשבון חשמל, ₪40.74,2/23/2022,15.1.22-19.2.22,Purchases_Images/3b6ad022.Cheshbonit Vendor.110903.png,,,,,2022-02,U095
3d9a3364,holdings.office1@gmail.com,0596564a,0926,2/24/2022,,חשבון גז, ₪500.00,2/24/2022,התקנת מונה חדש וכיריים,Purchases_Files_/3d9a3364.Cheshbonit Vendor.110956.pdf,,,,,2022-02,
a14486f7,holdings.office1@gmail.com,0596564a,3228,2/24/2022,970970,חשבון גז, ₪37.21,2/24/2022,דצמבר-ינואר,Purchases_Files_/a14486f7.Cheshbonit Vendor.113455.21.pdf,,,,,2022-02,U102
9651d012,holdings.office1@gmail.com,0596564a,3205,2/24/2022,997650,חשבון גז, ₪37.21,2/24/2022,דצמבר-ינואר,Purchases_Files_/9651d012.Cheshbonit Vendor.113635.21.pdf,,,,,2022-02,U102
663a3273,holdings.office1@gmail.com,0596564a,3204,2/24/2022,18259,חשבון גז, ₪37.21,2/24/2022,דצמבר-ינואר,Purchases_Files_/663a3273.Cheshbonit Vendor.113931.21.pdf,,,,,2022-02,U102
1bfe6c35,holdings.office1@gmail.com,0596564a,2025,2/24/2022,39040,חשבון גז, ₪37.21,2/24/2022,דצמבר-ינואר,Purchases_Files_/1bfe6c35.Cheshbonit Vendor.114040.21.pdf,,,,,2022-02,U095
b26c83ff,holdings.office1@gmail.com,fc46cf6f,2702,2/27/2022,0477331,חשבון מים, ₪252.59,2/27/2022,דצמבר-ינואר,Purchases_Files_/b26c83ff.Cheshbonit Vendor.114201.59.pdf,,,,,2022-02,U097
6f521791,holdings.office1@gmail.com,fc46cf6f,1709,2/27/2022,0459404,חשבון מים, ₪22.89,2/27/2022,דצמבר-ינואר,Purchases_Files_/6f521791.Cheshbonit Vendor.114309.89.pdf,,,,,2022-02,U052
2d044394,holdings.office1@gmail.com,fc46cf6f,186dafa2a,2/27/2022,0394775,חשבון מים," ₪1,316.24",2/27/2022,תשלום מים של כל היחידות של קרן אבירם דצמבר-ינואר,Purchases_Files_/2d044394.Cheshbonit Vendor.114549.24.pdf,,,,,2022-02,U094
5d17ef59,holdings.office1@gmail.com,0596564a,2008,2/28/2022,808758,חשבון גז, ₪13.95,2/28/2022,1.2.22-23.2.22,Purchases_Files_/5d17ef59.Cheshbonit Vendor.065130.95.pdf,,,,,2022-02,U095
cb05542a,holdings.office1@gmail.com,0596564a,2052,3/14/2022,,חשבון גז, ₪963.00,3/14/2022,התקנת מונה וחיבור חדש לגז,Purchases_Images/cb05542a.Cheshbonit Vendor.065310.jpg,,,,,2022-03,U095
f3a1b3b7,holdings.office1@gmail.com,0596564a,2052,3/14/2022,,חשבון גז, ₪220.00,3/14/2022,חיבור כיריים,Purchases_Images/f3a1b3b7.Cheshbonit Vendor.071639.jpg,,,,,2022-03,U095
e8034fa4,holdings.office1@gmail.com,0596564a,927,3/15/2022,0929505,חשבון גז, ₪61.96,3/15/2022,תשלום פיקדון לגז,Purchases_Files_/e8034fa4.Cheshbonit Vendor.071757.96.pdf,,,,,2022-03,U102
665f0aec,holdings.office1@gmail.com,fb4521e2,2812,3/15/2022,0375576,חשבון חשמל, ₪72.67,3/15/2022,25.1.22-8.3.22,Purchases_Images/665f0aec.Cheshbonit Vendor.071913.png,,,,,2022-03,U102
43b2a144,holdings.office1@gmail.com,0596564a,0905,3/15/2022,0590182,חשבון גז, ₪39.14,3/15/2022,גמר חשבון,Purchases_Files_/43b2a144.Cheshbonit Vendor.072024.14.pdf,,,,,2022-03,
57480fbd,holdings.office1@gmail.com,fb4521e2,1927,3/16/2022,534503,חשבון חשמל, ₪121.86,3/16/2022,17.11.21-15.3.22,Purchases_Files_/57480fbd.Cheshbonit Vendor.072130.86.pdf,,,,,2022-03,U095
600b7027,holdings.office1@gmail.com,fb4521e2,3208,3/16/2022,612606,חשבון חשמל, ₪109.63,3/16/2022,17.11.21-15.3.22,Purchases_Files_/600b7027.Cheshbonit Vendor.072235.63.pdf,,,,,2022-03,U102
16a4d18f,holdings.office1@gmail.com,fb4521e2,1330,3/16/2022,710616,חשבון חשמל, ₪109.63,3/16/2022,29.12.21-15.3.22,Purchases_Files_/16a4d18f.Cheshbonit Vendor.072339.63.pdf,,,,,2022-03,
4461b383,holdings.office1@gmail.com,fb4521e2,2023,3/22/2022,0427872,חשבון חשמל, ₪589.68,3/22/2022,19.1.22-15.3.22,Purchases_Images/4461b383.Cheshbonit Vendor.072437.png,,,,,2022-03,U095
bf0079a2,holdings.office1@gmail.com,fb4521e2,2809,3/22/2022,0563916,חשבון חשמל, ₪56.86,3/22/2022,19.1.22-17.3.22,Purchases_Images/bf0079a2.Cheshbonit Vendor.072535.png,,,,,2022-03,U102
b06f06af,holdings.office1@gmail.com,fb4521e2,3203,3/22/2022,0616102,חשבון חשמל, ₪67.56,3/22/2022,2.1.22-15.3.22,Purchases_Images/b06f06af.Cheshbonit Vendor.072633.png,,,,,2022-03,U102
3d56963c,holdings.office1@gmail.com,fb4521e2,1903,3/22/2022,0713024,חשבון חשמל, ₪147.64,3/22/2022,19.1.22-15.3.22,Purchases_Images/3d56963c.Cheshbonit Vendor.072738.png,,,,,2022-03,U094
f4586c13,holdings.office1@gmail.com,fb4521e2,2047,3/22/2022,0872176,חשבון חשמל, ₪55.29,3/22/2022,19.1.22-15.3.22,Purchases_Images/f4586c13.Cheshbonit Vendor.072841.png,,,,,2022-03,U095
eac8ded8,holdings.office1@gmail.com,fb4521e2,2052,3/22/2022,0915025,חשבון חשמל, ₪68.32,3/22/2022,19.1.22-15.3.22,Purchases_Images/eac8ded8.Cheshbonit Vendor.072942.png,,,,,2022-03,U095
6b4c5089,holdings.office1@gmail.com,fb4521e2,0905,3/22/2022,0978288,חשבון חשמל, ₪48.65,3/22/2022,19.1.22-14.3.22,Purchases_Images/6b4c5089.Cheshbonit Vendor.073105.png,,,,,2022-03,
275df0f7,holdings.office1@gmail.com,fb4521e2,3205,3/22/2022,0060897,חשבון חשמל, ₪81.57,3/22/2022,28.12.21-15.3.22,Purchases_Images/275df0f7.Cheshbonit Vendor.073206.png,,,,,2022-03,U102
7c9d6775,holdings.office1@gmail.com,fb4521e2,3013,3/22/2022,0170704,חשבון חשמל, ₪615.49,3/22/2022,19.1.22-17.3.22,Purchases_Images/7c9d6775.Cheshbonit Vendor.073555.png,,,,,2022-03,U102
070ee771,holdings.office1@gmail.com,fb4521e2,1729,3/22/2022,0324343,חשבון חשמל, ₪591.03,3/22/2022,19.1.22-15.3.22,Purchases_Images/070ee771.Cheshbonit Vendor.073649.png,,,,,2022-03,U052
4c65a004,holdings.office1@gmail.com,fb4521e2,2603,3/22/2022,0306514,חשבון חשמל, ₪50.29,3/22/2022,18.1.22-15.3.22,Purchases_Images/4c65a004.Cheshbonit Vendor.073744.png,,,,,2022-03,U097
6541c619,holdings.office1@gmail.com,fb4521e2,1726,3/22/2022,0327874,חשבון חשמל, ₪152.93,3/22/2022,19.1.22-15.3.22,Purchases_Images/6541c619.Cheshbonit Vendor.073842.png,,,,,2022-03,U052
dec1f54f,holdings.office1@gmail.com,fb4521e2,3008,3/22/2022,0484436,חשבון חשמל, ₪486.50,3/22/2022,19.1.22-17.3.22,Purchases_Images/dec1f54f.Cheshbonit Vendor.073942.png,,,,,2022-03,U102
668d1ac0,holdings.office1@gmail.com,fb4521e2,435,3/22/2022,0577692,חשבון חשמל, ₪55.73,3/22/2022,12.1.22-16.3.22,Purchases_Images/668d1ac0.Cheshbonit Vendor.074034.png,,,,,2022-03,U102
2a383e76,yuri@emmaleh.com,b3269088,3205,4/25/2022,,"Moving (Hovala) , Small Fridge"," ₪1,019.00",4/26/2022,899 + 120 moving,Purchases_Files_/2a383e76.Cheshbonit Vendor.082324.pdf,,,,,2022-04,U102
6ee3f03c,holdings.office1@gmail.com,fb4521e2,3004,3/22/2022,0607937,חשבון חשמל, ₪115.31,3/22/2022,28.12.21-17.3.22,Purchases_Images/6ee3f03c.Cheshbonit Vendor.074757.png,,,,,2022-03,U102
4e3553b4,holdings.office1@gmail.com,fb4521e2,1912,3/22/2022,0676536,חשבון חשמל, ₪566.87,3/22/2022,19.1.22-15.3.22,Purchases_Images/4e3553b4.Cheshbonit Vendor.074933.png,,,,,2022-03,U095
f2ca220a,holdings.office1@gmail.com,fb4521e2,0953,3/22/2022,0726612,חשבון חשמל, ₪426.25,3/22/2022,19.1.22-15.3.22,Purchases_Images/f2ca220a.Cheshbonit Vendor.075052.png,,,,,2022-03,
8b2126bb,holdings.office1@gmail.com,fb4521e2,1723,3/22/2022,0774448,חשבון חשמל, ₪697.96,3/22/2022,19.1.22-15.3.22,Purchases_Images/8b2126bb.Cheshbonit Vendor.075219.png,,,,,2022-03,U052
dea399cf,holdings.office1@gmail.com,fc46cf6f,2052,3/22/2022,0821249,חשבון מים, ₪21.12,3/22/2022,פברואר-מרץ,Purchases_Files_/dea399cf.Cheshbonit Vendor.075407.12.pdf,,,,,2022-03,U095
112138c1,holdings.office1@gmail.com,0596564a,0905,3/22/2022,10503217,חשבון גז, ₪1.43,3/23/2022,15.3.22-17.3.22,Purchases_Files_/112138c1.Cheshbonit Vendor.075546.43.pdf,,,,,2022-03,
39115cf9,holdings.office1@gmail.com,0596564a,0443,3/23/2022,10503335,חשבון גז, ₪40.56,3/23/2022,20.1.22-17.3.22,Purchases_Files_/39115cf9.Cheshbonit Vendor.080057.56.pdf,,,,,2022-03,
1e76bc34,holdings.office1@gmail.com,0596564a,0416,3/23/2022,10504901,חשבון גז, ₪33.99,3/23/2022,20.1.22-17.3.22,Purchases_Files_/1e76bc34.Cheshbonit Vendor.080925.99.pdf,,,,,2022-03,
e861590f,holdings.office1@gmail.com,0596564a,0914,3/23/2022,10505112,חשבון גז, ₪40.56,1/20/2022,20.1.22-17.3.22,Purchases_Files_/e861590f.Cheshbonit Vendor.081734.56.pdf,,,,,2022-03,
61bd4a8a,holdings.office1@gmail.com,0596564a,435,3/23/2022,10505385,חשבון גז, ₪84.27,3/23/2022,20.1.22-17.3.22,Purchases_Files_/61bd4a8a.Cheshbonit Vendor.081857.27.pdf,,,,,2022-03,U102
01e632d6,holdings.office1@gmail.com,0596564a,1726,3/23/2022,10505433,חשבון גז, ₪48.06,3/23/2022,20.1.22-17.3.22,Purchases_Files_/01e632d6.Cheshbonit Vendor.082146.06.pdf,,,,,2022-03,U052
ecfb2c14,holdings.office1@gmail.com,0596564a,1715,3/23/2022,10505513,חשבון גז, ₪40.56,3/23/2022,20.1.22-17.3.22,Purchases_Files_/ecfb2c14.Cheshbonit Vendor.090901.56.pdf,,,,,2022-03,U052
717ff051,holdings.office1@gmail.com,0596564a,0413,3/23/2022,10505635,חשבון גז, ₪40.56,3/23/2022,20.1.22-17.3.22,Purchases_Files_/717ff051.Cheshbonit Vendor.091217.56.pdf,,,,,2022-03,
99d647b3,holdings.office1@gmail.com,0596564a,0953,3/23/2022,10505871,חשבון גז, ₪156.20,3/23/2022,20.1.22-17.3.22,Purchases_Files_/99d647b3.Cheshbonit Vendor.091450.20.pdf,,,,,2022-03,
f06d9e1e,holdings.office1@gmail.com,fb4521e2,1405,3/23/2022,0304865,חשבון חשמל," ₪1,892.72",3/23/2022,17.11.21-15.3.22,Purchases_Images/f06d9e1e.Cheshbonit Vendor.091613.png,,,,,2022-03,U052
fa3636b1,holdings.office1@gmail.com,fb4521e2,0417,3/24/2022,0063461,חשבון חשמל, ₪79.52,3/24/2022,14.12.21-24.3.22,Purchases_Files_/fa3636b1.Cheshbonit Vendor.091746.52.pdf,,,,,2022-03,
ef486d1d,holdings.office1@gmail.com,fb4521e2,1709,3/27/2022,0893040,חשבון חשמל, ₪90.09,3/27/2022,10.1.22-28.2.22,Purchases_Files_/ef486d1d.Cheshbonit Vendor.091855.09.pdf,,,,,2022-03,U052
f9751944,holdings.office1@gmail.com,0596564a,1332,3/23/2022,954000937,חשבון גז, ₪250.00,3/23/2022,התקנת תנור משולב,Purchases_Files_/f9751944.Cheshbonit Vendor.092126.pdf,,,,,2022-03,U052
8a79028c,holdings.office1@gmail.com,0596564a,1822,3/31/2022,0316968,חשבון גז, ₪47.80,3/31/2022,ינואר-מרץ,Purchases_Files_/8a79028c.Cheshbonit Vendor.093909.80.pdf,,,,,2022-03,U052
324003f0,holdings.office1@gmail.com,0596564a,0905,3/31/2022,0785295,חשבון גז, ₪250.00,3/31/2022,חיבור גז,Purchases_Files_/324003f0.Cheshbonit Vendor.092704.pdf,,,,,2022-03,
9ae9750f,holdings.office1@gmail.com,fb4521e2,1822,4/5/2022,0-127100,חשבון חשמל, ₪45.25,4/5/2022,19.1-16.3,Purchases_Images/9ae9750f.Cheshbonit Vendor.093529.png,,,,,2022-04,U052
5fad7d4b,holdings.office1@gmail.com,fb4521e2,2603,4/7/2022,0-326827,חשבון חשמל, ₪24.61,4/7/2022,16.3-2.4,Purchases_Images/5fad7d4b.Cheshbonit Vendor.093628.png,,,,,2022-04,U097
0f6a1149,holdings.office1@gmail.com,fb4521e2,3004,4/10/2022,676103,חשבון חשמל, ₪7.97,4/10/2022,18.3-24.3,Purchases_Files_/0f6a1149.Cheshbonit Vendor.093726.97.pdf,,,,,2022-04,U102
73219d7a,holdings.office1@gmail.com,fb4521e2,3217,4/11/2022,0-526392,חשבון חשמל," ₪1,454.95",4/11/2022,הדייר שילם בהעברה לחשבון השקעות 900 שח מתוך החשבון,Purchases_Files_/73219d7a.Cheshbonit Vendor.094025.95.pdf,,,,,2022-04,U102
cde02648,holdings.office1@gmail.com,9a38660a,1405,4/12/2022,8226219,ארנונה, ₪638.50,4/12/2022,מרץ-אפריל,Purchases_Files_/cde02648.Cheshbonit Vendor.094131.5.pdf,,,,,2022-04,U052
7c052362,holdings.office1@gmail.com,9a38660a,2702,4/13/2022,10424218,ארנונה, ₪641.10,4/13/2022,מרץ-אפריל,Purchases_Files_/7c052362.Cheshbonit Vendor.094719.10.pdf,,,,,2022-04,U097
55320f82,holdings.office1@gmail.com,9a38660a,186dafa2a,4/13/2022,14539217,ארנונה," ₪6,596.10",4/13/2022,תשלום ארנונה מרץ-אפריל KA,Purchases_Files_/55320f82.Cheshbonit Vendor.094819.10.pdf,,,,,2022-04,U094
acf5660b,holdings.office1@gmail.com,9a38660a,186dafa2a,4/13/2022,9999218,ארנונה," ₪8,822.80",4/13/2022,תשלום ארנונה מרץ-אפריל HD,Purchases_Files_/acf5660b.Cheshbonit Vendor.095053.80.pdf,,,,,2022-04,U094
2462b0fd,holdings.office1@gmail.com,9a38660a,186dafa2a,4/13/2022,14538217,ארנונה, ₪618.00,4/13/2022,"פינוי פסולת יחידות 22,23,53,20,26,15",Purchases_Files_/2462b0fd.Cheshbonit Vendor.095256.pdf,,,,,2022-04,U094
9f6fe916,holdings.office1@gmail.com,fb4521e2,2610,4/14/2022,0-876706,חשבון חשמל, ₪30.21,4/14/2022,17.3-10.4,Purchases_Images/9f6fe916.Cheshbonit Vendor.095400.png,,,,,2022-04,U097
9035f636,holdings.office1@gmail.com,fb4521e2,1903,4/24/2022,0-348680,חשבון חשמל, ₪25.99,4/24/2022,16.3-16.4,Purchases_Images/9035f636.Cheshbonit Vendor.095505.png,,,,,2022-04,U094
4d4db393,holdings.office1@gmail.com,0596564a,0917,4/24/2022,0-423905,חשבון גז, ₪14.24,4/24/2022,1.4-24.4,Purchases_Files_/4d4db393.Cheshbonit Vendor.095556.24.pdf,,,,,2022-04,
ee8a537b,holdings.office1@gmail.com,fb4521e2,0917,4/26/2022,0-248468,חשבון חשמל, ₪27.06,4/26/2022,1.4-16.4,Purchases_Images/ee8a537b.Cheshbonit Vendor.095702.png,,,,,2022-04,
bab8d78a,holdings.office1@gmail.com,fb4521e2,1922,4/26/2022,0-373019,חשבון חשמל, ₪50.47,4/26/2022,1.2-14.4,Purchases_Images/bab8d78a.Cheshbonit Vendor.095803.png,,,,,2022-04,U095
0860cbd4,yuri@emmaleh.com,b3269088,2115,4/17/2022,,"WM Side Door , Moving (Hovala) , Electric Burners , Regualr Fridge , Toaster Oven"," ₪3,886.00",4/28/2022,,Purchases_Files_/0860cbd4.Cheshbonit Vendor.121736.pdf,,,,,2022-04,U097
9eef8340,yuri@emmaleh.com,b3269088,1903,4/11/2022,,"WM Side Door , Moving (Hovala) , Regualr Fridge"," ₪3,150.00",4/20/2022,,Purchases_Files_/9eef8340.Cheshbonit Vendor.080818.pdf,,,,,2022-04,U094
3c243c12,yuri@emmaleh.com,b3269088,1413,4/28/2022,,"Moving (Hovala) , WM Top Door"," ₪1,650.00",4/29/2022,,Purchases_Files_/3c243c12.Cheshbonit Vendor.080929.pdf,,,,,2022-04,U052
757fdb50,yuri@emmaleh.com,b3269090,186dafa2a,4/6/2022,,OFFICE RENT," ₪1,988.42",4/6/2022,,Purchases_Files_/757fdb50.Cheshbonit Vendor.081806.pdf,,,,,2022-04,U094
6340ed4c,yuri@emmaleh.com,b3269088,1927,5/22/2022,,Electric Burners, ₪305.00,5/22/2022,,Purchases_Files_/6340ed4c.Cheshbonit Vendor.073327.pdf,,,,,2022-05,U095
49f1eab0,yuri@emmaleh.com,b3269088,1428,5/15/2022,,"Moving (Hovala) , Regualr Fridge , Toaster Oven"," ₪2,496.00",5/17/2022,,Purchases_Files_/49f1eab0.Cheshbonit Vendor.073431.pdf,,,,,2022-05,U052
7625dc00,yuri@emmaleh.com,5d50e1a6,1815,5/29/2022,,"Misc , Ikea Chair , Carpet"," ₪1,133.00",5/29/2022,,Purchases_Files_/7625dc00.Cheshbonit Vendor.152553.pdf,,,,,2022-05,U052
4f5ce9b1,holdings.office1@gmail.com,fc46cf6f,186dafa2a,5/1/2022,0-520916,חשבון מים," ₪1,684.60",5/1/2022,פברואר-מרץ תשלום על השקעות דרום,Purchases_Files_/4f5ce9b1.Cheshbonit Vendor.061001.60.pdf,,,,,2022-05,U094
275a53d2,holdings.office1@gmail.com,fc46cf6f,186dafa2a,5/1/2022,0-655464,חשבון מים," ₪2,062.14",5/1/2022,פברואר-מרץ חשבון מים קרן אבירם,Purchases_Files_/275a53d2.Cheshbonit Vendor.061215.14.pdf,,,,,2022-05,U094
9017058a,holdings.office1@gmail.com,fc46cf6f,2702,5/1/2022,0-723502,חשבון מים, ₪247.53,5/1/2022,פברואר-מרץ,Purchases_Files_/9017058a.Cheshbonit Vendor.061341.53.pdf,,,,,2022-05,U097
35db9c5a,holdings.office1@gmail.com,0596564a,2038,5/8/2022,51201,חשבון גז, ₪24.30,5/8/2022,31.3.22-8.5.22,Purchases_Images/35db9c5a.Cheshbonit Vendor.061509.jpg,,,,,2022-05,U095
5d2d584a,holdings.office1@gmail.com,0596564a,3228,5/10/2022,0-719211,חשבון גז, ₪37.21,5/10/2022,פברואר-מרץ,Purchases_Files_/5d2d584a.Cheshbonit Vendor.061618.21.pdf,,,,,2022-05,U102
caa93fea,holdings.office1@gmail.com,0596564a,2060,5/10/2022,0-807255,חשבון גז, ₪44.42,5/10/2022,פברואר-מרץ,Purchases_Images/caa93fea.Cheshbonit Vendor.061730.jpg,,,,,2022-05,U097
0749181b,holdings.office1@gmail.com,0596564a,2025,5/10/2022,0-837591,חשבון גז, ₪37.21,5/10/2022,פברואר-מרץ,Purchases_Files_/0749181b.Cheshbonit Vendor.061830.21.pdf,,,,,2022-05,U095
964ff135,holdings.office1@gmail.com,0596564a,3203,5/10/2022,000-6445,חשבון גז, ₪44.66,5/10/2022,פברואר-מרץ,Purchases_Images/964ff135.Cheshbonit Vendor.061936.jpg,,,,,2022-05,U102
f2ec1b91,holdings.office1@gmail.com,0596564a,3204,5/10/2022,00-45070,חשבון גז, ₪37.21,5/10/2022,פברואר-מרץ,Purchases_Files_/f2ec1b91.Cheshbonit Vendor.062050.21.pdf,,,,,2022-05,U102
9175ef70,holdings.office1@gmail.com,0596564a,3205,5/10/2022,0-219337,חשבון גז, ₪37.21,5/10/2022,פברואר-מרץ,Purchases_Files_/9175ef70.Cheshbonit Vendor.063900.21.pdf,,,,,2022-05,U102
2721eeed,holdings.office1@gmail.com,fb4521e2,2038,5/10/2022,0-415414,חשבון חשמל, ₪71.85,5/10/2022,15.3.22-1.5.22,Purchases_Images/2721eeed.Cheshbonit Vendor.064018.png,,,,,2022-05,U095
cf24a46d,holdings.office1@gmail.com,9a38660a,186dafa2a,5/10/2022,6894022,ארנונה, ₪585.40,5/10/2022,"מרץ יחידות 33
16
80
82",Purchases_Files_/cf24a46d.Cheshbonit Vendor.064214.4.pdf,,,,,2022-05,U094
9ea67108,holdings.office1@gmail.com,9a38660a,2812,5/10/2022,6894023,ארנונה, ₪59.20,5/10/2022,מרץ,Purchases_Files_/9ea67108.Cheshbonit Vendor.064338.20.pdf,,,,,2022-05,U102
7a067d5e,holdings.office1@gmail.com,fb4521e2,3006,5/15/2022,0-279125,חשבון חשמל, ₪95.93,5/15/2022,19.1-11.5,Purchases_Images/7a067d5e.Cheshbonit Vendor.064736.png,,,,,2022-05,U102
1a0b9ceb,holdings.office1@gmail.com,fb4521e2,3005,5/15/2022,0-507632,חשבון חשמל, ₪87.36,5/15/2022,19.1-11.5,Purchases_Images/1a0b9ceb.Cheshbonit Vendor.064841.png,,,,,2022-05,U102
ea9add08,holdings.office1@gmail.com,fb4521e2,3008,5/15/2022,0-594978,חשבון חשמל, ₪225.95,5/15/2022,18.3-11.5,Purchases_Images/ea9add08.Cheshbonit Vendor.064941.png,,,,,2022-05,U102
bb44275b,holdings.office1@gmail.com,fb4521e2,3013,5/15/2022,0-649863,חשבון חשמל, ₪326.59,5/15/2022,18.3-11.5,Purchases_Images/bb44275b.Cheshbonit Vendor.065049.png,,,,,2022-05,U102
a696977c,holdings.office1@gmail.com,0596564a,2051,5/16/2022,,חשבון גז," ₪1,680.00",5/16/2022,חיבור חדש לגז,Purchases_Images/a696977c.Cheshbonit Vendor.065340.jpg,,,,,2022-05,U095
43f8d1fa,holdings.office1@gmail.com,fb4521e2,2115,5/19/2022,286518,חשבון חשמל, ₪386.77,5/19/2022,תשלום על שליחת חשמלאי לבדיקת מתקן,Purchases_Files_/43f8d1fa.Cheshbonit Vendor.065511.77.pdf,,,,,2022-05,U097
6da4d01b,holdings.office1@gmail.com,9a38660a,1903,5/19/2022,3146220,ארנונה, ₪519.80,5/19/2022,1.3.22-16.4,Purchases_Files_/6da4d01b.Cheshbonit Vendor.065758.80.pdf,,,,,2022-05,U094
bbae9682,holdings.office1@gmail.com,fb4521e2,3208,5/19/2022,0-837195,חשבון חשמל, ₪51.12,5/19/2022,16.3-17.5,Purchases_Images/bbae9682.Cheshbonit Vendor.065902.png,,,,,2022-05,U102
92d9ffc1,holdings.office1@gmail.com,fb4521e2,3225,5/19/2022,0-512772,חשבון חשמל, ₪99.60,5/19/2022,18.1-17.5,Purchases_Images/92d9ffc1.Cheshbonit Vendor.072744.png,,,,,2022-05,U102
fabf857d,holdings.office1@gmail.com,fb4521e2,3228,5/19/2022,0-541060,חשבון חשמל, ₪96.36,5/19/2022,18.1-17.5,Purchases_Images/fabf857d.Cheshbonit Vendor.072847.png,,,,,2022-05,U102
24b1fd61,holdings.office1@gmail.com,fb4521e2,3204,5/19/2022,0-570010,חשבון חשמל, ₪157.83,5/19/2022,18.1-17.5,Purchases_Images/24b1fd61.Cheshbonit Vendor.072952.png,,,,,2022-05,U102
badb4cb4,holdings.office1@gmail.com,fb4521e2,2606,5/19/2022,0-597617,חשבון חשמל, ₪92.64,5/19/2022,18.1-17.5,Purchases_Images/badb4cb4.Cheshbonit Vendor.073047.png,,,,,2022-05,U097
25ceae73,holdings.office1@gmail.com,fb4521e2,3203,5/19/2022,0-625053,חשבון חשמל, ₪51.12,5/19/2022,16.3-17.5,Purchases_Images/25ceae73.Cheshbonit Vendor.073139.png,,,,,2022-05,U102
2963b2da,holdings.office1@gmail.com,fb4521e2,3246,5/19/2022,0-654277,חשבון חשמל, ₪92.64,5/19/2022,18.1-17.5,Purchases_Images/2963b2da.Cheshbonit Vendor.073235.png,,,,,2022-05,U102
e75f13c1,holdings.office1@gmail.com,fb4521e2,3242,5/19/2022,0-731851,חשבון חשמל, ₪92.64,5/19/2022,18.1-17.5,Purchases_Images/e75f13c1.Cheshbonit Vendor.073328.png,,,,,2022-05,U102
3a83ccce,holdings.office1@gmail.com,fb4521e2,2604,5/19/2022,0-773283,חשבון חשמל, ₪92.64,5/19/2022,18.1-17.5,Purchases_Images/3a83ccce.Cheshbonit Vendor.073430.png,,,,,2022-05,U097
0dfbf8f5,holdings.office1@gmail.com,fb4521e2,3205,5/19/2022,0-806729,חשבון חשמל, ₪74.08,5/19/2022,16.3-17.5,Purchases_Images/0dfbf8f5.Cheshbonit Vendor.073559.png,,,,,2022-05,U102
8d7fe1e7,holdings.office1@gmail.com,0596564a,1405,5/22/2022,0-847160,חשבון גז, ₪142.79,5/22/2022,ינואר-מרץ,Purchases_Files_/8d7fe1e7.Cheshbonit Vendor.073705.79.pdf,,,,,2022-05,U052
6ecf2781,holdings.office1@gmail.com,fb4521e2,1330,5/23/2022,0-729756,חשבון חשמל, ₪52.78,5/23/2022,16.3-19.5,Purchases_Images/6ecf2781.Cheshbonit Vendor.073833.png,,,,,2022-05,
79b72804,holdings.office1@gmail.com,fb4521e2,1726,5/23/2022,0-760942,חשבון חשמל, ₪123.28,5/23/2022,16.3-19.5,Purchases_Images/79b72804.Cheshbonit Vendor.073931.png,,,,,2022-05,U052
1241d626,holdings.office1@gmail.com,fb4521e2,0443,5/23/2022,0-839795,חשבון חשמל, ₪90.08,5/23/2022,19.1-19.5,Purchases_Images/1241d626.Cheshbonit Vendor.074041.png,,,,,2022-05,
f98ecb5d,holdings.office1@gmail.com,fb4521e2,0413,5/23/2022,0-868927,חשבון חשמל, ₪89.01,5/23/2022,19.1-19.5,Purchases_Images/f98ecb5d.Cheshbonit Vendor.095514.png,,,,,2022-05,
d1c61b73,holdings.office1@gmail.com,fb4521e2,0914,5/23/2022,0-903518,חשבון חשמל, ₪93.48,5/23/2022,19.1-19.5,Purchases_Images/d1c61b73.Cheshbonit Vendor.095617.png,,,,,2022-05,
6c11590a,holdings.office1@gmail.com,fb4521e2,1912,5/23/2022,0-944462,חשבון חשמל, ₪66.67,5/23/2022,16.3-19.5,Purchases_Images/6c11590a.Cheshbonit Vendor.095719.png,,,,,2022-05,U095
0d7ed65d,holdings.office1@gmail.com,fb4521e2,2023,5/23/2022,0-978643,חשבון חשמל, ₪214.09,5/23/2022,16.3-19.5,Purchases_Images/0d7ed65d.Cheshbonit Vendor.095811.png,,,,,2022-05,U095
d244ce37,holdings.office1@gmail.com,fb4521e2,2047,5/23/2022,0-019521,חשבון חשמל, ₪54.91,5/23/2022,16.3-19.5,Purchases_Images/d244ce37.Cheshbonit Vendor.095907.png,,,,,2022-05,U095
fab8f395,holdings.office1@gmail.com,fb4521e2,435,5/23/2022,0-060103,חשבון חשמל, ₪51.94,5/23/2022,17.3-19.5,Purchases_Images/fab8f395.Cheshbonit Vendor.100017.png,,,,,2022-05,U102
70c419d1,holdings.office1@gmail.com,fb4521e2,1927,5/23/2022,0-160929,חשבון חשמל, ₪65.06,5/23/2022,16.3-19.5,Purchases_Images/70c419d1.Cheshbonit Vendor.100114.png,,,,,2022-05,U095
25df7aa9,holdings.office1@gmail.com,fb4521e2,1711,5/23/2022,0-227744,חשבון חשמל, ₪93.48,5/23/2022,19.1-19.5,Purchases_Images/25df7aa9.Cheshbonit Vendor.100257.png,,,,,2022-05,U052
ed5418c4,holdings.office1@gmail.com,fb4521e2,1715,5/23/2022,0-266429,חשבון חשמל, ₪93.48,5/23/2022,19.1-19.5,Purchases_Images/ed5418c4.Cheshbonit Vendor.101003.png,,,,,2022-05,U052
6573c74a,holdings.office1@gmail.com,fb4521e2,927,5/23/2022,0-324939,חשבון חשמל, ₪68.19,5/23/2022,14.3-19.5,Purchases_Images/6573c74a.Cheshbonit Vendor.101334.png,,,,,2022-05,U102
3c194563,holdings.office1@gmail.com,fb4521e2,1817,5/23/2022,0-364356,חשבון חשמל, ₪72.56,5/23/2022,10.3-19.5,Purchases_Images/3c194563.Cheshbonit Vendor.101428.png,,,,,2022-05,U052
b7cb5a2b,holdings.office1@gmail.com,fb4521e2,2060,5/23/2022,0-598821,חשבון חשמל, ₪82.40,5/23/2022,2.3-19.5,Purchases_Images/b7cb5a2b.Cheshbonit Vendor.101527.png,,,,,2022-05,U097
6702cd2c,holdings.office1@gmail.com,fb4521e2,1428,5/23/2022,0-827311,חשבון חשמל, ₪81.18,5/23/2022,8.3-19.5,Purchases_Images/6702cd2c.Cheshbonit Vendor.101628.png,,,,,2022-05,U052
f93e3b07,holdings.office1@gmail.com,fb4521e2,1729,5/23/2022,0-881326,חשבון חשמל, ₪183.64,5/23/2022,16.3-19.5,Purchases_Images/f93e3b07.Cheshbonit Vendor.101741.png,,,,,2022-05,U052
7d24366f,holdings.office1@gmail.com,fb4521e2,0953,5/23/2022,0-921361,חשבון חשמל, ₪116.86,5/23/2022,16.3-19.5,Purchases_Images/7d24366f.Cheshbonit Vendor.101919.png,,,,,2022-05,
d05deec5,holdings.office1@gmail.com,fb4521e2,0416,5/23/2022,0-988923,חשבון חשמל, ₪230.67,5/23/2022,19.1-19.5,Purchases_Images/d05deec5.Cheshbonit Vendor.102057.png,,,,,2022-05,
a7e9c7d6,holdings.office1@gmail.com,fb4521e2,1723,5/23/2022,0-026765,חשבון חשמל, ₪402.63,5/23/2022,16.3-19.5,Purchases_Images/a7e9c7d6.Cheshbonit Vendor.102731.png,,,,,2022-05,U052
3b2775f6,holdings.office1@gmail.com,0596564a,0416,5/23/2022,44880,חשבון גז, ₪44.11,5/23/2022,18.3-18.5,Purchases_Files_/3b2775f6.Cheshbonit Vendor.104840.11.pdf,,,,,2022-05,
c8ad1923,holdings.office1@gmail.com,0596564a,0914,5/23/2022,44802,חשבון גז, ₪51.27,5/23/2022,18.3-18.5,Purchases_Files_/c8ad1923.Cheshbonit Vendor.104941.27.pdf,,,,,2022-05,
62aff9b6,holdings.office1@gmail.com,0596564a,1726,5/23/2022,44716,חשבון גז, ₪79.69,5/23/2022,18.3-18.5,Purchases_Files_/62aff9b6.Cheshbonit Vendor.105046.69.pdf,,,,,2022-05,U052
3f06dc7b,holdings.office1@gmail.com,0596564a,1715,5/23/2022,44641,חשבון גז, ₪44.11,5/23/2022,18.3-18.5,Purchases_Files_/3f06dc7b.Cheshbonit Vendor.105319.11.pdf,,,,,2022-05,U052
70159153,holdings.office1@gmail.com,0596564a,435,5/23/2022,43838,חשבון גז, ₪44.11,5/23/2022,18.3-18.5,Purchases_Files_/70159153.Cheshbonit Vendor.105427.11.pdf,,,,,2022-05,U102
6bdcc394,holdings.office1@gmail.com,0596564a,0413,5/23/2022,43687,חשבון גז, ₪51.27,5/23/2022,18.3-18.5,Purchases_Files_/6bdcc394.Cheshbonit Vendor.105527.27.pdf,,,,,2022-05,
422e73c5,holdings.office1@gmail.com,0596564a,0953,5/23/2022,43515,חשבון גז, ₪52.05,5/23/2022,18.3-18.5,Purchases_Files_/422e73c5.Cheshbonit Vendor.105636.05.pdf,,,,,2022-05,
5b7f5071,holdings.office1@gmail.com,0596564a,0443,5/23/2022,59535,חשבון גז, ₪51.27,5/23/2022,18.3-18.5,Purchases_Files_/5b7f5071.Cheshbonit Vendor.105734.27.pdf,,,,,2022-05,
e5fb85c2,holdings.office1@gmail.com,fb4521e2,2025,5/24/2022,0-428136,חשבון חשמל, ₪93.48,5/24/2022,19.1-19.5,Purchases_Images/e5fb85c2.Cheshbonit Vendor.110909.png,,,,,2022-05,U095
28901273,holdings.office1@gmail.com,fb4521e2,1405,5/25/2022,0-128272,חשבון חשמל, ₪53.84,5/25/2022,16.3-19.5,Purchases_Images/28901273.Cheshbonit Vendor.111012.png,,,,,2022-05,U052
6caf2f90,holdings.office1@gmail.com,9a38660a,186dafa2a,5/26/2022,4511216,ארנונה, ₪386.30,5/26/2022,יחידו  8+47 מרץ-אפריל,Purchases_Files_/6caf2f90.Cheshbonit Vendor.111309.30.pdf,,,,,2022-05,U094
ec82e97e,holdings.office1@gmail.com,9a38660a,186dafa2a,5/26/2022,10766218,ארנונה," ₪1,592.50",5/26/2022,ארנונה קרן אבירם מרץ-אפריל,Purchases_Files_/ec82e97e.Cheshbonit Vendor.111418.5.pdf,,,,,2022-05,U094
283e81b7,holdings.office1@gmail.com,0596564a,1817,6/7/2022,11057075,חשבון גז, ₪72.81,6/7/2022,גמר חשבון,Purchases_Files_/283e81b7.Cheshbonit Vendor.111521.81.pdf,,,,,2022-06,U052
52d54d94,holdings.office1@gmail.com,9a38660a,2059,6/7/2022,903652,ארנונה, ₪247.60,6/7/2022,15.5.22-30.6.22,Purchases_Files_/52d54d94.Cheshbonit Vendor.111623.60.pdf,,,,,2022-06,U097
1b00b675,holdings.office1@gmail.com,fb4521e2,2115,6/8/2022,0-020172,חשבון חשמל, ₪201.80,6/8/2022,תיאום חשמלאי לחיבור הדירה לחשמל,Purchases_Files_/1b00b675.Cheshbonit Vendor.111736.80.pdf,,,,,2022-06,U097
450f0196,holdings.office1@gmail.com,fb4521e2,3217,6/8/2022,0-096453,חשבון חשמל," ₪1,572.54",6/8/2022,שולם כל הסכום אנחנו 600 והדייר העביר להשקעות את השאר,Purchases_Images/450f0196.Cheshbonit Vendor.111906.png,,,,,2022-06,U102
bcda1493,holdings.office1@gmail.com,fb4521e2,927,6/12/2022,0-355180,חשבון חשמל, ₪16.45,6/12/2022,20.5-30.5,Purchases_Images/bcda1493.Cheshbonit Vendor.064412.png,,,,,2022-06,U102
b0196176,holdings.office1@gmail.com,0596564a,927,6/9/2022,0-990431,חשבון גז, ₪339.26,6/9/2022,תשלום גז 13.3-1.6 + ביקור טכנאי,Purchases_Files_/b0196176.Cheshbonit Vendor.064600.26.pdf,,,,,2022-06,U102
f367b4a4,holdings.office1@gmail.com,9a38660a,2702,6/12/2022,424224,ארנונה, ₪646.70,6/12/2022,5-6/2022,Purchases_Files_/f367b4a4.Cheshbonit Vendor.072351.70.pdf,,,,,2022-06,U097
fbaea6eb,holdings.office1@gmail.com,0596564a,927,6/12/2022,0-549147,חשבון גז, ₪290.00,6/12/2022,התקנת כיריים ותנור משולב,Purchases_Files_/fbaea6eb.Cheshbonit Vendor.105624.pdf,,,,,2022-06,U102
9581e7bd,holdings.office1@gmail.com,fb4521e2,1428,6/13/2022,0-893305,חשבון חשמל, ₪50.86,6/13/2022,20.5-31.5,Purchases_Images/9581e7bd.Cheshbonit Vendor.053254.png,,,,,2022-06,U052
0cdf5970,yuri@emmaleh.com,b3269088,927,6/1/2022,,"Oven W Burners , WM Side Door , Moving (Hovala)"," ₪1,848.00",6/2/2022,,Purchases_Files_/0cdf5970.Cheshbonit Vendor.121529.pdf,,,,,2022-06,U102
834f066a,yuri@emmaleh.com,b3269088,2052,6/14/2022,,"Moving (Hovala) , Regualr Fridge"," ₪2,151.00",6/15/2022,,Purchases_Files_/834f066a.Cheshbonit Vendor.121637.pdf,,,,,2022-06,U095
e124e11f,yuri@emmaleh.com,b3269090,186dafa2a,6/7/2022,,OFFICE RENT," ₪2,243.58",,,Purchases_Files_/e124e11f.Cheshbonit Vendor.122052.pdf,,,,,2022-06,U094
1aa42be7,yuri@emmaleh.com,b3269088,1909,6/19/2022,,"WM Side Door , Moving (Hovala)", ₪949.00,,,Purchases_Files_/1aa42be7.Cheshbonit Vendor.083211.pdf,,,,,2022-06,U094
9cbac3ef,holdings.office1@gmail.com,9a38660a,186dafa2a,6/12/2022,6878253,ארנונה," ₪8,943.60",6/12/2022,תשלום ארנונה מאי -יוני השקעות דרום,Purchases_Files_/9cbac3ef.Cheshbonit Vendor.114945.6.pdf,,,,,2022-06,U094
9e36f5cc,holdings.office1@gmail.com,9a38660a,186dafa2a,6/12/2022,6878252,ארנונה," ₪9,607.80",6/12/2022,מאי-יוני קרן אבירם,Purchases_Files_/9e36f5cc.Cheshbonit Vendor.115147.8.pdf,,,,,2022-06,U094
969fffc7,holdings.office1@gmail.com,fc46cf6f,1817,6/8/2022,0-208801,חשבון מים, ₪31.48,6/8/2022,4-5.22,Purchases_Files_/969fffc7.Cheshbonit Vendor.124014.48.pdf,,,,,2022-06,U052
5079a59a,holdings.office1@gmail.com,fb4521e2,1721,6/23/2022,0-449876,חשבון חשמל, ₪18.65,6/23/2022,2.6-14.6,Purchases_Images/5079a59a.Cheshbonit Vendor.061402.png,,,,,2022-06,U052
7d29ad3a,holdings.office1@gmail.com,0596564a,2060,6/22/2022,176065,חשבון גז, ₪37.21,6/22/2022,4-5.2022,Purchases_Images/7d29ad3a.Cheshbonit Vendor.114452.jpg,,,,,2022-06,U097
1d662d7c,holdings.office1@gmail.com,0596564a,2025,6/22/2022,209916,חשבון גז, ₪37.21,6/22/2022,4-5.2022,Purchases_Images/1d662d7c.Cheshbonit Vendor.114652.jpg,,,,,2022-06,U095
049aaf0d,holdings.office1@gmail.com,0596564a,2025,6/22/2022,220566,חשבון גז, ₪37.21,6/22/2022,4-5.2022,Purchases_Images/049aaf0d.Cheshbonit Vendor.114818.jpg,,,,,2022-06,U095
e781d6be,holdings.office1@gmail.com,0596564a,3205,6/22/2022,240051,חשבון גז, ₪44.44,6/22/2022,4-5.2022,Purchases_Images/e781d6be.Cheshbonit Vendor.114951.jpg,,,,,2022-06,U102
32107b1a,holdings.office1@gmail.com,0596564a,3204,6/22/2022,249151,חשבון גז, ₪37.21,6/22/2022,4-5.2022,Purchases_Images/32107b1a.Cheshbonit Vendor.115110.jpg,,,,,2022-06,U102
29d16a69,holdings.office1@gmail.com,0596564a,3203,6/22/2022,262709,חשבון גז, ₪37.21,6/22/2022,4-5.2022,Purchases_Images/29d16a69.Cheshbonit Vendor.115242.jpg,,,,,2022-06,U102
50f15897,holdings.office1@gmail.com,2564d3f5,186dafa2a,6/26/2022,,INTERNET, ₪376.60,,5-6,Purchases_Files_/50f15897.Cheshbonit Vendor.064429.60.pdf,,,,,2022-06,U094
10c262e9,yuri@emmaleh.com,b3269088,1909,5/30/2022,,"Moving (Hovala) , WM Top Door"," ₪1,500.00",6/2/2022,,Purchases_Files_/10c262e9.Cheshbonit Vendor.092350.pdf,,,,,2022-05,U094
36d04305,holdings.office1@gmail.com,fc46cf6f,2115,6/22/2022,0-289918,חשבון מים, ₪54.81,6/22/2022,13.4-16.6,Purchases_Files_/36d04305.Cheshbonit Vendor.121116.81.pdf,,,,,2022-06,U097
ef9dede3,holdings.office1@gmail.com,fb4521e2,2642,7/4/2022,0523548,חשבון חשמל, ₪286.78,7/4/2022,16.3-19.6,Purchases_Images/ef9dede3.Cheshbonit Vendor.070710.jpg,,,,,2022-07,U097
e3747f2e,yuri@emmaleh.com,5d50e1a6,3226,7/3/2022,,"Study Table , Ikea Closet , Moving (Hovala)"," ₪1,690.00",7/5/2022,,Purchases_Files_/e3747f2e.Cheshbonit Vendor.074414.pdf,,,,,2022-07,U102
3a43e751,yuri@emmaleh.com,b3269088,1927,6/9/2022,,"WM Side Door , Moving (Hovala)", ₪979.00,6/10/2022,,Purchases_Files_/3a43e751.Cheshbonit Vendor.095449.pdf,,,,,2022-06,U095
35f79aa2,yuri@emmaleh.com,a7eb5543,186dafa2a,6/23/2022,,Office Safe for Checks, ₪200.00,6/23/2022,,Purchases_Files_/35f79aa2.Cheshbonit Vendor.095739.pdf,,,,,2022-06,U094
aebc7405,holdings.office1@gmail.com,fb4521e2,3226,7/6/2022,0130096,חשבון חשמל, ₪52.90,7/6/2022,1.6-29.6,Purchases_Images/aebc7405.Cheshbonit Vendor.070336.png,,,,,2022-07,U102
b86a56dd,holdings.office1@gmail.com,0596564a,3226,7/3/2022,,חשבון גז, ₪22.25,7/3/2022,גמר חשבון,Purchases_Images/b86a56dd.Cheshbonit Vendor.070620.jpg,,,,,2022-07,U102
96f588ca,holdings.office1@gmail.com,fc46cf6f,2702,6/30/2022,,חשבון מים, ₪271.88,6/30/2022,4-5/2022,Purchases_Files_/96f588ca.Cheshbonit Vendor.070814.88.pdf,,,,,2022-06,U097
041527ec,holdings.office1@gmail.com,0596564a,2052,5/26/2022,,חשבון גז, ₪29.85,5/26/2022,,Purchases_Images/041527ec.Cheshbonit Vendor.073310.jpg,,,,,2022-05,U095
36d695a7,holdings.office1@gmail.com,0596564a,2642,7/6/2022,0971374,חשבון גז, ₪177.51,7/6/2022,1.1.22-30.6.22 באישור בטי שולם במקום דייר שעזב,Purchases_Files_/36d695a7.Cheshbonit Vendor.074932.51.pdf,,,,,2022-07,U097
13f5d53d,holdings.office1@gmail.com,0596564a,2031,7/6/2022,507864,חשבון גז, ₪70.89,7/6/2022,1.4-30.6 שולם במקום הדייר שעזב באישור  בטי,Purchases_Images/13f5d53d.Cheshbonit Vendor.092359.jpg,,,,,2022-07,U095
45ede898,yuri@emmaleh.com,b3269090,186dafa2a,7/6/2022,,OFFICE RENT," ₪2,048.07",,,Purchases_Files_/45ede898.Cheshbonit Vendor.054430.pdf,,,,,2022-07,U094
ce118fc1,holdings.office1@gmail.com,fc46cf6f,1f59ee08d,6/28/2022,0-663484,חשבון מים," ₪1,530.93",6/28/2022,מים 4-5 השקעות דרום,Purchases_Files_/ce118fc1.Cheshbonit Vendor.065801.93.pdf,,,,,2022-06,U095
a78c7ca8,yuri@emmaleh.com,5d50e1a6,1836,7/8/2022,,"Big Couch , Misc , Ikea Chair , Carpet , Dining table , Chairs for dining table"," ₪3,313.00",7/10/2022,,Purchases_Files_/a78c7ca8.Cheshbonit Vendor.063516.pdf,,,,,2022-07,U052
6f08ef05,yuri@emmaleh.com,5d50e1a6,1836,7/9/2022,,Moving (Hovala), ₪250.00,7/10/2022,,Purchases_Files_/6f08ef05.Cheshbonit Vendor.063552.pdf,,,,,2022-07,U052
1e36b76c,holdings.office1@gmail.com,0596564a,1922,7/10/2022,0424762,חשבון גז, ₪85.62,7/10/2022,פברואר-מאי 2022,Purchases_Files_/1e36b76c.Cheshbonit Vendor.070315.62.pdf,,,,,2022-07,U095
38aa8e27,holdings.office1@gmail.com,0596564a,1711,7/10/2022,0493379,חשבון גז, ₪84.67,7/10/2022,ינואר-מאי 2022,Purchases_Files_/38aa8e27.Cheshbonit Vendor.070422.67.pdf,,,,,2022-07,U052
cc2e63c5,holdings.office1@gmail.com,0596564a,1405,7/10/2022,0593566,חשבון גז, ₪156.02,7/10/2022,אפריל-מאי 2022,Purchases_Files_/cc2e63c5.Cheshbonit Vendor.070557.02.pdf,,,,,2022-07,U052
a4f4ea72,yuri@emmaleh.com,5d50e1a6,3204,7/12/2022,,"Misc , Ikea Chair , Carpet , Dining table , Chairs for dining table"," ₪3,015.00",7/27/2022,,Purchases_Files_/a4f4ea72.Cheshbonit Vendor.062408.pdf,,,,,2022-07,U102
00b5a0e2,yuri@emmaleh.com,5d50e1a6,3204,7/12/2022,,Moving (Hovala), ₪508.00,7/27/2022,,Purchases_Files_/00b5a0e2.Cheshbonit Vendor.062441.pdf,,,,,2022-07,U102
c5cbdcf5,holdings.office1@gmail.com,fb4521e2,2059,7/13/2022,0-509679,חשבון חשמל, ₪285.02,7/13/2022,23.5-11.7,Purchases_Images/c5cbdcf5.Cheshbonit Vendor.080046.png,,,,,2022-07,U097
64f5cfba,holdings.office1@gmail.com,fb4521e2,2023,7/13/2022,0-969212,חשבון חשמל, ₪232.82,7/13/2022,20.5-11.7,Purchases_Images/64f5cfba.Cheshbonit Vendor.080156.png,,,,,2022-07,U095
a8a6db34,holdings.office1@gmail.com,fb4521e2,2809,7/13/2022,0-115725,חשבון חשמל, ₪155.37,7/13/2022,12.5-11.7 + חיוב קודם,Purchases_Images/a8a6db34.Cheshbonit Vendor.080301.png,,,,,2022-07,U102
7457af76,holdings.office1@gmail.com,fb4521e2,3008,7/13/2022,0-235325,חשבון חשמל, ₪286.17,7/13/2022,12.5-11.7,Purchases_Images/7457af76.Cheshbonit Vendor.080401.png,,,,,2022-07,U102
080c6ba2,holdings.office1@gmail.com,fb4521e2,1405,7/13/2022,0-352088,חשבון חשמל, ₪908.25,7/13/2022,16.3-11.7,Purchases_Images/080c6ba2.Cheshbonit Vendor.080545.png,,,,,2022-07,U052
6b6300c2,holdings.office1@gmail.com,fb4521e2,2120,7/13/2022,0-574624,חשבון חשמל, ₪122.66,7/13/2022,13.5-11.7,Purchases_Images/6b6300c2.Cheshbonit Vendor.080645.png,,,,,2022-07,U097
b5eb230e,holdings.office1@gmail.com,fb4521e2,3013,7/13/2022,0-816967,חשבון חשמל, ₪414.77,7/13/2022,12.5-11.7,Purchases_Images/b5eb230e.Cheshbonit Vendor.080750.png,,,,,2022-07,U102
ab686b5e,holdings.office1@gmail.com,fb4521e2,1912,7/20/2022,0-081901,חשבון חשמל, ₪337.26,7/20/2022,20.5-11.7,Purchases_Images/ab686b5e.Cheshbonit Vendor.063054.png,,,,,2022-07,U095
316cddb4,holdings.office1@gmail.com,fb4521e2,0454,7/18/2022,0695296,חשבון חשמל, ₪96.49,7/18/2022,12.5-13.7,Purchases_Images/316cddb4.Cheshbonit Vendor.054851.png,,,,,2022-07,
21451fc0,holdings.office1@gmail.com,fb4521e2,3222,7/18/2022,0861443,חשבון חשמל, ₪53.74,7/18/2022,19.5-13.7,Purchases_Images/21451fc0.Cheshbonit Vendor.055039.png,,,,,2022-07,U102
1381abd2,holdings.office1@gmail.com,fb4521e2,3203,7/18/2022,0923383,חשבון חשמל, ₪70.81,7/18/2022,18.5-13.7,Purchases_Images/1381abd2.Cheshbonit Vendor.055156.png,,,,,2022-07,U102
e6210176,holdings.office1@gmail.com,fb4521e2,3205,7/18/2022,0291229,חשבון חשמל, ₪228.27,7/18/2022,18.5-13.7,Purchases_Images/e6210176.Cheshbonit Vendor.055313.png,,,,,2022-07,U102
6fa3ae3f,holdings.office1@gmail.com,fb4521e2,1723,7/18/2022,0127027,חשבון חשמל, ₪413.16,7/18/2022,20.5-12.7,Purchases_Images/6fa3ae3f.Cheshbonit Vendor.055452.png,,,,,2022-07,U052
f53476b1,holdings.office1@gmail.com,fb4521e2,0953,7/18/2022,0178145,חשבון חשמל, ₪86.70,7/18/2022,20.5-12.7,Purchases_Images/f53476b1.Cheshbonit Vendor.055635.png,,,,,2022-07,
1accd437,holdings.office1@gmail.com,fb4521e2,1729,7/18/2022,0279935,חשבון חשמל, ₪133.40,7/18/2022,20.5-12.7,Purchases_Images/1accd437.Cheshbonit Vendor.055744.png,,,,,2022-07,U052
532cfd17,holdings.office1@gmail.com,fb4521e2,1726,7/18/2022,0577718,חשבון חשמל, ₪109.25,7/18/2022,20.5-12.7,Purchases_Images/532cfd17.Cheshbonit Vendor.055848.png,,,,,2022-07,U052
0c2e5d49,holdings.office1@gmail.com,fc46cf6f,19d33d794,6/30/2022,0-699983,חשבון מים," ₪1,655.85",6/30/2022,4-5 מים קרן אבירם,Purchases_Files_/0c2e5d49.Cheshbonit Vendor.060149.85.pdf,,,,,2022-06,U095
021a11b6,holdings.office1@gmail.com,0596564a,1726,7/24/2022,0337576,חשבון גז, ₪101.39,7/24/2022,19.5-19.7,Purchases_Files_/021a11b6.Cheshbonit Vendor.082736.39.pdf,,,,,2022-07,U052
0b7e69da,holdings.office1@gmail.com,0596564a,0443,7/24/2022,0-694273,חשבון גז, ₪51.27,7/24/2022,19.5-19.7,Purchases_Files_/0b7e69da.Cheshbonit Vendor.095359.27.pdf,,,,,2022-07,
c3835200,holdings.office1@gmail.com,0596564a,0416,7/24/2022,0-729822,חשבון גז, ₪44.11,7/24/2022,19.5-19.7,Purchases_Files_/c3835200.Cheshbonit Vendor.095510.11.pdf,,,,,2022-07,
e5c87a6a,holdings.office1@gmail.com,0596564a,2642,7/24/2022,0-413146,חשבון גז, ₪15.73,7/24/2022,30.6-19.7,Purchases_Files_/e5c87a6a.Cheshbonit Vendor.095605.73.pdf,,,,,2022-07,U097
da0e0073,holdings.office1@gmail.com,0596564a,0914,7/24/2022,0-456095,חשבון גז, ₪51.27,7/24/2022,19.5-19.7,Purchases_Files_/da0e0073.Cheshbonit Vendor.095704.27.pdf,,,,,2022-07,
7d7e3267,holdings.office1@gmail.com,0596564a,1715,7/24/2022,0-492983,חשבון גז, ₪44.11,7/24/2022,19.5-19.7,Purchases_Files_/7d7e3267.Cheshbonit Vendor.095824.11.pdf,,,,,2022-07,U052
a1c6998b,holdings.office1@gmail.com,0596564a,435,4/25/2022,0-529008,חשבון גז, ₪44.11,7/24/2022,19.5-19.7,Purchases_Files_/a1c6998b.Cheshbonit Vendor.095946.11.pdf,,,,,2022-04,U102
9b0f5a20,holdings.office1@gmail.com,0596564a,0953,7/24/2022,0-571471,חשבון גז, ₪51.27,7/24/2022,19.5-19.7,Purchases_Files_/9b0f5a20.Cheshbonit Vendor.100054.27.pdf,,,,,2022-07,
6a102321,holdings.office1@gmail.com,0596564a,0413,7/24/2021,0-612127,חשבון גז, ₪51.27,7/24/2022,19.5-19.7,Purchases_Files_/6a102321.Cheshbonit Vendor.100209.27.pdf,,,,,2021-07,
742a4b6a,holdings.office1@gmail.com,fb4521e2,0914,7/25/2022,0723940,חשבון חשמל, ₪39.98,7/25/2022,20.5-13.7,Purchases_Images/742a4b6a.Cheshbonit Vendor.062811.png,,,,,2022-07,
6ce90ee3,holdings.office1@gmail.com,fb4521e2,1308,7/25/2022,0-899286,חשבון חשמל, ₪77.15,7/25/2022,13.4-12.7,Purchases_Images/6ce90ee3.Cheshbonit Vendor.062950.png,,,,,2022-07,
9b4e61c9,holdings.office1@gmail.com,fb4521e2,3237,7/25/2022,0-952598,חשבון חשמל, ₪39.37,7/25/2022,30.6-18.7,Purchases_Images/9b4e61c9.Cheshbonit Vendor.063050.png,,,,,2022-07,U102
d6d6044b,holdings.office1@gmail.com,2564d3f5,1405,7/26/2022,,INTERNET, ₪198.26,7/26/2022,,Purchases_Files_/d6d6044b.Cheshbonit Vendor.062841.7.pdf,,,,,2022-07,U052
92f30135,holdings.office1@gmail.com,fb4521e2,3204,7/21/2022,0-774787,חשבון חשמל, ₪89.19,7/21/2022,18.5-13.7,Purchases_Files_/92f30135.Cheshbonit Vendor.093107.19.pdf,,,,,2022-07,U102
e9a68c5b,holdings.office1@gmail.com,0596564a,0454,7/27/2022,0699629,חשבון גז, ₪53.76,7/27/2022,19.5-19.7,Purchases_Files_/e9a68c5b.Cheshbonit Vendor.093216.76.pdf,,,,,2022-07,
af594e98,yuri@emmaleh.com,b3269088,0914,7/18/2022,,"WM Side Door , Moving (Hovala)"," ₪1,078.00",7/28/2022,,Purchases_Files_/af594e98.Cheshbonit Vendor.055237.pdf,,,,,2022-07,
d0a6b18a,yuri@emmaleh.com,d0def56f,186dafa2a,7/26/2022,,Misc, ₪29.00,,,Purchases_Files_/d0a6b18a.Cheshbonit Vendor.064945.pdf,,,,,2022-07,U094
f319d33c,holdings.office1@gmail.com,fb4521e2,2642,8/7/2022,0767830,חשבון חשמל, ₪51.14,8/7/2022,20.6-30.7,Purchases_Images/f319d33c.Cheshbonit Vendor.053803.png,,,,,2022-08,U097
3fdda2e3,yuri@emmaleh.com,b3269088,3203,7/31/2022,,"Oven W Burners , Moving (Hovala)", ₪960.00,8/2/2022,,Purchases_Files_/3fdda2e3.Cheshbonit Vendor.081828.pdf,,,,,2022-07,U102
768aea44,yuri@emmaleh.com,b3269090,186dafa2a,8/7/2022,August 2022 Rent,OFFICE RENT," ₪2,051.35",,,Purchases_Files_/768aea44.Cheshbonit Vendor.113521.pdf,,,,,2022-08,U094
247dfa55,holdings.office1@gmail.com,9a38660a,1f59ee08d,8/14/2022,6884080,ארנונה," ₪9,255.60",8/14/2022,ארנונה 7-8/2022,Purchases_Files_/247dfa55.Cheshbonit Vendor.090804.60.pdf,,,,,2022-08,U095
f672d2f8,holdings.office1@gmail.com,0596564a,0935,8/10/2022,50088,חשבון גז, ₪290.00,8/10/2022,התקנת כיריים,Purchases_Files_/f672d2f8.Cheshbonit Vendor.090858.pdf,,,,,2022-08,
7b7388f4,holdings.office1@gmail.com,9a38660a,3010,8/14/2022,6884081,ארנונה," ₪10,040.40",8/14/2022,7-8/2022 ארנונה קרן אבירם,Purchases_Files_/7b7388f4.Cheshbonit Vendor.091023.40.pdf,,,,,2022-08,U102
edb9059b,holdings.office1@gmail.com,fb4521e2,3217,8/15/2022,0927806,חשבון חשמל," ₪2,026.67",8/15/2022,18.5-13.7 הדייר שילם 1435 בהעברה לחשבון של השקעות,Purchases_Images/edb9059b.Cheshbonit Vendor.094110.png,,,,,2022-08,U102
30aff067,holdings.office1@gmail.com,0596564a,3203,8/15/2022,466219,חשבון גז, ₪220.00,8/15/2022,חיבור כיריים,Purchases_Images/30aff067.Cheshbonit Vendor.083231.jpg,,,,,2022-08,U102
acf5801f,yuri@emmaleh.com,dafe39c7,186dafa2a,8/16/2022,,Website Privacy Policy, ₪936.00,8/16/2022,,Purchases_Files_/acf5801f.Cheshbonit Vendor.134234.pdf,,,,,2022-08,U094
642d26aa,holdings.office1@gmail.com,0596564a,2060,8/16/2022,508760,חשבון גז, ₪37.21,8/16/2022,6-7/2022,Purchases_Images/642d26aa.Cheshbonit Vendor.080517.jpg,,,,,2022-08,U097
204fc0be,holdings.office1@gmail.com,0596564a,2025,8/16/2022,508762,חשבון גז, ₪37.21,8/16/2022,6-7/2022,Purchases_Images/204fc0be.Cheshbonit Vendor.080933.jpg,,,,,2022-08,U095
8e65df2a,holdings.office1@gmail.com,0596564a,3228,8/16/2022,508763,חשבון גז, ₪37.21,8/16/2022,6-7/2022,Purchases_Images/8e65df2a.Cheshbonit Vendor.081133.jpg,,,,,2022-08,U102
5a6ed386,holdings.office1@gmail.com,0596564a,3205,8/16/2022,508764,חשבון גז, ₪37.21,8/16/2022,6-7/2022,Purchases_Images/5a6ed386.Cheshbonit Vendor.081310.jpg,,,,,2022-08,U102
6a7f0bad,holdings.office1@gmail.com,0596564a,3204,8/16/2022,508765,חשבון גז, ₪37.21,8/16/2022,6-7/2022,Purchases_Images/6a7f0bad.Cheshbonit Vendor.083041.jpg,,,,,2022-08,U102
1f7c30ea,holdings.office1@gmail.com,0596564a,3203,8/16/2022,508766,חשבון גז, ₪40.82,8/16/2022,6-7/2022,Purchases_Images/1f7c30ea.Cheshbonit Vendor.083144.jpg,,,,,2022-08,U102
f0bec803,holdings.office1@gmail.com,9a38660a,2102,8/17/2022,15832217,ארנונה," ₪2,562.80",8/17/2022,8.20-8.21 שולם באישור בטי,Purchases_Files_/f0bec803.Cheshbonit Vendor.083339.80.pdf,,,,,2022-08,U097
a2ab4661,yuri@emmaleh.com,b3269088,2701,8/11/2022,,"Oven W Burners , Moving (Hovala)"," ₪1,491.00",8/14/2022,,Purchases_Images/a2ab4661.Cheshbonit Vendor.083314.jpg,,,,,2022-08,U097
73c926ce,yuri@emmaleh.com,5d50e1a6,1330,8/19/2022,,"Misc , Carpet , Dining table , Chairs for dining table"," ₪1,616.00",8/19/2022,,Purchases_Files_/73c926ce.Cheshbonit Vendor.083448.pdf,,,,,2022-08,
320d1f6e,yuri@emmaleh.com,b3269088,0935,8/9/2022,,"Oven W Burners , Moving (Hovala)", ₪959.00,8/17/2022,,Purchases_Files_/320d1f6e.Cheshbonit Vendor.095506.pdf,,,,,2022-08,
b0116801,holdings.office1@gmail.com,9a38660a,2102,8/17/2022,15832217,ארנונה," ₪2,562.80",8/17/2022,8.20-8.21 שולם באישור בטי,Purchases_Files_/b0116801.Cheshbonit Vendor.061704.80.pdf,,,,,2022-08,U097
b749faa5,holdings.office1@gmail.com,fc46cf6f,3202,8/21/2022,0-693200,חשבון מים, ₪336.00,8/21/2022,12-1.2020,Purchases_Files_/b749faa5.Cheshbonit Vendor.061835.pdf,,,,,2022-08,U102
f00e4eaa,holdings.office1@gmail.com,2564d3f5,1405,8/28/2022,,INTERNET, ₪129.00,8/28/2022,26.7-25.8,Purchases_Files_/f00e4eaa.Cheshbonit Vendor.062109.8 אינטרנט.pdf,,,,,2022-08,U052
7064f4c8,holdings.office1@gmail.com,fb4521e2,2626,8/28/2022,,חשבון חשמל, ₪25.09,8/28/2022,9.8-28.8,Purchases_Files_/7064f4c8.Cheshbonit Vendor.062207.09.pdf,,,,,2022-08,U097
923c82cd,holdings.office1@gmail.com,0596564a,2047,8/28/2022,,חשבון גז," ₪1,070.00",8/28/2022,התקנת מונה חדש+ כיריים,Purchases_Files_/923c82cd.Cheshbonit Vendor.062303.pdf,,,,,2022-08,U095
7f58ea7b,holdings.office1@gmail.com,fb4521e2,3203,9/5/2022,0-412155,חשבון חשמל, ₪76.53,9/5/2022,14.7-30.8,Purchases_Images/7f58ea7b.Cheshbonit Vendor.062415.png,,,,,2022-09,U102
4fb96882,holdings.office1@gmail.com,fb4521e2,1711,9/5/2022,0-482190,חשבון חשמל, ₪80.36,9/5/2022,20.5-30.8,Purchases_Images/4fb96882.Cheshbonit Vendor.062517.png,,,,,2022-09,U052
12f4b10e,yuri@emmaleh.com,b3269088,1711,8/17/2022,,"Moving (Hovala) , Regualr Fridge"," ₪1,970.00",9/6/2022,,Purchases_Files_/12f4b10e.Cheshbonit Vendor.065421.pdf,,,,,2022-08,U052
52fcd5c4,holdings.office1@gmail.com,0596564a,2060,9/5/2022,,חשבון גז, ₪220.00,9/5/2022,התקנת כיריים,Purchases_Images/52fcd5c4.Cheshbonit Vendor.070037.jpg,,,,,2022-09,U097
618e8c54,holdings.office1@gmail.com,fb4521e2,1726,9/6/2022,0-801142,חשבון חשמל, ₪136.93,9/6/2022,13.7-1.9,Purchases_Images/618e8c54.Cheshbonit Vendor.085340.png,,,,,2022-09,U052
d698d8d4,holdings.office1@gmail.com,fb4521e2,3237,9/7/2022,0-573329,חשבון חשמל, ₪73.80,9/7/2022,24.7-30.8,Purchases_Images/d698d8d4.Cheshbonit Vendor.054522.png,,,,,2022-09,U102
4e55860b,yuri@emmaleh.com,b3269090,186dafa2a,9/6/2022,,OFFICE RENT," ₪2,092.30",,Office rent September 2022,Purchases_Files_/4e55860b.Cheshbonit Vendor.074038.pdf,,,,,2022-09,U094
78b4b72c,yuri@emmaleh.com,b3269088,3204,8/31/2022,,"Oven W Burners , Moving (Hovala) , Electric Burners , Regualr Fridge"," ₪3,715.00",9/9/2022,,Purchases_Files_/78b4b72c.Cheshbonit Vendor.083714.pdf,,,,,2022-08,U102
cee942be,yuri@emmaleh.com,2575a173,1930,9/21/2022,,Couch Covers, ₪248.00,9/21/2022,,Purchases_Files_/cee942be.Cheshbonit Vendor.080035.pdf,,,,,2022-09,U095
8b776c15,yuri@emmaleh.com,0595308a,1807,9/19/2022,,Bathroom Canibet, ₪224.00,,,Purchases_Files_/8b776c15.Cheshbonit Vendor.080222.pdf,,,,,2022-09,U052
44f1fdab,yuri@emmaleh.com,b3269090,186dafa2a,10/6/2022,,OFFICE RENT," ₪2,048.07",10/6/2022,,Purchases_Files_/44f1fdab.Cheshbonit Vendor.064718.pdf,,,,,2022-10,U094
d3b160ab,yuri@emmaleh.com,b3269088,0921,9/15/2022,,"WM Side Door , Moving (Hovala) , Regualr Fridge"," ₪3,330.00",9/18/2022,,Purchases_Files_/d3b160ab.Cheshbonit Vendor.083103.pdf,,,,,2022-09,
a120810e,yuri@emmaleh.com,b3269088,0939,9/15/2022,,"Oven W Burners , WM Side Door , Moving (Hovala)"," ₪2,410.00",9/18/2022,,Purchases_Files_/a120810e.Cheshbonit Vendor.083209.pdf,,,,,2022-09,
10c2901c,yuri@emmaleh.com,b3269088,1428,9/4/2022,,"Moving (Hovala) , Electric Burners , Toaster Oven"," ₪1,439.00",9/18/2022,,Purchases_Files_/10c2901c.Cheshbonit Vendor.083325.pdf,,,,,2022-09,U052
42100389,holdings.office1@gmail.com,0596564a,3203,9/7/2022,617886,חשבון גז, ₪27.20,9/7/2022,תשלום גז על חודש אוגסט,Purchases_Images/42100389.Cheshbonit Vendor.110303.jpg,,,,,2022-09,U102
8e39273c,holdings.office1@gmail.com,0596564a,1711,9/8/2022,0-116202,חשבון גז, ₪84.34,9/8/2022,תשלום גז חודש 5-8,Purchases_Files_/8e39273c.Cheshbonit Vendor.110427.34.pdf,,,,,2022-09,U052
dff475d3,holdings.office1@gmail.com,0596564a,1726,9/8/2022,0-247270,חשבון גז, ₪25.76,9/8/2022,תשלום גז 19.7-1.9,Purchases_Files_/dff475d3.Cheshbonit Vendor.110713.76.pdf,,,,,2022-09,U052
7a5986f3,holdings.office1@gmail.com,fb4521e2,3246,9/8/2022,0-383596,חשבון חשמל, ₪84.81,9/8/2022,18.5-28.8,Purchases_Images/7a5986f3.Cheshbonit Vendor.110841.png,,,,,2022-09,U102
759c1870,holdings.office1@gmail.com,fb4521e2,2031,9/11/2022,0136325,חשבון חשמל, ₪117.19,9/11/2022,29.6-8.9,Purchases_Files_/759c1870.Cheshbonit Vendor.121359.19.pdf,,,,,2022-09,U095
ecc6f144,holdings.office1@gmail.com,0596564a,0417,9/11/2022,0-967844,חשבון גז, ₪70.21,9/11/2022,תשלום עבור הדיירת באישור בטי,Purchases_Files_/ecc6f144.Cheshbonit Vendor.121544.21.pdf,,,,,2022-09,
53af8a94,holdings.office1@gmail.com,fb4521e2,2023,9/12/2022,0749671,חשבון חשמל, ₪416.82,9/12/2022,12.7-8.9,Purchases_Images/53af8a94.Cheshbonit Vendor.121822.png,,,,,2022-09,U095
ad3ab993,holdings.office1@gmail.com,fb4521e2,2059,9/12/2022,0922104,חשבון חשמל, ₪620.81,9/12/2022,12.7-8.9,Purchases_Images/ad3ab993.Cheshbonit Vendor.121947.png,,,,,2022-09,U097
7041abf2,holdings.office1@gmail.com,fb4521e2,2025,9/12/2022,006081,חשבון חשמל, ₪95.63,9/12/2022,20.5-8.9,Purchases_Images/7041abf2.Cheshbonit Vendor.122051.png,,,,,2022-09,U095
a7fe1d4d,holdings.office1@gmail.com,fb4521e2,1912,9/12/2022,0125864,חשבון חשמל, ₪283.63,9/12/2022,12.7-8.9,Purchases_Images/a7fe1d4d.Cheshbonit Vendor.122151.png,,,,,2022-09,U095
c3226225,holdings.office1@gmail.com,fb4521e2,1836,9/12/2022,0330308,חשבון חשמל, ₪120.91,9/12/2022,30.6-8.9,Purchases_Images/c3226225.Cheshbonit Vendor.122308.png,,,,,2022-09,U052
1b591f24,holdings.office1@gmail.com,fb4521e2,2060,9/12/2022,0449264,חשבון חשמל, ₪209.39,9/12/2022,12.7-8.9,Purchases_Images/1b591f24.Cheshbonit Vendor.122434.png,,,,,2022-09,U097
f4366e86,holdings.office1@gmail.com,fb4521e2,2047,9/12/2022,0223073,חשבון חשמל, ₪232.76,9/12/2022,20.5-8.9,Purchases_Images/f4366e86.Cheshbonit Vendor.122540.png,,,,,2022-09,U095
e08290a6,holdings.office1@gmail.com,0596564a,3201,9/13/2022,,חשבון גז, ₪34.50,9/13/2022,גמר חשבון דייר באישור בטי,Purchases_Images/e08290a6.Cheshbonit Vendor.122658.jpg,,,,,2022-09,U102
784f6ff5,holdings.office1@gmail.com,0596564a,3204,9/13/2022,,חשבון גז, ₪220.00,9/13/2022,חיבור כיריים,Purchases_Images/784f6ff5.Cheshbonit Vendor.083108.jpg,,,,,2022-09,U102
078fab76,holdings.office1@gmail.com,0596564a,1925,9/15/2022,0318592,חשבון גז, ₪10.24,9/15/2022,הפרש בין השוכרים,Purchases_Files_/078fab76.Cheshbonit Vendor.063645.24.pdf,,,,,2022-09,U095
01bbf69c,holdings.office1@gmail.com,9a38660a,1922,9/19/2022,2790223,ארנונה, ₪793.40,9/19/2022,שולם עבור הדייר חוב בארנונה עד חודש ספטמבר,Purchases_Files_/01bbf69c.Cheshbonit Vendor.063756.40.pdf,,,,,2022-09,U095
211e842a,holdings.office1@gmail.com,fb4521e2,1922,9/19/2022,0748624,חשבון חשמל," ₪1,750.46",9/19/2022,שולם עבור הדייר חוב בחשמל מאי- ספטמבר,Purchases_Files_/211e842a.Cheshbonit Vendor.063922.46.pdf,,,,,2022-09,U095
6df846d7,holdings.office1@gmail.com,2564d3f5,1405,9/26/2022,,INTERNET, ₪129.00,9/26/2022,26.8-25.9,Purchases_Files_/6df846d7.Cheshbonit Vendor.064115.9.pdf,,,,,2022-09,U052
b9e017be,holdings.office1@gmail.com,0596564a,3216,9/28/2022,509707,חשבון גז, ₪184.04,9/28/2022,נובמבר 21-יולי 22,Purchases_Images/b9e017be.Cheshbonit Vendor.064338.jpg,,,,,2022-09,U102
dd998ca6,holdings.office1@gmail.com,fb4521e2,0443,9/28/2022,0287193,חשבון חשמל, ₪91.42,9/28/2022,20.5-11.9,Purchases_Images/dd998ca6.Cheshbonit Vendor.065323.png,,,,,2022-09,
55e804dc,holdings.office1@gmail.com,fb4521e2,1729,9/28/2022,0341271,חשבון חשמל, ₪321.61,9/28/2022,13.7-11.9,Purchases_Images/55e804dc.Cheshbonit Vendor.065556.png,,,,,2022-09,U052
8401b713,holdings.office1@gmail.com,fb4521e2,0413,9/28/2022,0393249,חשבון חשמל, ₪88.65,9/28/2022,20.5-11.9,Purchases_Images/8401b713.Cheshbonit Vendor.065849.png,,,,,2022-09,
79c1ffc7,holdings.office1@gmail.com,fb4521e2,0416,2/28/2022,0430249,חשבון חשמל, ₪88.65,9/28/2022,20.5-11.9,Purchases_Images/79c1ffc7.Cheshbonit Vendor.070159.png,,,,,2022-02,
fe12e5d0,holdings.office1@gmail.com,fb4521e2,1428,9/28/2022,0532275,חשבון חשמל, ₪128.20,9/28/2022,4.7-11.9,Purchases_Images/fe12e5d0.Cheshbonit Vendor.070318.png,,,,,2022-09,U052
458f8192,holdings.office1@gmail.com,fb4521e2,0953,9/28/2022,0868547,חשבון חשמל, ₪79.13,9/28/2022,13.7-11.9,Purchases_Images/458f8192.Cheshbonit Vendor.070431.png,,,,,2022-09,
eb23be29,holdings.office1@gmail.com,fb4521e2,1330,9/28/2022,0036459,חשבון חשמל, ₪145.67,9/28/2022,20.5-11.9,Purchases_Images/eb23be29.Cheshbonit Vendor.070537.png,,,,,2022-09,
c5b56e5b,holdings.office1@gmail.com,fb4521e2,1715,9/28/2022,0130021,חשבון חשמל, ₪88.65,9/28/2022,20.5-11.9,Purchases_Images/c5b56e5b.Cheshbonit Vendor.070638.png,,,,,2022-09,U052
91b3ebe2,holdings.office1@gmail.com,fb4521e2,1723,9/28/2022,016839,חשבון חשמל, ₪576.90,9/28/2022,13.7-11.9,Purchases_Images/91b3ebe2.Cheshbonit Vendor.070745.png,,,,,2022-09,U052
142c2041,holdings.office1@gmail.com,fb4521e2,435,9/28/2022,0308197,חשבון חשמל, ₪102.65,9/28/2022,20.5-11.9,Purchases_Images/142c2041.Cheshbonit Vendor.070910.png,,,,,2022-09,U102
8107f374,holdings.office1@gmail.com,0596564a,0443,9/28/2022,0156216,חשבון גז, ₪51.27,9/28/2022,20.7-19.9,Purchases_Files_/8107f374.Cheshbonit Vendor.071105.27.pdf,,,,,2022-09,
4fa5bb36,holdings.office1@gmail.com,0596564a,0416,9/28/2022,0298257,חשבון גז, ₪48.88,9/28/2022,20.7-19.9,Purchases_Files_/4fa5bb36.Cheshbonit Vendor.071202.88.pdf,,,,,2022-09,
f16cc5e6,holdings.office1@gmail.com,0596564a,0413,9/28/2022,0511295,חשבון גז, ₪51.27,9/28/2022,20.7-19.9,Purchases_Files_/f16cc5e6.Cheshbonit Vendor.071301.27.pdf,,,,,2022-09,
5b94c208,holdings.office1@gmail.com,0596564a,1715,9/28/2022,0645598,חשבון גז, ₪44.11,9/28/2022,20.7-19.9,Purchases_Files_/5b94c208.Cheshbonit Vendor.071408.11.pdf,,,,,2022-09,U052
54b0980a,holdings.office1@gmail.com,0596564a,0953,9/28/2022,0718726,חשבון גז, ₪51.27,9/28/2022,20.7-19.9,Purchases_Files_/54b0980a.Cheshbonit Vendor.071512.27.pdf,,,,,2022-09,
4685b2f1,holdings.office1@gmail.com,0596564a,435,9/28/2022,0778498,חשבון גז, ₪44.11,9/28/2022,20.7-19.9,Purchases_Files_/4685b2f1.Cheshbonit Vendor.071616.11.pdf,,,,,2022-09,U102
7ec1cb32,holdings.office1@gmail.com,fb4521e2,1432,9/28/2022,0779389,חשבון חשמל, ₪28.47,9/28/2022,1.9-13.9,Purchases_Images/7ec1cb32.Cheshbonit Vendor.071716.png,,,,,2022-09,U052
88f1fbab,holdings.office1@gmail.com,fb4521e2,3242,9/28/2022,0085597,חשבון חשמל, ₪93.62,9/28/2022,18.5-15.9,Purchases_Images/88f1fbab.Cheshbonit Vendor.071825.png,,,,,2022-09,U102
db0fd471,holdings.office1@gmail.com,fb4521e2,2604,9/28/2022,0335174,חשבון חשמל, ₪93.62,9/28/2022,18.5-15.9,Purchases_Images/db0fd471.Cheshbonit Vendor.072014.png,,,,,2022-09,U097
a8552aab,holdings.office1@gmail.com,fb4521e2,3225,9/28/2022,0447813,חשבון חשמל, ₪98.54,9/28/2022,18.5-15.9,Purchases_Images/a8552aab.Cheshbonit Vendor.072115.png,,,,,2022-09,U102
f776057d,holdings.office1@gmail.com,fb4521e2,3228,9/28/2022,0493411,חשבון חשמל, ₪93.62,9/28/2022,18.5-15.9,Purchases_Images/f776057d.Cheshbonit Vendor.072226.png,,,,,2022-09,U102
22c1ab78,holdings.office1@gmail.com,fb4521e2,2606,9/28/2022,0628834,חשבון חשמל, ₪93.62,9/28/2022,18.5-15.9,Purchases_Images/22c1ab78.Cheshbonit Vendor.072334.png,,,,,2022-09,U097
e95fe9a2,holdings.office1@gmail.com,fb4521e2,1428,9/29/2022,0366153,חשבון חשמל, ₪0.91,9/29/2022,השלמה של תשלום,Purchases_Images/e95fe9a2.Cheshbonit Vendor.072446.png,,,,,2022-09,U052
81a19799,holdings.office1@gmail.com,fb4521e2,3006,9/29/2022,0477331,חשבון חשמל, ₪165.38,9/29/2022,12.5-12.9,Purchases_Images/81a19799.Cheshbonit Vendor.072554.png,,,,,2022-09,U102
f0d24ea3,holdings.office1@gmail.com,fb4521e2,3013,9/29/2022,0540062,חשבון חשמל, ₪587.77,9/29/2022,12.7-12.9,Purchases_Images/f0d24ea3.Cheshbonit Vendor.072654.png,,,,,2022-09,U102
c39574a3,holdings.office1@gmail.com,fb4521e2,3005,9/29/2022,0628792,חשבון חשמל, ₪106.20,9/29/2022,12.5-12.9,Purchases_Images/c39574a3.Cheshbonit Vendor.072752.png,,,,,2022-09,U102
f510e31b,holdings.office1@gmail.com,fb4521e2,3008,9/29/2022,0689018,חשבון חשמל, ₪420.30,9/29/2022,12.7-12.9,Purchases_Images/f510e31b.Cheshbonit Vendor.072901.png,,,,,2022-09,U102
fc824edd,holdings.office1@gmail.com,fb4521e2,2120,9/29/2022,0783860,חשבון חשמל, ₪127.11,9/29/2022,12.7-112.9,Purchases_Images/fc824edd.Cheshbonit Vendor.073005.png,,,,,2022-09,U097
b570595c,holdings.office1@gmail.com,fb4521e2,3222,9/29/2022,0549659,חשבון חשמל, ₪51.97,9/29/2022,14.7-15.9,Purchases_Images/b570595c.Cheshbonit Vendor.073107.png,,,,,2022-09,U102
4f1ebc84,holdings.office1@gmail.com,fb4521e2,3208,9/29/2022,0604900,חשבון חשמל, ₪93.62,9/29/2022,18.5-15.9,Purchases_Images/4f1ebc84.Cheshbonit Vendor.073216.png,,,,,2022-09,U102
abfcab7e,holdings.office1@gmail.com,fb4521e2,3204,9/29/2022,0727040,חשבון חשמל, ₪64.30,9/29/2022,14.7-15.9,Purchases_Images/abfcab7e.Cheshbonit Vendor.073305.png,,,,,2022-09,U102
8159c5fe,holdings.office1@gmail.com,fb4521e2,3205,9/29/2022,0876078,חשבון חשמל, ₪282.81,9/29/2022,14.7-15.9,Purchases_Images/8159c5fe.Cheshbonit Vendor.073409.png,,,,,2022-09,U102
fc220737,holdings.office1@gmail.com,fb4521e2,2809,10/6/2022,0104448,חשבון חשמל, ₪549.27,10/6/2022,12.7-12.9,Purchases_Images/fc220737.Cheshbonit Vendor.073831.png,,,,,2022-10,U102
de60c2ae,holdings.office1@gmail.com,fc46cf6f,1432,10/6/2022,0104299,חשבון מים, ₪10.04,10/6/2022,גמר חשבון,Purchases_Files_/de60c2ae.Cheshbonit Vendor.073932.04.pdf,,,,,2022-10,U052
3daa8244,holdings.office1@gmail.com,fc46cf6f,2051,10/6/2022,0298852,חשבון מים, ₪303.85,10/6/2022,שולם בשם הדייר הייתה נזילה,Purchases_Files_/3daa8244.Cheshbonit Vendor.074037.85.pdf,,,,,2022-10,U095
cf537f27,holdings.office1@gmail.com,fc46cf6f,3010,10/6/2022,0738252,חשבון מים," ₪2,592.17",10/6/2022,תשלום מים קרן אבירם חודשים 6-7,Purchases_Files_/cf537f27.Cheshbonit Vendor.074223.17.pdf,,,,,2022-10,U102
d78a00fa,holdings.office1@gmail.com,fc46cf6f,1f59ee08d,10/6/2022,0609347,חשבון מים," ₪3,389.08",10/6/2022,תשלום מים השקעות חודשים 6-7,Purchases_Files_/d78a00fa.Cheshbonit Vendor.074529.08.pdf,,,,,2022-10,U095
931e1f0d,holdings.office1@gmail.com,0596564a,1836,10/11/2022,0783860,חשבון גז, ₪69.45,10/11/2022,20.7-19.9 גמר חשבון,Purchases_Files_/931e1f0d.Cheshbonit Vendor.075527.45.pdf,,,,,2022-10,U052
080a1e5d,holdings.office1@gmail.com,fb4521e2,1332,10/18/2022,0681312,חשבון חשמל, ₪42.44,10/18/2022,5.9-29.9,Purchases_Images/080a1e5d.Cheshbonit Vendor.080129.png,,,,,2022-10,U052
ed331351,holdings.office1@gmail.com,fb4521e2,1930,10/18/2022,0749150,חשבון חשמל, ₪52.50,10/18/2022,26.7-29.9,Purchases_Images/ed331351.Cheshbonit Vendor.080405.png,,,,,2022-10,U095
5c250c11,holdings.office1@gmail.com,fb4521e2,435,10/18/2022,0834234,חשבון חשמל, ₪17.87,10/18/2022,12.9-29.9,Purchases_Images/5c250c11.Cheshbonit Vendor.080529.png,,,,,2022-10,U102
e07c4614,holdings.office1@gmail.com,fb4521e2,1836,10/18/2022,0898684,חשבון חשמל, ₪53.80,10/18/2022,9.9-29.9,Purchases_Images/e07c4614.Cheshbonit Vendor.080713.png,,,,,2022-10,U052
ee5eb629,holdings.office1@gmail.com,fb4521e2,3217,10/18/2022,0043653,חשבון חשמל," ₪2,277.45",10/18/2022,14.7-15.9 הדייר העביר את החלק שלו בחשבון בהעברה בנקאית לחשבון,Purchases_Images/ee5eb629.Cheshbonit Vendor.081109.png,,,,,2022-10,U102
95b87c57,holdings.office1@gmail.com,0596564a,1714,10/19/2022,0484832,חשבון גז, ₪24.80,10/19/2022,גמר חשבון,Purchases_Files_/95b87c57.Cheshbonit Vendor.081557.80.pdf,,,,,2022-10,U052
6fb9138b,holdings.office1@gmail.com,0596564a,435,10/19/2022,08020843,חשבון גז, ₪290.00,10/19/2022,טכנאי לחיבור כיריים,Purchases_Files_/6fb9138b.Cheshbonit Vendor.082704.pdf,,,,,2022-10,U102
dc595407,holdings.office1@gmail.com,fb4521e2,1714,10/20/2022,015926,חשבון חשמל, ₪36.45,10/20/2022,גמר חשבון,Purchases_Images/dc595407.Cheshbonit Vendor.083024.png,,,,,2022-10,U052
c4017224,holdings.office1@gmail.com,fb4521e2,0939,10/23/2022,0-501395,חשבון חשמל, ₪76.95,10/23/2022,5.9-6.10,Purchases_Files_/c4017224.Cheshbonit Vendor.060542.95.pdf,,,,,2022-10,
10ff11bf,holdings.office1@gmail.com,fb4521e2,3217,10/23/2022,0-638395,חשבון חשמל, ₪407.27,10/23/2022,שולם עבור ביקור טכנאי לחיבור חשמל בשם הדייר הוא יבצע העברה לחשבון של השקעות,Purchases_Files_/10ff11bf.Cheshbonit Vendor.083956.27.pdf,,,,,2022-10,U102
4e61015b,holdings.office1@gmail.com,0596564a,0939,9/28/2022,2281126,חשבון גז, ₪500.10,9/28/2022,חיבור מונה חדש+פיקדון,Purchases_Files_/4e61015b.Cheshbonit Vendor.072334.10.pdf,,,,,2022-09,
a4a8f327,yuri@emmaleh.com,b3269088,1913,9/30/2022,,"Moving (Hovala) , Regualr Fridge"," ₪1,671.00",10/24/2022,2 separate charges - 30.09.22 of 1049 + 06.10.22 of 622,Purchases_Files_/a4a8f327.Cheshbonit Vendor.093343.pdf,,,,,2022-09,U095
33532747,yuri@emmaleh.com,b3269088,3203,9/30/2022,,"Moving (Hovala) , Regualr Fridge"," ₪1,641.00",10/24/2022,2 separate charges - 30.9.22 for 1019nis + 6.10.22 for 622 nis,Purchases_Files_/33532747.Cheshbonit Vendor.141059.pdf,,,,,2022-09,U102
0d9dc3d2,holdings.office1@gmail.com,2564d3f5,1405,10/25/2022,,INTERNET, ₪120.40,10/25/2022,26.9-25.10,Purchases_Files_/0d9dc3d2.Cheshbonit Vendor.055303.10.pdf,,,,,2022-10,U052
a5461a77,holdings.office1@gmail.com,fb4521e2,1405,10/25/2022,0-424077,חשבון חשמל, ₪120.67,10/25/2022,12.7-11.9,Purchases_Files_/a5461a77.Cheshbonit Vendor.060109.67.pdf,,,,,2022-10,U052
44bdaf38,holdings.office1@gmail.com,0596564a,1836,10/25/2022,,חשבון גז, ₪290.00,10/25/2022,חיבור כיריים,Purchases_Images/44bdaf38.Cheshbonit Vendor.061259.png,,,,,2022-10,U052
c729b806,holdings.office1@gmail.com,9a38660a,3010,10/24/2022,6675361,ארנונה," ₪9,682.20",10/23/2022,חשבון ארנונה קרן אבירם חודשים 9-10/2022,Purchases_Files_/c729b806.Cheshbonit Vendor.061440.20.pdf,,,,,2022-10,U102
5746a0b5,holdings.office1@gmail.com,9a38660a,2702,10/23/2022,6675363,ארנונה," ₪1,412.50",10/23/2022,תשלום ארנונה 6-10/2022 +היטל שמירה,Purchases_Files_/5746a0b5.Cheshbonit Vendor.061608.50.pdf,,,,,2022-10,U097
a42c2b4b,yuri@emmaleh.com,b3269088,2031,10/30/2022,,"Gas burners , Moving (Hovala)", ₪419.00,10/31/2022,,Purchases_Images/a42c2b4b.Cheshbonit Vendor.121453.jpg,,,,,2022-10,U095
6e46d85e,yuri@emmaleh.com,5d50e1a6,0939,10/21/2022,,"Dining table , Chairs for dining table", ₪665.00,10/21/2022,,Purchases_Files_/6e46d85e.Cheshbonit Vendor.150807.pdf,,,,,2022-10,
24cc2f09,yuri@emmaleh.com,b3269088,1417,10/23/2022,,Electric Burners, ₪305.10,10/23/2022,,Purchases_Files_/24cc2f09.Cheshbonit Vendor.151018.10.pdf,,,,,2022-10,U052
7164ed4e,yuri@emmaleh.com,b3269088,2702,10/19/2022,,Electric Burners, ₪305.10,,,Purchases_Files_/7164ed4e.Cheshbonit Vendor.151151.10.pdf,,,,,2022-10,U097
1cb368bf,yuri@emmaleh.com,5d50e1a6,3238,10/14/2022,,"Misc , Carpet", ₪568.00,10/14/2022,,Purchases_Files_/1cb368bf.Cheshbonit Vendor.151313.pdf,,,,,2022-10,U102
a6ad5a68,yuri@emmaleh.com,2575a173,3220,10/21/2022,,Couch Covers, ₪119.00,10/21/2022,,Purchases_Files_/a6ad5a68.Cheshbonit Vendor.151441.pdf,,,,,2022-10,U102
729aae3b,yuri@emmaleh.com,b3269088,1721,10/30/2022,,"WM Side Door , Moving (Hovala)", ₪949.00,10/31/2022,,Purchases_Images/729aae3b.Cheshbonit Vendor.152133.jpg,,,,,2022-10,U052
81c80f89,yuri@emmaleh.com,3fd85cb2,0921,10/20/2022,,Moving (Hovala), ₪350.00,10/20/2022,,Purchases_Files_/81c80f89.Cheshbonit Vendor.152433.pdf,,,,,2022-10,
992874a8,yuri@emmaleh.com,f5e5f165,1330,10/30/2022,,Closet," ₪1,099.00",11/2/2022,,Purchases_Files_/992874a8.Cheshbonit Vendor.073615.pdf,,,,,2022-10,
0d9474e4,holdings.office1@gmail.com,fb4521e2,3216,11/3/2022,0-525519,חשבון חשמל, ₪54.49,11/3/2022,22.9-28.9,Purchases_Images/0d9474e4.Cheshbonit Vendor.072510.png,,,,,2022-11,U102
0ac96bc8,holdings.office1@gmail.com,0596564a,2047,10/26/2022,637180,חשבון גז, ₪220.00,10/26/2022,חיבור כיריים,Purchases_Images/0ac96bc8.Cheshbonit Vendor.072805.jpg,,,,,2022-10,U095
8537580a,yuri@emmaleh.com,b3269088,435,10/9/2022,,"Oven W Burners , Moving (Hovala)"," ₪1,050.00",,,Purchases_Files_/8537580a.Cheshbonit Vendor.091149.pdf,,,,,2022-10,U102
eb1bd8ce,yuri@emmaleh.com,b3269088,0921,10/9/2022,,"Oven W Burners , Moving (Hovala)"," ₪1,050.00",11/3/2022,,Purchases_Files_/eb1bd8ce.Cheshbonit Vendor.091250.pdf,,,,,2022-10,
891698fe,holdings.office1@gmail.com,0596564a,3216,11/3/2022,,חשבון גז, ₪183.66,11/3/2022,הקפאת מנוי וגמר חשבון,Purchases_Images/891698fe.Cheshbonit Vendor.110247.jpg,,,,,2022-11,U102
23eac4fb,holdings.office1@gmail.com,0596564a,2031,11/3/2022,,חשבון גז, ₪220.00,11/3/2022,חיבור כיריים,Purchases_Images/23eac4fb.Cheshbonit Vendor.110455.jpg,,,,,2022-11,U095
a07e06ae,holdings.office1@gmail.com,0596564a,2031,11/3/2022,,חשבון גז, ₪340.00,11/3/2022,החלפת ברז,Purchases_Images/a07e06ae.Cheshbonit Vendor.110553.jpg,,,,,2022-11,U095
4fae0bf1,yuri@emmaleh.com,b3269088,1836,10/25/2022,,"Moving (Hovala) , WM Top Door"," ₪1,581.00",11/1/2022,,Purchases_Images/4fae0bf1.Cheshbonit Vendor.052758.jpg,,,,,2022-10,U052
c0361772,holdings.office1@gmail.com,fb4521e2,0921,11/7/2022,0-278069,חשבון חשמל, ₪109.72,11/7/2022,13.9-30.10,Purchases_Images/c0361772.Cheshbonit Vendor.065501.png,,,,,2022-11,
a42ab82d,holdings.office1@gmail.com,fb4521e2,1330,11/7/2022,0-358630,חשבון חשמל, ₪100.39,11/7/2022,12.9-30.10,Purchases_Images/a42ab82d.Cheshbonit Vendor.065914.png,,,,,2022-11,
637ad20a,yuri@emmaleh.com,b3269090,186dafa2a,11/6/2022,,OFFICE RENT," ₪2,063.87",11/6/2022,,Purchases_Files_/637ad20a.Cheshbonit Vendor.083047.pdf,,,,,2022-11,U094
254500af,holdings.office1@gmail.com,9a38660a,3216,11/7/2022,6811508,ארנונה, ₪369.00,11/7/2022,9-10/2022,Purchases_Files_/254500af.Cheshbonit Vendor.091300.pdf,,,,,2022-11,U102
5fcce1f1,holdings.office1@gmail.com,9a38660a,1432,11/7/2022,0-707919,ארנונה, ₪79.80,11/7/2022,31.8-15.9,Purchases_Files_/5fcce1f1.Cheshbonit Vendor.091549.80.pdf,,,,,2022-11,U052
4a84c12f,holdings.office1@gmail.com,9a38660a,1714,11/7/2022,0-869966,ארנונה, ₪166.90,11/7/2022,15.9-13.10,Purchases_Files_/4a84c12f.Cheshbonit Vendor.091859.90.pdf,,,,,2022-11,U052
fc337731,holdings.office1@gmail.com,9a38660a,1f59ee08d,11/7/2022,0-625319,ארנונה," ₪22,276.30",11/7/2022,9-12/2022 ארנונה,Purchases_Files_/fc337731.Cheshbonit Vendor.092351.30.pdf,,,,,2022-11,U095
3fafda05,holdings.office1@gmail.com,fb4521e2,1405,11/8/2022,0-129775,חשבון חשמל, ₪859.22,11/8/2022,12.7-6.11,Purchases_Images/3fafda05.Cheshbonit Vendor.071638.png,,,,,2022-11,U052
d8712416,yuri@emmaleh.com,f5e5f165,0921,10/19/2022,,Closet," ₪1,099.00",11/7/2022,,Purchases_Files_/d8712416.Cheshbonit Vendor.082456.pdf,,,,,2022-10,
f41179a4,yuri@emmaleh.com,b3269088,2023,11/6/2022,,Electric Burners, ₪281.00,11/8/2022,,Purchases_Files_/f41179a4.Cheshbonit Vendor.082557.pdf,,,,,2022-11,U095
17c08ffc,holdings.office1@gmail.com,0596564a,0921,10/26/2022,,חשבון גז, ₪500.10,10/26/2022,חיבור מונה וכיריים,Purchases_Files_/17c08ffc.Cheshbonit Vendor.120229.10.pdf,,,,,2022-10,
f136d187,holdings.office1@gmail.com,fb4521e2,2047,11/9/2022,0-208561,חשבון חשמל, ₪175.21,11/9/2022,9.9-30.10,Purchases_Images/f136d187.Cheshbonit Vendor.063130.png,,,,,2022-11,U095
76cd5ac0,yuri@emmaleh.com,b3269088,1912,9/30/2022,,Electric Burners, ₪305.00,9/30/2022,,Purchases_Files_/76cd5ac0.Cheshbonit Vendor.063924.pdf,,,,,2022-09,U095
65da71c2,yuri@emmaleh.com,b3269089,186dafa2a,11/8/2022,,ADVERTISEMENT," ₪1,800.00",11/8/2022,,Purchases_Files_/65da71c2.Cheshbonit Vendor.081734.pdf,,,,,2022-11,U094
de542dfb,yuri@emmaleh.com,b3269088,3216,11/9/2022,,Electric Burners, ₪281.00,11/9/2022,,Purchases_Files_/de542dfb.Cheshbonit Vendor.095944.pdf,,,,,2022-11,U102
9ddcd86b,yuri@emmaleh.com,1931d4df,2626,11/15/2022,,Closet, ₪999.00,,,Purchases_Files_/9ddcd86b.Cheshbonit Vendor.100355.pdf,,,,,2022-11,U097
c11fa24f,yuri@emmaleh.com,1931d4df,1405,11/15/2022,,Closet, ₪999.00,,,Purchases_Files_/c11fa24f.Cheshbonit Vendor.100458.pdf,,,,,2022-11,U052
077fa97f,holdings.office1@gmail.com,fc46cf6f,1724,11/9/2022,0-256172,חשבון מים, ₪14.64,11/9/2022,שולם על חודשים 8-9,Purchases_Files_/077fa97f.Cheshbonit Vendor.070620.64.pdf,,,,,2022-11,U052
939765c6,holdings.office1@gmail.com,fb4521e2,3220,11/10/2022,0-699496,חשבון חשמל, ₪41.13,11/10/2022,9.10-24.10,Purchases_Files_/939765c6.Cheshbonit Vendor.070719.13.pdf,,,,,2022-11,U102
cde117ee,holdings.office1@gmail.com,fc46cf6f,1f59ee08d,11/10/2022,793679,חשבון מים," ₪2,424.66",11/10/2022,שולם על חודשים 8-9 השקעות דרום,Purchases_Files_/cde117ee.Cheshbonit Vendor.070915.66.pdf,,,,,2022-11,U095
30aceb49,holdings.office1@gmail.com,fc46cf6f,3010,11/10/2022,356444,חשבון מים," ₪5,875.68",11/10/2022,שולם על חודשים 8-9 קרן אבירם,Purchases_Files_/30aceb49.Cheshbonit Vendor.071035.68.pdf,,,,,2022-11,U102
76f8696b,holdings.office1@gmail.com,0596564a,2626,11/14/2022,0-361626,חשבון גז, ₪33.08,11/14/2022,20.7-20.9,Purchases_Files_/76f8696b.Cheshbonit Vendor.071316.08.pdf,,,,,2022-11,U097
94b9a38c,holdings.office1@gmail.com,0596564a,1922,11/14/2022,0-515239,חשבון גז, ₪679.44,11/14/2022,20.5-20.9 שולם באישור יורי יגבה את זה מהדייר,Purchases_Files_/94b9a38c.Cheshbonit Vendor.071426.44.pdf,,,,,2022-11,U095
84f297e3,holdings.office1@gmail.com,0596564a,1405,11/14/2022,0-619197,חשבון גז, ₪159.97,11/14/2022,20.5-20.9,Purchases_Files_/84f297e3.Cheshbonit Vendor.071743.97.pdf,,,,,2022-11,U052
2c3ef125,holdings.office1@gmail.com,fb4521e2,3238,11/15/2022,0-343236,חשבון חשמל, ₪292.38,11/15/2022,17.9-8.11,Purchases_Images/2c3ef125.Cheshbonit Vendor.071931.png,,,,,2022-11,U102
5bbe2e88,holdings.office1@gmail.com,0596564a,0417,11/15/2022,,חשבון גז, ₪43.70,11/15/2022,החלפת בעלות,Purchases_Files_/5bbe2e88.Cheshbonit Vendor.072224.70.pdf,,,,,2022-11,
2b19c0d4,holdings.office1@gmail.com,0596564a,3238,11/16/2022,450874,חשבון גז, ₪38.35,11/16/2022,גמר חשבון,Purchases_Images/2b19c0d4.Cheshbonit Vendor.072353.jpg,,,,,2022-11,U102
7f6116a5,holdings.office1@gmail.com,0596564a,3220,11/16/2022,614883,חשבון גז, ₪5.05,11/16/2022,גמר חשבון,Purchases_Images/7f6116a5.Cheshbonit Vendor.072446.jpg,,,,,2022-11,U102
fb27daf0,holdings.office1@gmail.com,0596564a,2047,11/16/2022,696245,חשבון גז, ₪25.89,11/16/2022,תשלום חודש 9,Purchases_Images/fb27daf0.Cheshbonit Vendor.072548.jpg,,,,,2022-11,U095
73ab6a83,holdings.office1@gmail.com,0596564a,2031,11/16/2022,746735,חשבון גז, ₪75.56,11/16/2022,1.7-2.10,Purchases_Images/73ab6a83.Cheshbonit Vendor.072649.jpg,,,,,2022-11,U095
89e4f0e1,holdings.office1@gmail.com,0596564a,2129,11/16/2022,795153,חשבון גז, ₪17.61,11/16/2022,חודש 9,Purchases_Images/89e4f0e1.Cheshbonit Vendor.072759.jpg,,,,,2022-11,U097
cf7d1e60,holdings.office1@gmail.com,9a38660a,3237,11/16/2022,,ארנונה, ₪260.70,11/16/2022,יתרת תשלום חודשים 7-8/2022,Purchases_Files_/cf7d1e60.Cheshbonit Vendor.072850.70.pdf,,,,,2022-11,U102
847d6d3d,holdings.office1@gmail.com,fb4521e2,1724,11/17/2022,0-743823,חשבון חשמל, ₪22.52,11/17/2022,13.9-29.9,Purchases_Images/847d6d3d.Cheshbonit Vendor.075902.png,,,,,2022-11,U052
40ea09dc,yuri@emmaleh.com,5d50e1a6,2020,11/18/2022,,"Misc , Carpet , Dining table"," ₪1,731.00",11/18/2022,Purchase for 3 units - U059 U014 U073,Purchases_Files_/40ea09dc.Cheshbonit Vendor.093806.pdf,,,,,2022-11,U095
7f90f7ad,holdings.office1@gmail.com,fb4521e2,2604,11/21/2022,0-653717,חשבון חשמל, ₪50.35,11/21/2022,16.9-16.11,Purchases_Images/7f90f7ad.Cheshbonit Vendor.124236.png,,,,,2022-11,U097
730c0438,holdings.office1@gmail.com,fb4521e2,3008,11/21/2022,0-676395,חשבון חשמל, ₪243.65,11/21/2022,13.9-17.11,Purchases_Images/730c0438.Cheshbonit Vendor.082949.png,,,,,2022-11,U102
e869567c,holdings.office1@gmail.com,fb4521e2,3006,11/21/2022,0-748848,חשבון חשמל, ₪136.89,11/21/2022,13.9-17.11,Purchases_Images/e869567c.Cheshbonit Vendor.083118.png,,,,,2022-11,U102
a2569694,holdings.office1@gmail.com,fb4521e2,3205,11/21/2022,0-817056,חשבון חשמל, ₪200.16,11/21/2022,16.9-16.11,Purchases_Images/a2569694.Cheshbonit Vendor.083229.png,,,,,2022-11,U102
bc4c0fda,holdings.office1@gmail.com,fb4521e2,3208,11/21/2022,0-847251,חשבון חשמל, ₪50.35,11/21/2022,16.9-16.11,Purchases_Images/bc4c0fda.Cheshbonit Vendor.083328.png,,,,,2022-11,U102
79bc6a0e,holdings.office1@gmail.com,fb4521e2,2606,11/21/2022,0-889113,חשבון חשמל, ₪50.35,11/21/2022,16.9-16.11,Purchases_Images/79bc6a0e.Cheshbonit Vendor.085855.png,,,,,2022-11,U097
a65851f8,holdings.office1@gmail.com,fb4521e2,3005,11/21/2022,0-132217,חשבון חשמל, ₪53.66,11/21/2022,13.9-17.11,Purchases_Images/a65851f8.Cheshbonit Vendor.112014.png,,,,,2022-11,U102
c6df8326,holdings.office1@gmail.com,fb4521e2,3221,11/21/2022,0-371625,חשבון חשמל, ₪133.14,11/21/2022,17.9-16.11,Purchases_Images/c6df8326.Cheshbonit Vendor.112219.png,,,,,2022-11,U102
45a36bb6,holdings.office1@gmail.com,fb4521e2,2129,11/21/2022,0-411033,חשבון חשמל, ₪71.21,11/21/2022,2.9-17.11,Purchases_Images/45a36bb6.Cheshbonit Vendor.112342.png,,,,,2022-11,U097
0e0978c2,holdings.office1@gmail.com,fb4521e2,2120,11/21/2022,0-442533,חשבון חשמל, ₪130.00,11/21/2022,13.9-17.11,Purchases_Images/0e0978c2.Cheshbonit Vendor.112437.png,,,,,2022-11,U097
e4b7ff93,holdings.office1@gmail.com,fb4521e2,3222,11/21/2022,0-475988,חשבון חשמל, ₪50.35,11/21/2022,16.9-16.11,Purchases_Images/e4b7ff93.Cheshbonit Vendor.112528.png,,,,,2022-11,U102
1cdeb45c,holdings.office1@gmail.com,fb4521e2,3242,11/21/2022,0-523175,חשבון חשמל, ₪50.35,11/21/2022,16.9-16.11,Purchases_Images/1cdeb45c.Cheshbonit Vendor.112626.png,,,,,2022-11,U102
fa21e2ad,holdings.office1@gmail.com,fb4521e2,3228,11/21/2022,0-557785,חשבון חשמל, ₪50.35,11/21/2022,16.9-16.11,Purchases_Images/fa21e2ad.Cheshbonit Vendor.112717.png,,,,,2022-11,U102
3207f8c3,holdings.office1@gmail.com,fb4521e2,3013,11/21/2022,0-592147,חשבון חשמל, ₪289.00,11/21/2022,13.9-17.11,Purchases_Images/3207f8c3.Cheshbonit Vendor.112804.png,,,,,2022-11,U102
bc52f274,holdings.office1@gmail.com,fb4521e2,2809,11/22/2022,0-502641,חשבון חשמל, ₪143.79,11/22/2022,13.9-17.11,Purchases_Images/bc52f274.Cheshbonit Vendor.112916.png,,,,,2022-11,U102
d0bc7ee7,holdings.office1@gmail.com,fb4521e2,0416,11/23/2022,0-887042,חשבון חשמל, ₪57.81,11/23/2022,12.9-21.11,Purchases_Images/d0bc7ee7.Cheshbonit Vendor.113030.png,,,,,2022-11,
eefd0494,holdings.office1@gmail.com,fb4521e2,1308,11/23/2022,0-991901,חשבון חשמל, ₪102.80,11/23/2022,13.7-21.11,Purchases_Images/eefd0494.Cheshbonit Vendor.113128.png,,,,,2022-11,
330d2f48,holdings.office1@gmail.com,fb4521e2,2023,11/23/2022,0-114009,חשבון חשמל, ₪272.10,11/23/2022,9.9-21.11,Purchases_Images/330d2f48.Cheshbonit Vendor.113229.png,,,,,2022-11,U095
044bdbfb,holdings.office1@gmail.com,fb4521e2,1715,11/24/2022,0-689232,חשבון חשמל, ₪57.81,11/24/2022,0-689232,Purchases_Images/044bdbfb.Cheshbonit Vendor.113330.png,,,,,2022-11,U052
c62ae383,holdings.office1@gmail.com,fb4521e2,1729,11/24/2022,0-141739,חשבון חשמל, ₪265.03,11/24/2022,12.9-21.11,Purchases_Images/c62ae383.Cheshbonit Vendor.113433.png,,,,,2022-11,U052
b927493b,holdings.office1@gmail.com,fb4521e2,1912,11/24/2022,0-183293,חשבון חשמל, ₪166.48,11/24/2022,9.9-21.11,Purchases_Images/b927493b.Cheshbonit Vendor.113531.png,,,,,2022-11,U095
2a70be8c,holdings.office1@gmail.com,fb4521e2,2025,11/24/2022,0-257030,חשבון חשמל, ₪61.44,11/24/2022,9.9-21.11,Purchases_Images/2a70be8c.Cheshbonit Vendor.113633.png,,,,,2022-11,U095
75af64d4,holdings.office1@gmail.com,fb4521e2,1723,11/24/2022,0-352146,חשבון חשמל, ₪362.61,11/24/2022,12.9-21.11,Purchases_Images/75af64d4.Cheshbonit Vendor.113733.png,,,,,2022-11,U052
2aba94a5,holdings.office1@gmail.com,fb4521e2,0413,11/24/2022,0-446740,חשבון חשמל, ₪72.74,11/24/2022,12.9-21.11,Purchases_Images/2aba94a5.Cheshbonit Vendor.113835.png,,,,,2022-11,
cd57685b,holdings.office1@gmail.com,fb4521e2,0443,11/24/2022,0-491704,חשבון חשמל, ₪81.34,11/24/2022,12.9-21.11,Purchases_Images/cd57685b.Cheshbonit Vendor.113934.png,,,,,2022-11,
23b40d0f,holdings.office1@gmail.com,fb4521e2,2020,11/24/2022,0-809582,חשבון חשמל, ₪84.57,11/24/2022,1.8-21.11,Purchases_Images/23b40d0f.Cheshbonit Vendor.114033.png,,,,,2022-11,U095
3f5effe2,holdings.office1@gmail.com,fb4521e2,2060,11/24/2022,0-851725,חשבון חשמל, ₪237.08,11/24/2022,9.9-21.11,Purchases_Images/3f5effe2.Cheshbonit Vendor.114203.png,,,,,2022-11,U097
2bd4ae69,holdings.office1@gmail.com,fb4521e2,2059,11/24/2022,0-939991,חשבון חשמל, ₪512.03,11/24/2022,9.9-21.11,Purchases_Images/2bd4ae69.Cheshbonit Vendor.114312.png,,,,,2022-11,U097
3ecccd6c,holdings.office1@gmail.com,0596564a,0413,11/24/2022,0-170225,חשבון גז, ₪49.63,11/24/2022,20.9-18.11,Purchases_Files_/3ecccd6c.Cheshbonit Vendor.114625.63.pdf,,,,,2022-11,
528ced53,holdings.office1@gmail.com,0596564a,0953,11/24/2022,0-220616,חשבון גז, ₪71.94,11/24/2022,20.9-18.11,Purchases_Files_/528ced53.Cheshbonit Vendor.114733.94.pdf,,,,,2022-11,
03349bf5,holdings.office1@gmail.com,0596564a,0416,11/24/2022,0-283788,חשבון גז, ₪47.33,11/24/2022,20.9-18.11,Purchases_Files_/03349bf5.Cheshbonit Vendor.114932.33.pdf,,,,,2022-11,
9a60c540,holdings.office1@gmail.com,0596564a,2626,11/24/2022,0-378331,חשבון גז, ₪156.16,11/24/2022,20.9-18.11,Purchases_Files_/9a60c540.Cheshbonit Vendor.121932.16.pdf,,,,,2022-11,U097
4b53e8bb,holdings.office1@gmail.com,0596564a,1715,11/24/2022,0-425694,חשבון גז, ₪44.86,11/24/2022,20.9-18.11,Purchases_Files_/4b53e8bb.Cheshbonit Vendor.122030.86.pdf,,,,,2022-11,U052
0fb01ae6,holdings.office1@gmail.com,0596564a,435,11/24/2022,0-471946,חשבון גז, ₪55.97,11/24/2022,20.9-18.11,Purchases_Files_/0fb01ae6.Cheshbonit Vendor.122132.97.pdf,,,,,2022-11,U102
02de966d,holdings.office1@gmail.com,0596564a,0443,11/24/2022,0-516427,חשבון גז, ₪49.63,11/24/2022,20.9-18.11,Purchases_Files_/02de966d.Cheshbonit Vendor.123836.63.pdf,,,,,2022-11,
f9d42cfc,holdings.office1@gmail.com,0596564a,1714,11/24/2022,0-496034,חשבון גז, ₪32.13,11/24/2022,19.10-18.11,Purchases_Files_/f9d42cfc.Cheshbonit Vendor.124025.13.pdf,,,,,2022-11,U052
e0717424,yuri@emmaleh.com,b3269088,2060,11/20/2022,,"WM Side Door , Moving (Hovala)", ₪869.00,11/24/2022,,Purchases_Files_/e0717424.Cheshbonit Vendor.102939.pdf,,,,,2022-11,U097
e0e5fae5,yuri@emmaleh.com,b3269088,2614,11/20/2022,,"Moving (Hovala) , WM Top Door"," ₪1,491.00",11/24/2022,,Purchases_Files_/e0e5fae5.Cheshbonit Vendor.103024.pdf,,,,,2022-11,U097
69023c06,holdings.office1@gmail.com,9a38660a,2059,12/1/2022,969407,ארנונה, ₪731.30,12/1/2022,9-12/2022,Purchases_Files_/69023c06.Cheshbonit Vendor.092354.30.pdf,,,,,2022-12,U097
2c8c318a,holdings.office1@gmail.com,fb4521e2,3013,12/4/2022,0-945162,חשבון חשמל, ₪87.46,12/4/2022,18.11-1.12,Purchases_Images/2c8c318a.Cheshbonit Vendor.074316.png,,,,,2022-12,U102
9f8cd335,yuri@emmaleh.com,b3269088,1309,11/24/2022,,"Moving (Hovala) , Regualr Fridge"," ₪2,180.00",12/4/2022,,Purchases_Images/9f8cd335.Cheshbonit Vendor.085844.jpg,,,,,2022-11,
67bb7e22,holdings.office1@gmail.com,9a38660a,2130,12/7/2022,971565,ארנונה, ₪262.80,12/7/2022,15.11-31.12,Purchases_Files_/67bb7e22.Cheshbonit Vendor.072701.80.pdf,,,,,2022-12,U097
d69258ac,yuri@emmaleh.com,b3269090,186dafa2a,12/6/2022,,OFFICE RENT," ₪2,059.54",,,Purchases_Files_/d69258ac.Cheshbonit Vendor.124902.pdf,,,,,2022-12,U094
dc812035,holdings.office1@gmail.com,fb4521e2,2107,12/8/2022,0-472605,חשבון חשמל, ₪17.63,12/8/2022,גמר חשבון,Purchases_Images/dc812035.Cheshbonit Vendor.071949.png,,,,,2022-12,U097
03d6a203,holdings.office1@gmail.com,0596564a,3204,11/8/2022,0-681395,חשבון גז, ₪39.31,11/8/2022,שולם על חודשים 8-9,Purchases_Images/03d6a203.Cheshbonit Vendor.083146.jpg,,,,,2022-11,U102
3d416e4e,holdings.office1@gmail.com,0596564a,3205,11/8/2022,0-718718,חשבון גז, ₪42.93,11/8/2022,שולם על חודשים 8-9,Purchases_Images/3d416e4e.Cheshbonit Vendor.083458.jpg,,,,,2022-11,U102
96785800,holdings.office1@gmail.com,0596564a,3228,11/8/2022,0-787143,חשבון גז, ₪39.31,11/8/2022,שולם על חודשים 8-9,Purchases_Images/96785800.Cheshbonit Vendor.083622.jpg,,,,,2022-11,U102
e466a4eb,holdings.office1@gmail.com,0596564a,2025,11/8/2022,0-225447,חשבון גז, ₪39.31,11/8/2022,שולם על חודשים 8-9,Purchases_Images/e466a4eb.Cheshbonit Vendor.083735.jpg,,,,,2022-11,U095
6e0c32a9,holdings.office1@gmail.com,0596564a,2060,11/8/2022,0-430496,חשבון גז, ₪100.71,11/8/2022,שולם על חודשים 8-9,Purchases_Images/6e0c32a9.Cheshbonit Vendor.083841.jpg,,,,,2022-11,U097
bcada3a4,holdings.office1@gmail.com,fc46cf6f,1330,11/20/2022,0-074773,חשבון מים, ₪16.51,11/20/2022,10/2022,Purchases_Files_/bcada3a4.Cheshbonit Vendor.062905.51.pdf,,,,,2022-11,
a7110b16,holdings.office1@gmail.com,fc46cf6f,0921,11/20/2022,0-682666,חשבון מים, ₪108.70,11/20/2022,18.9-1.11,Purchases_Files_/a7110b16.Cheshbonit Vendor.062955.70.pdf,,,,,2022-11,
656e3f2d,holdings.office1@gmail.com,0596564a,3225,11/8/2022,,חשבון גז, ₪39.31,11/8/2022,שולם על חודשים 8-9,Purchases_Files_/656e3f2d.Cheshbonit Vendor.085400.31.pdf,,,,,2022-11,U102
4c1be137,holdings.office1@gmail.com,9a38660a,1816,12/13/0022,610154,ארנונה, ₪419.80,12/13/0022,"11-12/2022
יתרה 2021 יחידה 42",Purchases_Files_/4c1be137.Cheshbonit Vendor.063144.80.pdf,,,,,2022-12,U052
374aac84,holdings.office1@gmail.com,9a38660a,3010,12/14/2022,69022582,ארנונה," ₪8,877.70",12/14/2022,11-12/2022 תשלום ארנונה קרן אבירם,Purchases_Files_/374aac84.Cheshbonit Vendor.130213.70.pdf,,,,,2022-12,U102
e290bcd7,holdings.office1@gmail.com,9a38660a,2702,12/15/2022,12269218,ארנונה, ₪717.50,12/15/2022,11-12/2022,Purchases_Files_/e290bcd7.Cheshbonit Vendor.100208.5.pdf,,,,,2022-12,U097
c2e7a865,yuri@emmaleh.com,b3269088,3238,11/1/2022,,"Moving (Hovala) , Regualr Fridge"," ₪2,000.00",11/16/2022,,Purchases_Images/c2e7a865.Cheshbonit Vendor.065542.jpg,,,,,2022-11,U102
271e0d99,yuri@emmaleh.com,b3269088,1849,11/6/2022,,"Moving (Hovala) , Regualr Fridge"," ₪2,000.00",11/16/2022,,Purchases_Images/271e0d99.Cheshbonit Vendor.065943.jpg,,,,,2022-11,U061
d03bd934,holdings.office1@gmail.com,9a38660a,1724,12/18/2022,974846,ארנונה, ₪192.60,12/18/2022,10.8-30.9,Purchases_Files_/d03bd934.Cheshbonit Vendor.112949.60.pdf,,,,,2022-12,U052
f213b75e,holdings.office1@gmail.com,9a38660a,0921,12/18/2022,0-870634,ארנונה, ₪448.70,12/18/2022,9-10/2022,Purchases_Files_/f213b75e.Cheshbonit Vendor.124428.70.pdf,,,,,2022-12,
e717835c,holdings.office1@gmail.com,fb4521e2,3217,12/18/2022,0-599704,חשבון חשמל," ₪1,146.73",12/18/2022,16.9-16.11 (הדייר שילם חלק מהסכום לחשבון של השקעות),Purchases_Files_/e717835c.Cheshbonit Vendor.125638.73.pdf,,,,,2022-12,U102
afd24e5f,holdings.office1@gmail.com,0596564a,0427,12/21/2022,,חשבון גז, ₪200.00,12/21/2022,תיקון צנרת חיצונית,Purchases_Images/afd24e5f.Cheshbonit Vendor.060728.png,,,,,2022-12,
e9101329,yuri@emmaleh.com,f5e5f165,0929,12/27/2022,,Misc, ₪60.00,,,Purchases_Images/e9101329.Cheshbonit Vendor.082930.jpg,,,,,2022-12,
61999d1d,holdings.office1@gmail.com,fc46cf6f,2702,12/22/2022,0-335679,חשבון מים, ₪914.27,12/22/2022,6-11/2022,Purchases_Files_/61999d1d.Cheshbonit Vendor.125111.27.pdf,,,,,2022-12,U097
22738000,holdings.office1@gmail.com,fc46cf6f,1f59ee08d,12/22/2022,0-877894,חשבון מים," ₪3,268.36",12/22/2022,תשלום מים 10-11 השקעות,Purchases_Files_/22738000.Cheshbonit Vendor.125248.36.pdf,,,,,2022-12,U095
da135899,holdings.office1@gmail.com,fc46cf6f,3220,12/22/2022,0-225177,חשבון מים, ₪50.30,12/22/2022,תשלום מים 10-11 +יתרת החלפת דייר יחידה 202,Purchases_Files_/da135899.Cheshbonit Vendor.125455.30.pdf,,,,,2022-12,U102
1145989b,holdings.office1@gmail.com,fc46cf6f,3010,12/22/2022,0-113902,חשבון מים," ₪1,856.78",12/22/2022,תשלום מים 10-11 קרן אבירם,Purchases_Files_/1145989b.Cheshbonit Vendor.125713.78.pdf,,,,,2022-12,U102
c4469952,holdings.office1@gmail.com,fc46cf6f,1922,12/22/2022,0-541797,חשבון מים, ₪287.89,12/22/2022,"תשלום מים עבור דייר על חודשים 8-11 .
 דייר יעביר את הסכום הזה יחד עם דמי שכירות",Purchases_Files_/c4469952.Cheshbonit Vendor.125846.89.pdf,,,,,2022-12,U095
ff46fb4c,holdings.office1@gmail.com,0596564a,2060,12/27/2022,0-834432,חשבון גז, ₪129.61,12/27/2022,10-11/2022,Purchases_Images/ff46fb4c.Cheshbonit Vendor.130026.jpg,,,,,2022-12,U097
4d9ed44d,holdings.office1@gmail.com,0596564a,2025,12/27/2022,,חשבון גז, ₪39.31,12/27/2022,10-11/2022,Purchases_Images/4d9ed44d.Cheshbonit Vendor.130247.jpg,,,,,2022-12,U095
c126f7d1,holdings.office1@gmail.com,0596564a,3228,12/27/2022,00-15644,חשבון גז, ₪39.31,12/27/2022,10-11/2022,Purchases_Images/c126f7d1.Cheshbonit Vendor.130556.jpg,,,,,2022-12,U102
60228f19,holdings.office1@gmail.com,0596564a,3205,12/27/2022,00-72587,חשבון גז, ₪46.54,12/27/2022,10-112022,Purchases_Images/60228f19.Cheshbonit Vendor.130724.jpg,,,,,2022-12,U102
4c157da0,holdings.office1@gmail.com,0596564a,3204,12/27/2022,0-105478,חשבון גז, ₪46.54,12/27/2022,10-11/2022,Purchases_Images/4c157da0.Cheshbonit Vendor.130915.jpg,,,,,2022-12,U102
e50030e8,holdings.office1@gmail.com,0596564a,1815,12/29/2022,0-658633,חשבון גז, ₪244.00,12/29/2022,ינואר-אוקטובר 2022,Purchases_Files_/e50030e8.Cheshbonit Vendor.131030.pdf,,,,,2022-12,U052
41227f3d,holdings.office1@gmail.com,fc46cf6f,0914,12/29/2022,0-115253,חשבון מים, ₪316.01,12/29/2022,תשלום עבור פיצוץ בצנרת משותפת,Purchases_Files_/41227f3d.Cheshbonit Vendor.131150.01.pdf,,,,,2022-12,
73df7eda,holdings.office1@gmail.com,fc46cf6f,0929,12/29/2022,0-939280,חשבון מים, ₪321.00,12/29/2022,תשלום עבור פיצוץ בצנרת משותפת,Purchases_Files_/73df7eda.Cheshbonit Vendor.131306.pdf,,,,,2022-12,
2e21740a,holdings.office1@gmail.com,fc46cf6f,927,12/29/2022,0-318386,חשבון מים, ₪330.00,12/29/2022,תשלום עבור פיצוץ מים במשותפת,Purchases_Files_/2e21740a.Cheshbonit Vendor.065148.pdf,,,,,2022-12,U102
969322bc,holdings.office1@gmail.com,fb4521e2,2020,1/4/2023,0-167312,חשבון חשמל, ₪29.10,1/4/2023,22.11-26.12,Purchases_Files_/969322bc.Cheshbonit Vendor.072101.10.pdf,,,,,2023-01,U095
e0304191,holdings.office1@gmail.com,fb4521e2,2120,1/5/2023,0-239533,חשבון חשמל, ₪96.85,1/5/2023,18.11-3.1,Purchases_Files_/e0304191.Cheshbonit Vendor.122122.85.pdf,,,,,2023-01,U097
6f57a875,holdings.office1@gmail.com,fb4521e2,2809,1/5/2023,0-283416,חשבון חשמל, ₪52.32,1/5/2023,18.11-3.1,Purchases_Files_/6f57a875.Cheshbonit Vendor.122255.32.pdf,,,,,2023-01,U102
6257acbf,holdings.office1@gmail.com,fb4521e2,3008,1/5/2023,0325274,חשבון חשמל, ₪98.50,1/5/2023,18.11-3.1,Purchases_Files_/6257acbf.Cheshbonit Vendor.124425.50.pdf,,,,,2023-01,U102
ab195412,holdings.office1@gmail.com,fb4521e2,3013,1/5/2023,0578872,חשבון חשמל, ₪498.70,1/5/2023,2.12-3.1,Purchases_Files_/ab195412.Cheshbonit Vendor.124559.70.pdf,,,,,2023-01,U102
0e9bb180,holdings.office1@gmail.com,fb4521e2,2129,1/5/2023,0010785,חשבון חשמל, ₪50.66,1/5/2023,18.11-3.1,Purchases_Files_/0e9bb180.Cheshbonit Vendor.124707.66.pdf,,,,,2023-01,U097
9e3d57a6,yuri@emmaleh.com,b3269090,186dafa2a,1/5/2023,,OFFICE RENT," ₪2,048.07",1/5/2023,,Purchases_Files_/9e3d57a6.Cheshbonit Vendor.073831.pdf,,,,,2023-01,U094
3085c18c,holdings.office1@gmail.com,fb4521e2,2059,1/8/2023,0540526,חשבון חשמל, ₪71.84,1/8/2023,22.11-4.1,Purchases_Files_/3085c18c.Cheshbonit Vendor.105626.84.pdf,,,,,2023-01,U097
c0231d69,holdings.office1@gmail.com,fb4521e2,0413,1/8/2023,0652099,חשבון חשמל, ₪156.30,1/8/2023,22.11-4.1,Purchases_Files_/c0231d69.Cheshbonit Vendor.105800.30.pdf,,,,,2023-01,
2968bcd0,holdings.office1@gmail.com,fb4521e2,1816,1/8/2023,0900803,חשבון חשמל, ₪82.35,1/8/2023,31.10-4.1,Purchases_Files_/2968bcd0.Cheshbonit Vendor.105935.35.pdf,,,,,2023-01,U052
d9039016,holdings.office1@gmail.com,fb4521e2,3205,1/8/2023,0935015,חשבון חשמל, ₪103.11,1/8/2023,17.11-4.1,Purchases_Files_/d9039016.Cheshbonit Vendor.110058.11.pdf,,,,,2023-01,U102
4e7fa6ce,holdings.office1@gmail.com,fb4521e2,2060,1/8/2023,0996728,חשבון חשמל, ₪275.52,1/8/0233,22.11-4.1,Purchases_Files_/4e7fa6ce.Cheshbonit Vendor.110225.52.pdf,,,,,2023-01,U097
ad0e008e,holdings.office1@gmail.com,fb4521e2,2023,1/8/2023,0107169,חשבון חשמל, ₪202.63,1/8/2023,22.11-4.1,Purchases_Files_/ad0e008e.Cheshbonit Vendor.110402.63.pdf,,,,,2023-01,U095
fc7dbc7d,holdings.office1@gmail.com,fb4521e2,3221,1/8/2023,0449710,חשבון חשמל, ₪71.33,1/8/2023,17.11-4.1,Purchases_Files_/fc7dbc7d.Cheshbonit Vendor.110523.33.pdf,,,,,2023-01,U102
533ec750,holdings.office1@gmail.com,fb4521e2,1729,1/8/2022,0909549,חשבון חשמל, ₪135.49,1/8/2023,22.11-4.1,Purchases_Files_/533ec750.Cheshbonit Vendor.110659.49.pdf,,,,,2022-01,U052
c9641ae1,holdings.office1@gmail.com,fb4521e2,3222,1/8/2023,0969675,חשבון חשמל, ₪52.31,1/8/2023,17.11-4.1,Purchases_Files_/c9641ae1.Cheshbonit Vendor.110823.31.pdf,,,,,2023-01,U102
ec0666ef,holdings.office1@gmail.com,fb4521e2,0416,1/8/2023,0102442,חשבון חשמל, ₪51.65,1/8/2023,22.11-4.1,Purchases_Files_/ec0666ef.Cheshbonit Vendor.111011.65.pdf,,,,,2023-01,
3e2a0ec7,holdings.office1@gmail.com,fb4521e2,1912,1/8/2023,0630699,חשבון חשמל, ₪100.22,1/8/2022,22.11-4.1,Purchases_Files_/3e2a0ec7.Cheshbonit Vendor.111327.22.pdf,,,,,2023-01,U095
e800cc7e,holdings.office1@gmail.com,fb4521e2,1849,1/8/2023,0717678,חשבון חשמל, ₪244.95,1/8/2023,9.11-4.1,Purchases_Files_/e800cc7e.Cheshbonit Vendor.111512.95.pdf,,,,,2023-01,U061
b3cceef7,holdings.office1@gmail.com,fb4521e2,1723,1/8/2023,0883272,חשבון חשמל, ₪233.31,1/8/2023,22.11-4.1,Purchases_Files_/b3cceef7.Cheshbonit Vendor.111641.31.pdf,,,,,2023-01,U052
6ce7be69,holdings.office1@gmail.com,fb4521e2,3225,1/9/2023,0-098244,חשבון חשמל, ₪93.13,1/9/2023,16.9-5.1,Purchases_Files_/6ce7be69.Cheshbonit Vendor.111749.13.pdf,,,,,2023-01,U102
0786b07c,yuri@emmaleh.com,b3269088,1330,1/1/2023,,"Moving (Hovala) , Regualr Fridge"," ₪1,971.00",1/9/2023,1970.99,Purchases_Images/0786b07c.Cheshbonit Vendor.175412.jpg,,,,,2023-01,
3ccc0c6f,yuri@emmaleh.com,b3269088,0946,1/10/2023,,"Moving (Hovala) , Regualr Fridge"," ₪2,170.00",1/16/2023,,Purchases_Images/3ccc0c6f.Cheshbonit Vendor.120501.jpg,,,,,2023-01,
c81c8e25,yuri@emmaleh.com,b3269088,2060,1/10/2023,,"Moving (Hovala) , Small Fridge"," ₪1,551.00",1/16/2023,,Purchases_Files_/c81c8e25.Cheshbonit Vendor.120824.pdf,,,,,2023-01,U097
bdaa88d7,yuri@emmaleh.com,b3269088,1413,1/16/2023,,"Moving (Hovala) , Gas burners", ₪772.00,1/22/2023,,Purchases_Images/bdaa88d7.Cheshbonit Vendor.082347.jpg,,,,,2023-01,U052
88a01cea,holdings.office1@gmail.com,fb4521e2,2059,1/12/2023,0-039826,חשבון חשמל, ₪5.97,1/12/2023,5.1-8.1,Purchases_Files_/88a01cea.Cheshbonit Vendor.134509.97.pdf,,,,,2023-01,U097
786f3f29,holdings.office1@gmail.com,fb4521e2,3217,1/12/2023,0-113647,חשבון חשמל, ₪926.83,1/12/2023,17.11-4.1,Purchases_Files_/786f3f29.Cheshbonit Vendor.094757.83.pdf,,,,,2023-01,U102
8194b57b,holdings.office1@gmail.com,0596564a,1413,1/15/2023,0-782565,חשבון גז, ₪290.00,1/15/2023,התקנת כיריים,Purchases_Files_/8194b57b.Cheshbonit Vendor.094901.pdf,,,,,2023-01,U052
b67c7ad2,holdings.office1@gmail.com,0596564a,1405,1/17/2023,0-946622,חשבון גז, ₪44.86,1/17/2023,20.9-18.11,Purchases_Files_/b67c7ad2.Cheshbonit Vendor.095054.86.pdf,,,,,2023-01,U052
e210d346,holdings.office1@gmail.com,0596564a,1922,1/17/2023,0-805804,חשבון גז, ₪284.57,1/17/2023,20.9-20.11,Purchases_Files_/e210d346.Cheshbonit Vendor.095706.57.pdf,,,,,2023-01,U095
54f10fe4,holdings.office1@gmail.com,0596564a,2031,1/19/2023,891725,חשבון גז, ₪97.10,1/19/2023,שולם על חודשים 10-11,Purchases_Images/54f10fe4.Cheshbonit Vendor.100137.jpg,,,,,2023-01,U095
95a028db,holdings.office1@gmail.com,0596564a,2129,1/19/2023,739976,חשבון גז, ₪60.98,1/19/2023,שולם על חודשים 10-11,Purchases_Images/95a028db.Cheshbonit Vendor.100358.jpg,,,,,2023-01,U097
1e3b6fef,holdings.office1@gmail.com,0596564a,1841,1/23/2023,0-970806,חשבון גז, ₪98.01,1/23/2023,גמר חשבון - שולם עבור הדייר באישור יורי,Purchases_Files_/1e3b6fef.Cheshbonit Vendor.100544.01.pdf,,,,,2023-01,U061
cd1c2f46,holdings.office1@gmail.com,0596564a,1413,1/23/2023,0-856351,חשבון גז, ₪61.85,1/23/2023,גמר חשבון - שולם עבור הדייר באישור יורי,Purchases_Files_/cd1c2f46.Cheshbonit Vendor.100716.85.pdf,,,,,2023-01,U052
d4e332c2,holdings.office1@gmail.com,0596564a,0424,1/24/2023,0-344077,חשבון גז, ₪14.06,1/24/2023,3.1-18.1,Purchases_Files_/d4e332c2.Cheshbonit Vendor.100824.06.pdf,,,,,2023-01,
5dc2efa2,holdings.office1@gmail.com,0596564a,1819,1/24/2023,0-411413,חשבון גז, ₪12.40,1/24/2023,3.1-18.1,Purchases_Files_/5dc2efa2.Cheshbonit Vendor.100940.40.pdf,,,,,2023-01,U052
5258fc11,holdings.office1@gmail.com,0596564a,435,1/24/2023,0-463182,חשבון גז, ₪95.40,1/24/2023,19.11-18.1,Purchases_Files_/5258fc11.Cheshbonit Vendor.101119.40.pdf,,,,,2023-01,U102
a28a1193,holdings.office1@gmail.com,0596564a,2626,1/24/2023,0-537613,חשבון גז, ₪217.19,1/24/2023,19.11-18.1,Purchases_Files_/a28a1193.Cheshbonit Vendor.101216.19.pdf,,,,,2023-01,U097
ec8ed3df,holdings.office1@gmail.com,0596564a,0416,1/24/2023,0-598318,חשבון גז, ₪48.09,1/24/2023,19.11-18.1,Purchases_Files_/ec8ed3df.Cheshbonit Vendor.101333.09.pdf,,,,,2023-01,
631712c7,holdings.office1@gmail.com,0596564a,0413,1/24/2023,0-284141,חשבון גז, ₪50.44,1/24/2023,19.11-18.1,Purchases_Files_/631712c7.Cheshbonit Vendor.101435.44.pdf,,,,,2023-01,
1e3ddb3c,holdings.office1@gmail.com,0596564a,1715,1/24/2023,0-338483,חשבון גז, ₪43.40,1/24/2023,19.11-18.1,Purchases_Files_/1e3ddb3c.Cheshbonit Vendor.101604.40.pdf,,,,,2023-01,U052
4b4328b4,holdings.office1@gmail.com,0596564a,1815,1/24/2023,0-525766,חשבון גז, ₪50.44,1/24/2023,19.11-18.1,Purchases_Files_/4b4328b4.Cheshbonit Vendor.101703.44.pdf,,,,,2023-01,U052
3b823242,holdings.office1@gmail.com,0596564a,0953,1/24/2023,0-588103,חשבון גז, ₪71.91,1/24/2023,19.11-18.1,Purchases_Files_/3b823242.Cheshbonit Vendor.101844.91.pdf,,,,,2023-01,
eac0daff,yuri@emmaleh.com,b3269088,1304,1/16/2023,,"WM Side Door , Moving (Hovala)", ₪959.00,1/24/2023,,Purchases_Images/eac0daff.Cheshbonit Vendor.122022.jpg,,,,,2023-01,
0212e7e4,yuri@emmaleh.com,f5e5f165,1701,1/26/2023,,Misc, ₪99.90,1/26/2023,,Purchases_Files_/0212e7e4.Cheshbonit Vendor.070133.90.pdf,,,,,2023-01,U052
a0647fbe,holdings.office1@gmail.com,fc46cf6f,0935,1/25/2023,0-960856,חשבון מים, ₪485.37,1/25/2023,תשלם עבור פיצוץ מים חודשים 8-11,Purchases_Files_/a0647fbe.Cheshbonit Vendor.080347.37.pdf,,,,,2023-01,
471455d0,holdings.office1@gmail.com,0596564a,1849,1/26/2023,0-573808,חשבון גז, ₪200.29,1/26/2023,תשלום גז חודשים 11-12 וגמר חשבון של דייר,Purchases_Files_/471455d0.Cheshbonit Vendor.080458.29.pdf,,,,,2023-01,U061
44901b64,yuri@emmaleh.com,b3269088,2702,1/30/2023,,Microwave, ₪267.00,1/30/2023,,Purchases_Files_/44901b64.Cheshbonit Vendor.073247.pdf,,,,,2023-01,U097
d9ec6b47,yuri@emmaleh.com,b3269088,3013,12/22/2022,,"Moving (Hovala) , Electric Burners , Microwave", ₪771.30,,,Purchases_Files_/d9ec6b47.Cheshbonit Vendor.111157.30.pdf,,,,,2022-12,U102
5bd8f358,holdings.office1@gmail.com,fc46cf6f,2031,1/30/2023,0-773036,חשבון מים, ₪174.86,1/30/2023,6-11/2022,Purchases_Files_/5bd8f358.Cheshbonit Vendor.082150.86.pdf,,,,,2023-01,U095
db1223cd,holdings.office1@gmail.com,fc46cf6f,3216,1/30/2023,0-850933,חשבון מים, ₪59.63,1/30/2023,10-11/2022,Purchases_Files_/db1223cd.Cheshbonit Vendor.082316.63.pdf,,,,,2023-01,U102
38c5eae2,holdings.office1@gmail.com,fb4521e2,1327,1/31/2023,0-219238,חשבון חשמל, ₪33.02,1/31/2023,9.1-21.1,Purchases_Files_/38c5eae2.Cheshbonit Vendor.082424.02.pdf,,,,,2023-01,
5d2a7b23,yuri@emmaleh.com,b3269088,3234,12/27/2022,,"Moving (Hovala) , WM Top Door"," ₪1,491.00",1/30/2023,,Purchases_Files_/5d2a7b23.Cheshbonit Vendor.083847.pdf,,,,,2022-12,U102
5f66f1e7,yuri@emmaleh.com,ea664585,1701,2/5/2023,,Lights, ₪99.80,2/6/2023,,Purchases_Files_/5f66f1e7.Cheshbonit Vendor.100529.80.pdf,,,,,2023-02,U052
a424fe6d,yuri@emmaleh.com,b3269090,186dafa2a,2/6/2023,,OFFICE RENT," ₪2,048.07",2/6/2023,,Purchases_Files_/a424fe6d.Cheshbonit Vendor.075319.pdf,,,,,2023-02,U094
ec86b9a2,holdings.office1@gmail.com,0596564a,1413,2/1/2023,0-898718,חשבון גז, ₪12.40,2/1/2023,גמר חשבון,Purchases_Files_/ec86b9a2.Cheshbonit Vendor.102733.40.pdf,,,,,2023-02,U052
ece0f746,holdings.office1@gmail.com,fb4521e2,1413,2/6/2023,0-398339,חשבון חשמל, ₪66.07,2/6/2023,12.1-30.1,Purchases_Files_/ece0f746.Cheshbonit Vendor.102830.07.pdf,,,,,2023-02,U052
d04c02d6,holdings.office1@gmail.com,fb4521e2,1849,2/6/2023,0-529024,חשבון חשמל, ₪140.89,2/6/2023,5.1-30.1,Purchases_Files_/d04c02d6.Cheshbonit Vendor.102917.89.pdf,,,,,2023-02,U061
23e3d21a,holdings.office1@gmail.com,0596564a,1849,2/6/2023,0-940494,חשבון גז, ₪117.21,2/6/2023,חודש ינואר וגמר חשבון,Purchases_Files_/23e3d21a.Cheshbonit Vendor.103008.21.pdf,,,,,2023-02,U061
5cd0c063,holdings.office1@gmail.com,0596564a,0424,2/6/2023,0-751495,חשבון גז, ₪16.15,2/6/2023,גמר חשבון,Purchases_Files_/5cd0c063.Cheshbonit Vendor.103059.15.pdf,,,,,2023-02,
4b8735ec,holdings.office1@gmail.com,0596564a,2614,2/7/2023,0-839100,חשבון גז, ₪290.00,2/7/2023,חיבור כיריים,Purchases_Files_/4b8735ec.Cheshbonit Vendor.103153.pdf,,,,,2023-02,U097
6930f599,holdings.office1@gmail.com,9a38660a,1819,2/12/2023,0-767475,ארנונה, ₪403.20,2/12/2023,שולם בשם הדיירת עשתה העברה להשקעות לחשבון,Purchases_Files_/6930f599.Cheshbonit Vendor.103258.20.pdf,,,,,2023-02,U052
d2787c76,yuri@emmaleh.com,6ffe01d6,1816,2/12/2023,,"Moving (Hovala) , Big Couch"," ₪1,950.00",2/12/2023,,Purchases_Files_/d2787c76.Cheshbonit Vendor.092311.pdf,,,,,2023-02,U052
35b887d2,holdings.office1@gmail.com,fc46cf6f,0905,2/9/2023,0-415026,חשבון מים, ₪345.20,2/9/2023,שולם עבור פיצוץ מים חודשים 8-11,Purchases_Files_/35b887d2.Cheshbonit Vendor.114737.20.pdf,,,,,2023-02,
f9102518,yuri@emmaleh.com,f5e5f165,1816,2/18/2023,,Misc, ₪329.00,,,Purchases_Files_/f9102518.Cheshbonit Vendor.060339.pdf,,,,,2023-02,U052
9fc7f5de,yuri@emmaleh.com,b3269088,2130,1/30/2023,,"WM Side Door , Moving (Hovala)", ₪979.00,,,Purchases_Files_/9fc7f5de.Cheshbonit Vendor.095547.pdf,,,,,2023-01,U097
e000c154,yuri@emmaleh.com,b3269088,2052,1/22/2023,,"WM Side Door , Moving (Hovala)", ₪940.00,,,Purchases_Files_/e000c154.Cheshbonit Vendor.095646.pdf,,,,,2023-01,U095
3df8972f,yuri@emmaleh.com,b3269088,3234,1/10/2023,,Electric Burners, ₪306.00,,,Purchases_Files_/3df8972f.Cheshbonit Vendor.095745.pdf,,,,,2023-01,U102
936f2bd6,yuri@emmaleh.com,5d50e1a6,1816,2/16/2023,,"Misc , Carpet , Dining table", ₪837.00,2/22/2023,,Purchases_Files_/936f2bd6.Cheshbonit Vendor.072934.pdf,,,,,2023-02,U052
4eda86a4,holdings.office1@gmail.com,fb4521e2,1726,2/21/2023,0-129023,חשבון חשמל, ₪211.36,2/21/2023,"תשלום עבור הדייר, דייר מעביר כסף ליורי",Purchases_Files_/4eda86a4.Cheshbonit Vendor.111334.36.pdf,,,,,2023-02,U052
b17af109,holdings.office1@gmail.com,fb4521e2,1922,2/21/2023,0-263533,חשבון חשמל," ₪2,281.63",2/21/2023,"תשלום עבור הדייר,דייר השאיר פיקדון",Purchases_Files_/b17af109.Cheshbonit Vendor.111424.63.pdf,,,,,2023-02,U095
21244273,holdings.office1@gmail.com,9a38660a,1922,2/21/2023,15420221,ארנונה, ₪754.60,2/21/2023,"תשלום עבור הדייר,דייר השאיר פיקדון (חודשים 9-12.22)",Purchases_Files_/21244273.Cheshbonit Vendor.111516.60.pdf,,,,,2023-02,U095
3ba759fc,holdings.office1@gmail.com,0596564a,2060,2/21/2023,0-479063,חשבון גז, ₪183.01,2/21/2023,תשלום על חודשים 12-1,Purchases_Images/3ba759fc.Cheshbonit Vendor.100423.jpg,,,,,2023-02,U097
2a192e9b,holdings.office1@gmail.com,0596564a,2025,2/21/2023,0-517235,חשבון גז, ₪39.31,2/21/2023,תשלום על חודשים 12-1,Purchases_Files_/2a192e9b.Cheshbonit Vendor.104830.31.pdf,,,,,2023-02,U095
5ec5912c,holdings.office1@gmail.com,0596564a,3228,2/21/2023,0-558817,חשבון גז, ₪39.31,2/21/2023,תשלום על חודשים 12-1,Purchases_Images/5ec5912c.Cheshbonit Vendor.100631.jpg,,,,,2023-02,U102
205aad25,holdings.office1@gmail.com,0596564a,3205,2/21/2023,0-591909,חשבון גז, ₪50.67,2/21/2023,תשלום על חודשים 12-1,Purchases_Images/205aad25.Cheshbonit Vendor.100655.jpg,,,,,2023-02,U102
25c19d81,holdings.office1@gmail.com,0596564a,3204,2/21/2023,0-683615,חשבון גז, ₪39.31,2/21/2023,תשלום על חודשים 12-1,Purchases_Images/25c19d81.Cheshbonit Vendor.100722.jpg,,,,,2023-02,U102
1e1d3516,holdings.office1@gmail.com,fc46cf6f,1922,2/26/2023,557736,חשבון מים, ₪192.77,2/26/2023,"תשלום עבור הדייר,דייר השאיר פיקדון חודשים  12-1",Purchases_Files_/1e1d3516.Cheshbonit Vendor.112007.77.pdf,,,,,2023-02,U095
dbc4e78f,holdings.office1@gmail.com,fc46cf6f,2702,2/26/2023,0-824011,חשבון מים, ₪274.51,2/26/2023,תשלום מים דצמבר 22-ינואר 23,Purchases_Files_/dbc4e78f.Cheshbonit Vendor.112058.51.pdf,,,,,2023-02,U097
535f0edc,holdings.office1@gmail.com,fc46cf6f,3220,2/26/2023,0-996868,חשבון מים, ₪44.97,2/26/2023,תשלום מים דצמבר 22-ינואר 23,Purchases_Files_/535f0edc.Cheshbonit Vendor.112156.97.pdf,,,,,2023-02,U102
4abd2828,holdings.office1@gmail.com,9a38660a,3220,2/26/2023,0-998708,ארנונה, ₪702.90,2/26/2023,1-4/2023,Purchases_Files_/4abd2828.Cheshbonit Vendor.112253.90.pdf,,,,,2023-02,U102
28fc7057,holdings.office1@gmail.com,9a38660a,2702,2/26/2023,0-898841,ארנונה, ₪667.61,2/26/2023,1-2/2023,Purchases_Files_/28fc7057.Cheshbonit Vendor.112402.61.pdf,,,,,2023-02,U097
1d9673af,holdings.office1@gmail.com,9a38660a,1f59ee08d,2/26/2022,0-513895,ארנונה," ₪7,844.00",2/26/2023,תשלום ארנונה השקעות דרום 1-2/2023,Purchases_Files_/1d9673af.Cheshbonit Vendor.112543.pdf,,,,,2022-02,U095
f90321ea,holdings.office1@gmail.com,9a38660a,1f59ee08d,2/26/2023,0-930651,ארנונה," ₪1,752.20",2/26/2023,תשלום עבור יחידות100 81 66 עבור 1-4/23,Purchases_Files_/f90321ea.Cheshbonit Vendor.112721.20.pdf,,,,,2023-02,U095
f4ed8cb5,holdings.office1@gmail.com,9a38660a,1f59ee08d,2/26/2023,0-187856,ארנונה," ₪2,612.80",2/26/2023,תשלום עבור יחידות 79 108 73 85 חודשים 1-4/23,Purchases_Files_/f4ed8cb5.Cheshbonit Vendor.112835.80.pdf,,,,,2023-02,U095
1d79f10e,holdings.office1@gmail.com,0596564a,1726,2/27/2023,0-067645,חשבון גז, ₪349.02,2/27/2023,שולם עבור הדייר  עשה העברה להשקעות,Purchases_Files_/1d79f10e.Cheshbonit Vendor.112930.02.pdf,,,,,2023-02,U052
8c9529bb,holdings.office1@gmail.com,0596564a,2642,2/27/2023,0-183129,חשבון גז, ₪197.24,2/27/2023,8-12/22+1/23,Purchases_Files_/8c9529bb.Cheshbonit Vendor.113028.24.pdf,,,,,2023-02,U097
d558ba86,holdings.office1@gmail.com,0596564a,3225,1/23/2023,,חשבון גז, ₪39.31,1/23/2023,שולם בהוראת קבע,Purchases_Images/d558ba86.Cheshbonit Vendor.101003.jpg,,,,,2023-01,U102
d3166a02,holdings.office1@gmail.com,0596564a,2047,1/26/2023,,חשבון גז, ₪31.49,1/26/2023,שולם בהוראת קבע,Purchases_Images/d3166a02.Cheshbonit Vendor.101150.jpg,,,,,2023-01,U095
e5016a06,holdings.office1@gmail.com,fc46cf6f,1f59ee08d,2/28/2023,0-769695,חשבון מים," ₪2,203.27",2/28/2023,תשלום מים השקעות חודשים 12/22-1/23,Purchases_Files_/e5016a06.Cheshbonit Vendor.102418.27.pdf,,,,,2023-02,U095
be7c7d35,holdings.office1@gmail.com,fc46cf6f,3010,2/28/2023,0-637876,חשבון מים," ₪2,549.79",2/28/2023,תשלום מים קרן אבירם חודשים 12/22-1/23,Purchases_Files_/be7c7d35.Cheshbonit Vendor.102528.79.pdf,,,,,2023-02,U102
d47a51fd,holdings.office1@gmail.com,9a38660a,3010,3/1/2023,6675689,ארנונה," ₪7,741.40",3/1/2023,תשלום ארנונה קרן אבירם חודשים 1-2/2023,Purchases_Files_/d47a51fd.Cheshbonit Vendor.102629.40.pdf,,,,,2023-03,U102
a1db3b71,holdings.office1@gmail.com,fb4521e2,2805,3/2/2023,0-191841,חשבון חשמל, ₪58.78,3/2/2023,10.1.23-21.2.23,Purchases_Files_/a1db3b71.Cheshbonit Vendor.102720.78.pdf,,,,,2023-03,U102
21ef1d01,holdings.office1@gmail.com,fb4521e2,0424,3/2/2023,0-344515,חשבון חשמל, ₪72.21,3/2/2023,8.1-1.2,Purchases_Files_/21ef1d01.Cheshbonit Vendor.102813.21.pdf,,,,,2023-03,
9c6b633e,yuri@emmaleh.com,5d50e1a6,1816,3/2/2023,,"Moving (Hovala) , Misc , Carpet , Dining table , Chairs for dining table , Lights"," ₪1,655.00",3/5/2023,Some for U87,Purchases_Files_/9c6b633e.Cheshbonit Vendor.060024.pdf,,,,,2023-03,U052
9afeb71b,holdings.office1@gmail.com,fb4521e2,2809,3/6/2023,0-454165,חשבון חשמל, ₪62.72,3/6/2023,4.1-1.3,Purchases_Files_/9afeb71b.Cheshbonit Vendor.080753.72.pdf,,,,,2023-03,U102
547a950c,holdings.office1@gmail.com,0596564a,3232,3/6/2023,137829,חשבון גז, ₪220.00,3/6/2023,שולם עבור תיקון דליפת גז באישור יורי,Purchases_Files_/547a950c.Cheshbonit Vendor.080846.pdf,,,,,2023-03,U102
b48f3a81,holdings.office1@gmail.com,fb4521e2,0443,3/6/2023,0-488791,חשבון חשמל, ₪77.19,3/6/2023,22.11-2.3,Purchases_Files_/b48f3a81.Cheshbonit Vendor.091141.19.pdf,,,,,2023-03,
fa64017b,holdings.office1@gmail.com,fb4521e2,0413,3/6/2023,0-223883,חשבון חשמל, ₪737.65,3/6/2023,5.1-2.3,Purchases_Files_/fa64017b.Cheshbonit Vendor.091712.65.pdf,,,,,2023-03,
78dbde07,holdings.office1@gmail.com,fb4521e2,3013,3/6/2023,0-663435,חשבון חשמל, ₪283.23,3/6/2023,4.1-1.3,Purchases_Files_/78dbde07.Cheshbonit Vendor.091820.23.pdf,,,,,2023-03,U102
afb2cccf,holdings.office1@gmail.com,fb4521e2,3005,3/6/2023,0-715565,חשבון חשמל, ₪79.07,3/6/2023,18.11-1.3,Purchases_Files_/afb2cccf.Cheshbonit Vendor.091923.07.pdf,,,,,2023-03,U102
3733e80c,holdings.office1@gmail.com,fb4521e2,2023,3/6/2023,0-895482,חשבון חשמל, ₪447.48,3/6/2023,5.1-2.3,Purchases_Files_/3733e80c.Cheshbonit Vendor.092031.48.pdf,,,,,2023-03,U095
f519fb2f,holdings.office1@gmail.com,fb4521e2,3006,3/6/2023,0-949487,חשבון חשמל, ₪79.07,3/6/2023,20.11-1.3,Purchases_Files_/f519fb2f.Cheshbonit Vendor.092833.07.pdf,,,,,2023-03,U102
b7481cac,holdings.office1@gmail.com,fb4521e2,3205,3/6/2023,0-013441,חשבון חשמל, ₪185.66,3/6/2023,5.1-1.3,Purchases_Files_/b7481cac.Cheshbonit Vendor.092940.66.pdf,,,,,2023-03,U102
1e4e3443,holdings.office1@gmail.com,fb4521e2,3228,3/6/2023,0-687137,חשבון חשמל, ₪80.53,3/6/2023,17.11-1.3,Purchases_Files_/1e4e3443.Cheshbonit Vendor.093531.53.pdf,,,,,2023-03,U102
e799b478,holdings.office1@gmail.com,fb4521e2,1912,3/6/2023,0-867812,חשבון חשמל, ₪264.56,3/6/2023,5.1-2.3,Purchases_Files_/e799b478.Cheshbonit Vendor.093631.56.pdf,,,,,2023-03,U095
18ae808f,holdings.office1@gmail.com,fb4521e2,3208,3/6/2023,0-008953,חשבון חשמל, ₪79.91,3/6/2023,17.11-1.3,Purchases_Files_/18ae808f.Cheshbonit Vendor.093751.91.pdf,,,,,2023-03,U102
f21e7f3e,holdings.office1@gmail.com,fb4521e2,1729,3/6/2023,0-120246,חשבון חשמל, ₪206.91,3/6/2023,5.1-2.3,Purchases_Files_/f21e7f3e.Cheshbonit Vendor.094309.91.pdf,,,,,2023-03,U052
46715f67,holdings.office1@gmail.com,fb4521e2,1715,3/6/2023,0-416008,חשבון חשמל, ₪76.57,3/6/2023,22.11-1.3,Purchases_Files_/46715f67.Cheshbonit Vendor.094411.57.pdf,,,,,2023-03,U052
3f9505de,holdings.office1@gmail.com,fb4521e2,2025,3/6/2023,0-539114,חשבון חשמל, ₪76.57,3/6/2023,22.11-2.3,Purchases_Files_/3f9505de.Cheshbonit Vendor.094514.57.pdf,,,,,2023-03,U095
060ca581,holdings.office1@gmail.com,fb4521e2,2130,3/6/2023,0-762567,חשבון חשמל, ₪214.86,3/6/2023,15.11-1.3,Purchases_Files_/060ca581.Cheshbonit Vendor.094810.86.pdf,,,,,2023-03,U097
0e8318a7,holdings.office1@gmail.com,fb4521e2,1816,3/6/2023,0-088476,חשבון חשמל, ₪86.62,3/6/2023,5.1-2.3,Purchases_Files_/0e8318a7.Cheshbonit Vendor.094913.62.pdf,,,,,2023-03,U052
0df66033,holdings.office1@gmail.com,fb4521e2,2604,3/6/2023,0-580613,חשבון חשמל, ₪79.91,3/6/2023,17.11-1.3,Purchases_Files_/0df66033.Cheshbonit Vendor.095017.91.pdf,,,,,2023-03,U097
45fff8d1,holdings.office1@gmail.com,fb4521e2,2606,3/6/2023,0-659052,חשבון חשמל, ₪79.91,3/6/2023,17.11-1.3,Purchases_Files_/45fff8d1.Cheshbonit Vendor.095128.91.pdf,,,,,2023-03,U097
171cf56d,holdings.office1@gmail.com,fb4521e2,1308,3/6/2023,0-743831,חשבון חשמל, ₪76.57,3/6/2023,22.11-2.3,Purchases_Files_/171cf56d.Cheshbonit Vendor.095337.57.pdf,,,,,2023-03,
6916c401,holdings.office1@gmail.com,fb4521e2,2120,3/6/2023,0-908582,חשבון חשמל, ₪88.49,3/6/2023,4.1-1.3,Purchases_Files_/6916c401.Cheshbonit Vendor.095446.49.pdf,,,,,2023-03,U097
0a4a8d8b,holdings.office1@gmail.com,fb4521e2,3242,3/6/2023,0-164681,חשבון חשמל, ₪79.91,3/6/2023,17.11-1.3,Purchases_Files_/0a4a8d8b.Cheshbonit Vendor.095555.91.pdf,,,,,2023-03,U102
53fa5d20,holdings.office1@gmail.com,fb4521e2,1819,3/6/2023,0-263137,חשבון חשמל, ₪229.31,3/6/2023,9.1-2.3,Purchases_Files_/53fa5d20.Cheshbonit Vendor.095653.31.pdf,,,,,2023-03,U052
28a29c3d,holdings.office1@gmail.com,fb4521e2,1706,3/6/2023,0-509869,חשבון חשמל, ₪195.24,3/6/2023,9.1-2.3,Purchases_Files_/28a29c3d.Cheshbonit Vendor.100912.24.pdf,,,,,2023-03,U052
7b511a63,holdings.office1@gmail.com,fb4521e2,1723,3/6/2023,0-597435,חשבון חשמל, ₪558.45,3/6/2023,5.1-2.3,Purchases_Files_/7b511a63.Cheshbonit Vendor.112457.45.pdf,,,,,2023-03,U052
86cc214c,holdings.office1@gmail.com,fb4521e2,1927,3/6/2023,0-739219,חשבון חשמל, ₪73.15,3/6/2023,15.1-2.3,Purchases_Files_/86cc214c.Cheshbonit Vendor.112640.15.pdf,,,,,2023-03,U095
03c43899,holdings.office1@gmail.com,fb4521e2,2060,3/6/2023,0-833723,חשבון חשמל, ₪548.53,3/6/2023,5.1-2.3,Purchases_Files_/03c43899.Cheshbonit Vendor.112802.53.pdf,,,,,2023-03,U097
76e4a34f,holdings.office1@gmail.com,fb4521e2,1710,3/6/2023,0-938308,חשבון חשמל, ₪402.96,3/6/2023,6.1-2.3,Purchases_Files_/76e4a34f.Cheshbonit Vendor.112924.96.pdf,,,,,2023-03,U052
15b7ed5d,holdings.office1@gmail.com,fb4521e2,2118,3/6/2023,0-993147,חשבון חשמל, ₪679.00,3/6/2023,5.1-1.3,Purchases_Files_/15b7ed5d.Cheshbonit Vendor.113030.pdf,,,,,2023-03,U097
cc613895,yuri@emmaleh.com,f5e5f165,1922,3/8/2023,,Closet, ₪999.00,3/8/2023,,Purchases_Files_/cc613895.Cheshbonit Vendor.095311.pdf,,,,,2023-03,U095
2cc1ad40,holdings.office1@gmail.com,9a38660a,0424,3/9/2023,10792219,ארנונה, ₪14.80,2/9/2023,30-31/12/2023,Purchases_Files_/2cc1ad40.Cheshbonit Vendor.085132.80.pdf,,,,,2023-03,
b7600063,holdings.office1@gmail.com,fb4521e2,3008,3/9/2023,0-333245,חשבון חשמל, ₪145.70,3/9/2023,4.1-1.3,Purchases_Files_/b7600063.Cheshbonit Vendor.104947.70.pdf,,,,,2023-03,U102
0865458b,holdings.office1@gmail.com,fb4521e2,3225,3/9/2023,0-419978,חשבון חשמל, ₪52.71,3/9/2023,6.1-7.3,Purchases_Files_/0865458b.Cheshbonit Vendor.105051.71.pdf,,,,,2023-03,U102
e049f85f,holdings.office1@gmail.com,0596564a,1405,3/9/2023,0-703629,חשבון גז, ₪221.66,3/9/2023,12/22-1/23,Purchases_Files_/e049f85f.Cheshbonit Vendor.072552.66.pdf,,,,,2023-03,U052
60d8f069,holdings.office1@gmail.com,0596564a,0443,3/9/2023,0-790733,חשבון גז, ₪50.44,3/9/2023,12/22-1/23,Purchases_Files_/60d8f069.Cheshbonit Vendor.072705.44.pdf,,,,,2023-03,
3eedd149,yuri@emmaleh.com,e98f8abd,1903,3/10/2023,,Misc, ₪210.30,,,Purchases_Files_/3eedd149.Cheshbonit Vendor.083634.30.pdf,,,,,2023-03,U094
324a5ebf,yuri@emmaleh.com,b3269088,1304,2/27/2023,,WM Side Door, ₪172.00,,"Replacement of an older model, extra 172nis",Purchases_Files_/324a5ebf.Cheshbonit Vendor.101747.pdf,,,,,2023-02,
dd811268,yuri@emmaleh.com,b3269088,2130,2/16/2023,,"WM Side Door , Moving (Hovala)", ₪301.00,,,Purchases_Files_/dd811268.Cheshbonit Vendor.101851.pdf,,,,,2023-02,U097
fc357d5d,yuri@emmaleh.com,b3269088,2052,2/12/2023,,Electric Burners, ₪368.00,,,Purchases_Files_/fc357d5d.Cheshbonit Vendor.102244.pdf,,,,,2023-02,U095
b9af80cd,yuri@emmaleh.com,b3269088,2614,2/1/2023,,"Oven W Burners , Moving (Hovala)"," ₪1,200.00",,,Purchases_Files_/b9af80cd.Cheshbonit Vendor.102337.pdf,,,,,2023-02,U097
f13e40fb,yuri@emmaleh.com,f5e5f165,2025,3/16/2023,,"Misc , Lights", ₪746.80,,,Purchases_Files_/f13e40fb.Cheshbonit Vendor.121453.80.pdf,,,,,2023-03,U095
83e58e98,yuri@emmaleh.com,b3269088,1851,2/12/2023,,"Moving (Hovala) , Regualr Fridge"," ₪2,241.00",3/20/2023,,Purchases_Files_/83e58e98.Cheshbonit Vendor.055516.pdf,,,,,2023-02,U061
cd16ff1d,yuri@emmaleh.com,b3269088,2120,3/9/2023,,"Moving (Hovala) , Small Fridge"," ₪2,596.00",3/20/2023,2 fridges - 1 for each unit U232A and U232B,Purchases_Files_/cd16ff1d.Cheshbonit Vendor.055658.pdf,,,,,2023-03,U097
a23e8b00,yuri@emmaleh.com,6ffe01d6,2025,3/21/2023,,"Moving (Hovala) , Big Couch , Ikea Chair"," ₪2,650.00",,2 receipts,Purchases_Files_/a23e8b00.Cheshbonit Vendor.092425.pdf,,,,,2023-03,U095
06563ee0,holdings.office1@gmail.com,0596564a,2129,3/12/2023,0-143016,חשבון גז, ₪39.31,3/12/2023,12-1,Purchases_Images/06563ee0.Cheshbonit Vendor.054040.jpg,,,,,2023-03,U097
31d3c192,holdings.office1@gmail.com,9a38660a,1413,3/12/2023,1014426,ארנונה, ₪112.40,3/12/2023,12.1-31.1,Purchases_Files_/31d3c192.Cheshbonit Vendor.054213.40.pdf,,,,,2023-03,U052
ec9dd22a,holdings.office1@gmail.com,0596564a,2031,3/15/2023,512947,חשבון גז, ₪294.35,3/15/2023,12-1+100 שח תוספת צינור,Purchases_Images/ec9dd22a.Cheshbonit Vendor.054318.jpg,,,,,2023-03,U095
3d52a673,holdings.office1@gmail.com,fb4521e2,3217,3/16/2023,0-890947,חשבון חשמל," ₪1,359.52",3/16/2023,5.1-1.3 הדיירים ביצעו העברה בנקאית על ההשלמה של החשמל,Purchases_Files_/3d52a673.Cheshbonit Vendor.054606.52.pdf,,,,,2023-03,U102
72c83651,holdings.office1@gmail.com,9a38660a,1f59ee08d,3/16/2023,1018322,ארנונה, ₪854.80,3/16/2023,פינוי פסולת רוטנברג,Purchases_Files_/72c83651.Cheshbonit Vendor.054704.80.pdf,,,,,2023-03,U095
e5bab2f9,holdings.office1@gmail.com,9a38660a,3010,3/16/2023,1018324,ארנונה, ₪640.10,3/16/2023,פינוי פסולת רוטנברג,Purchases_Files_/e5bab2f9.Cheshbonit Vendor.055313.10.pdf,,,,,2023-03,U102
06c73170,holdings.office1@gmail.com,0596564a,1722,3/16/2023,,חשבון גז, ₪308.00,3/16/2023,תשלום עבור 2 בלונים,Purchases_Images/06c73170.Cheshbonit Vendor.055403.jpg,,,,,2023-03,U052
669ecc40,holdings.office1@gmail.com,fc46cf6f,1f59ee08d,3/19/2023,0-571422,חשבון מים," ₪91,423.24",3/19/2023,תשלום עבור תיקוני צנרת,Purchases_Files_/669ecc40.Cheshbonit Vendor.055507.24.pdf,,,,,2023-03,U095
9ded895a,holdings.office1@gmail.com,fc46cf6f,3010,3/19/2023,0-600510,חשבון מים," ₪26,932.99",3/19/2023,תשלום עבור תיקוני צנרת,Purchases_Files_/9ded895a.Cheshbonit Vendor.055604.99.pdf,,,,,2023-03,U102
d352b619,holdings.office1@gmail.com,fc46cf6f,3220,3/19/2023,0-629212,חשבון מים," ₪5,405.99",3/19/2023,תשלום עבור תיקוני צנרת,Purchases_Files_/d352b619.Cheshbonit Vendor.055702.99.pdf,,,,,2023-03,U102
345710a6,holdings.office1@gmail.com,fb4521e2,3220,3/19/2023,0-655415,חשבון חשמל, ₪676.77,3/19/2023,שולם עבור הדייר יעשה העברה בנקאית 5.1-1.3,Purchases_Files_/345710a6.Cheshbonit Vendor.055806.77.pdf,,,,,2023-03,U102
37a722c8,holdings.office1@gmail.com,fb4521e2,1722,3/22/2023,0-787770,חשבון חשמל, ₪44.88,3/22/2023,8.2-13.3,Purchases_Files_/37a722c8.Cheshbonit Vendor.055910.88.pdf,,,,,2023-03,U052
921bf0c4,yuri@emmaleh.com,ec44b1a5,186dafa2a,3/26/2023,,Tabu Forms, ₪208.00,,,Purchases_Files_/921bf0c4.Cheshbonit Vendor.065642.pdf,,,,,2023-03,U094
562cf5e2,yuri@emmaleh.com,f5e5f165,2025,3/28/2023,,"Closet , Moving (Hovala)"," ₪2,398.00",,Together with U228,Purchases_Files_/562cf5e2.Cheshbonit Vendor.071913.pdf,,,,,2023-03,U095
caa8123d,yuri@emmaleh.com,6ffe01d6,3006,4/2/2023,,"Moving (Hovala) , Big Couch"," ₪1,950.00",,,Purchases_Files_/caa8123d.Cheshbonit Vendor.140822.pdf,,,,,2023-04,U102
48882741,yuri@emmaleh.com,6ffe01d6,3005,4/2/2023,,"Moving (Hovala) , Big Couch"," ₪1,950.00",,,Purchases_Files_/48882741.Cheshbonit Vendor.140910.pdf,,,,,2023-04,U102
9b488c33,yuri@emmaleh.com,b3269090,186dafa2a,4/9/2023,,OFFICE RENT," ₪2,363.97",,,Purchases_Files_/9b488c33.Cheshbonit Vendor.074958.pdf,,,,,2023-04,U094
61939073,yuri@emmaleh.com,b3269088,3013,4/9/2023,,"Electric Burners , Toaster Oven , Misc", ₪675.00,,,Purchases_Files_/61939073.Cheshbonit Vendor.075115.pdf,,,,,2023-04,U102
88819a00,yuri@emmaleh.com,f5e5f165,1715,4/11/2023,,"Misc , Lights", ₪549.00,,,Purchases_Files_/88819a00.Cheshbonit Vendor.075238.pdf,,,,,2023-04,U052
a16b8006,holdings.office1@gmail.com,0596564a,2025,3/26/2023,,חשבון גז, ₪220.00,3/26/2023,התקנת כיריים,Purchases_Images/a16b8006.Cheshbonit Vendor.060623.jpg,,,,,2023-03,U095
5f80e9e3,holdings.office1@gmail.com,0596564a,2025,3/26/2023,,חשבון גז, ₪340.00,3/26/2023,שינוי מקום של הברז,Purchases_Images/5f80e9e3.Cheshbonit Vendor.061000.jpg,,,,,2023-03,U095
572be710,holdings.office1@gmail.com,fb4521e2,2031,3/27/2023,,חשבון חשמל, ₪483.49,3/27/2023,5.1-2.3 שולם בשם הדייר הוא ביצע העברה לחשבון של השקעות,Purchases_Files_/572be710.Cheshbonit Vendor.061150.49.pdf,,,,,2023-03,U095
084a327a,holdings.office1@gmail.com,fc46cf6f,1848,3/27/2023,0-734814,חשבון מים, ₪299.56,3/27/2023,12-1 שולם עבור הדיירת בגלל נזילה באישור יורי,Purchases_Files_/084a327a.Cheshbonit Vendor.061406.56.pdf,,,,,2023-03,U061
47eb6895,holdings.office1@gmail.com,0596564a,0413,3/28/2023,0-887540,חשבון גז, ₪49.63,3/28/2023,19.1-19.3,Purchases_Files_/47eb6895.Cheshbonit Vendor.061528.63.pdf,,,,,2023-03,
652755af,holdings.office1@gmail.com,0596564a,2626,3/28/2023,0-960112,חשבון גז, ₪300.69,3/28/2023,19.1-19.3,Purchases_Files_/652755af.Cheshbonit Vendor.061700.69.pdf,,,,,2023-03,U097
bbd09a3c,holdings.office1@gmail.com,0596564a,1726,3/28/2023,0-728436,חשבון גז, ₪22.34,3/28/2023,20.2-19.3,Purchases_Files_/bbd09a3c.Cheshbonit Vendor.061800.34.pdf,,,,,2023-03,U052
c53100ac,holdings.office1@gmail.com,0596564a,0953,3/28/2023,0-052795,חשבון גז, ₪77.30,3/28/2023,19.1-19.3,Purchases_Files_/c53100ac.Cheshbonit Vendor.061903.30.pdf,,,,,2023-03,
bf05910f,holdings.office1@gmail.com,0596564a,1909,3/28/2023,0-835611,חשבון גז, ₪43.02,3/28/2023,26.1-9.3,Purchases_Files_/bf05910f.Cheshbonit Vendor.062000.02.pdf,,,,,2023-03,U094
3384dc68,holdings.office1@gmail.com,0596564a,1715,3/28/2023,0-723247,חשבון גז, ₪47.33,3/28/2023,19.1-19.3,Purchases_Files_/3384dc68.Cheshbonit Vendor.062105.33.pdf,,,,,2023-03,U052
3520a42f,holdings.office1@gmail.com,0596564a,1819,3/28/2023,0-919217,חשבון גז, ₪64.36,3/28/2023,0-919217,Purchases_Files_/3520a42f.Cheshbonit Vendor.062205.36.pdf,,,,,2023-03,U052
16a2ef80,holdings.office1@gmail.com,0596564a,1815,3/28/2023,0-086819,חשבון גז, ₪49.63,3/28/2023,19.1-19.3,Purchases_Files_/16a2ef80.Cheshbonit Vendor.062416.63.pdf,,,,,2023-03,U052
a6b54539,holdings.office1@gmail.com,0596564a,2642,3/28/2023,0-179119,חשבון גז, ₪92.48,3/28/2023,19.1-19.3,Purchases_Files_/a6b54539.Cheshbonit Vendor.062515.48.pdf,,,,,2023-03,U097
1bcdcc22,holdings.office1@gmail.com,0596564a,435,3/28/2023,0-312520,חשבון גז, ₪133.09,3/28/2023,0-312520,Purchases_Files_/1bcdcc22.Cheshbonit Vendor.062855.09.pdf,,,,,2023-03,U102
8ffaba19,holdings.office1@gmail.com,0596564a,1841,3/28/2023,0-987396,חשבון גז, ₪107.13,3/28/2023,19.1-19.3,Purchases_Files_/8ffaba19.Cheshbonit Vendor.064420.13.pdf,,,,,2023-03,U061
b0b81e25,holdings.office1@gmail.com,0596564a,2129,4/17/2023,727255,חשבון גז, ₪50.46,4/17/2023,1.2-14.4,Purchases_Images/b0b81e25.Cheshbonit Vendor.064548.jpg,,,,,2023-04,U097
9a37426f,yuri@emmaleh.com,b3269088,1825,3/14/2023,,"WM Side Door , Moving (Hovala) , Regualr Fridge"," ₪2,785.00",,,Purchases_Files_/9a37426f.Cheshbonit Vendor.071547.pdf,,,,,2023-03,U052
9de4b6ba,yuri@emmaleh.com,b3269088,2025,3/16/2023,,"Oven W Burners , WM Side Door , Moving (Hovala) , Regualr Fridge"," ₪4,238.23",,,Purchases_Files_/9de4b6ba.Cheshbonit Vendor.071744.23.pdf,,,,,2023-03,U095
71769611,yuri@emmaleh.com,b3269088,3208,3/26/2023,,"WM Side Door , Moving (Hovala) , Electric Burners , Regualr Fridge , Toaster Oven"," ₪4,117.00",,,Purchases_Files_/71769611.Cheshbonit Vendor.071845.pdf,,,,,2023-03,U102
0690539f,yuri@emmaleh.com,b3269088,3005,3/27/2023,,"Oven W Burners , WM Side Door , Moving (Hovala) , Regualr Fridge"," ₪4,024.00",,,Purchases_Files_/0690539f.Cheshbonit Vendor.071935.pdf,,,,,2023-03,U102
ef16442c,yuri@emmaleh.com,b3269088,3006,3/30/2023,,"WM Side Door , Moving (Hovala)"," ₪1,004.00",,,Purchases_Files_/ef16442c.Cheshbonit Vendor.072018.pdf,,,,,2023-03,U102
c96c2d66,yuri@emmaleh.com,f5e5f165,3208,4/17/2023,,Closet, ₪999.00,,,Purchases_Files_/c96c2d66.Cheshbonit Vendor.050005.pdf,,,,,2023-04,U102
a498801d,yuri@emmaleh.com,5d50e1a6,2025,3/24/2023,,"Misc , Carpet , Dining table , Chairs for dining table"," ₪1,991.00",,,Purchases_Files_/a498801d.Cheshbonit Vendor.050136.pdf,,,,,2023-03,U095
50e1a0dd,yuri@emmaleh.com,5d50e1a6,1715,4/10/2023,,"Small Couch , Misc , Carpet , Dining table , Chairs for dining table"," ₪2,125.00",,,Purchases_Files_/50e1a0dd.Cheshbonit Vendor.050729.pdf,,,,,2023-04,U052
dd3862f9,yuri@emmaleh.com,5d50e1a6,1715,4/10/2023,,Moving (Hovala), ₪290.00,,,Purchases_Files_/dd3862f9.Cheshbonit Vendor.050813.pdf,,,,,2023-04,U052
93586d7a,yuri@emmaleh.com,5d50e1a6,3006,4/10/2023,,"Misc , Carpet , Dining table , Chairs for dining table"," ₪1,505.00",,Together with U228,Purchases_Files_/93586d7a.Cheshbonit Vendor.050929.pdf,,,,,2023-04,U102
4ffa989e,yuri@emmaleh.com,5d50e1a6,3006,4/10/2023,,Moving (Hovala), ₪290.00,,Together with U228,Purchases_Files_/4ffa989e.Cheshbonit Vendor.051012.pdf,,,,,2023-04,U102
da03edf3,yuri@emmaleh.com,5d50e1a6,3208,4/10/2023,,"Moving (Hovala) , Misc , Carpet , Dining table , Chairs for dining table"," ₪1,451.00",,,Purchases_Files_/da03edf3.Cheshbonit Vendor.051139.pdf,,,,,2023-04,U102
68587616,yuri@emmaleh.com,b3269088,3006,4/16/2023,,"Oven W Burners , Moving (Hovala)", ₪949.00,,,Purchases_Files_/68587616.Cheshbonit Vendor.070407.01.pdf,,,,,2023-04,U102
c80428a9,yuri@emmaleh.com,b3269088,2102,4/16/2023,,"Moving (Hovala) , Regualr Fridge"," ₪1,881.00",,,Purchases_Files_/c80428a9.Cheshbonit Vendor.070455.pdf,,,,,2023-04,U097
6701a92d,yuri@emmaleh.com,f5e5f165,2009,4/19/2023,,Closet," ₪1,200.00",,,Purchases_Files_/6701a92d.Cheshbonit Vendor.070101.pdf,,,,,2023-04,U095
b26da320,holdings.office1@gmail.com,0596564a,2047,3/15/2023,,חשבון גז, ₪385.63,3/15/2023,11/22-1/23 חוזה כולל גז,Purchases_Files_/b26da320.Cheshbonit Vendor.070440.63.pdf,,,,,2023-03,U095
109d9608,holdings.office1@gmail.com,0596564a,3225,3/15/2023,,חשבון גז, ₪39.31,3/15/2023,דצמבר-ינואר,Purchases_Files_/109d9608.Cheshbonit Vendor.071228.31.pdf,,,,,2023-03,U102
6c5a3b8a,yuri@emmaleh.com,f5e5f165,2025,3/9/2023,,Lights, ₪79.90,,,Purchases_Files_/6c5a3b8a.Cheshbonit Vendor.132813.90.pdf,,,,,2023-03,U095
7cfd0d43,yuri@emmaleh.com,b3269088,1715,3/26/2023,,"WM Side Door , Moving (Hovala) , Electric Burners , Regualr Fridge"," ₪3,178.00",,,Purchases_Files_/7cfd0d43.Cheshbonit Vendor.132922.pdf,,,,,2023-03,U052
43f9ca4c,yuri@emmaleh.com,5d50e1a6,3013,4/24/2023,,Misc, ₪225.00,,,Purchases_Files_/43f9ca4c.Cheshbonit Vendor.092001.pdf,,,,,2023-04,U102
af74dcd1,yuri@emmaleh.com,5d50e1a6,3006,4/24/2023,,"Misc , Dining table , Chairs for dining table", ₪855.00,,,Purchases_Files_/af74dcd1.Cheshbonit Vendor.092113.pdf,,,,,2023-04,U102
e3ceebd7,yuri@emmaleh.com,b3269090,186dafa2a,5/7/2023,,OFFICE RENT," ₪2,425.41",,,Purchases_Files_/e3ceebd7.Cheshbonit Vendor.045636.pdf,,,,,2023-05,U094
5a07f6e4,holdings.office1@gmail.com,0596564a,3005,4/17/2023,,חשבון גז, ₪582.00,4/17/2023,התקנה חדשה דיירת שילמה עבור הבלונים,Purchases_Images/5a07f6e4.Cheshbonit Vendor.063637.jpg,,,,,2023-04,U102
08ec8ac4,holdings.office1@gmail.com,0596564a,3006,4/17/2023,,חשבון גז, ₪582.00,4/17/2023,התקנה חדשה דיירת שילמה עבור הבלונים,Purchases_Images/08ec8ac4.Cheshbonit Vendor.063808.jpg,,,,,2023-04,U102
371900ed,holdings.office1@gmail.com,fb4521e2,2129,4/18/2023,0-953034,חשבון חשמל, ₪74.62,4/18/2023,4.1-12.4,Purchases_Files_/371900ed.Cheshbonit Vendor.064150.62.pdf,,,,,2023-04,U097
a608c89f,holdings.office1@gmail.com,fb4521e2,3006,4/18/2023,0-009662,חשבון חשמל, ₪69.49,4/18/2023,2.3-12.4,Purchases_Files_/a608c89f.Cheshbonit Vendor.064245.49.pdf,,,,,2023-04,U102
6031c1a1,holdings.office1@gmail.com,fb4521e2,3005,4/18/2023,0-070425,חשבון חשמל, ₪71.92,4/18/2023,2.3-12.4,Purchases_Files_/6031c1a1.Cheshbonit Vendor.064359.92.pdf,,,,,2023-04,U102
39bb547e,holdings.office1@gmail.com,0596564a,0416,4/19/2023,0-429993,חשבון גז, ₪47.33,4/19/2023,9.1-20.3,Purchases_Files_/39bb547e.Cheshbonit Vendor.071418.33.pdf,,,,,2023-04,
7bba33e9,holdings.office1@gmail.com,9a38660a,1709,4/20/2023,1024866,ארנונה, ₪358.00,4/20/2023,3-4/2023,Purchases_Files_/7bba33e9.Cheshbonit Vendor.071513.pdf,,,,,2023-04,U052
e673ece0,holdings.office1@gmail.com,9a38660a,2702,4/20/2023,1024867,ארנונה, ₪693.20,4/20/2023,3-4/2023,Purchases_Files_/e673ece0.Cheshbonit Vendor.071611.20.pdf,,,,,2023-04,U097
91687764,holdings.office1@gmail.com,9a38660a,3010,4/20/2023,1024914,ארנונה," ₪8,084.40",4/20/2023,ארנונה קרן אבירם 3-4/2023,Purchases_Files_/91687764.Cheshbonit Vendor.071716.40.pdf,,,,,2023-04,U102
1a204b22,holdings.office1@gmail.com,0596564a,1722,4/20/2023,,חשבון גז, ₪750.00,4/20/2023,תשלום עבור התקנה חדשה כולל תשתית,Purchases_Images/1a204b22.Cheshbonit Vendor.071808.jpg,,,,,2023-04,U052
e708dfd0,holdings.office1@gmail.com,9a38660a,1f59ee08d,4/23/2023,14403218,ארנונה," ₪9,698.20",4/23/2023,תשלום ארנונה השקעות 3-4/2023,Purchases_Files_/e708dfd0.Cheshbonit Vendor.071910.20.pdf,,,,,2023-04,U095
c1104af1,holdings.office1@gmail.com,fb4521e2,3208,4/30/2023,0-953521,חשבון חשמל, ₪55.01,4/30/2023,2.3-22.4,Purchases_Files_/c1104af1.Cheshbonit Vendor.071959.01.pdf,,,,,2023-04,U102
61bade21,holdings.office1@gmail.com,fb4521e2,1837,4/30/2023,0-003228,חשבון חשמל, ₪99.99,4/30/2023,1.2-19.4,Purchases_Files_/61bade21.Cheshbonit Vendor.072050.99.pdf,,,,,2023-04,U052
a78e4e4b,holdings.office1@gmail.com,fb4521e2,3222,5/4/2023,0-928713,חשבון חשמל, ₪90.24,5/4/2023,5.1-2.5,Purchases_Files_/a78e4e4b.Cheshbonit Vendor.072146.24.pdf,,,,,2023-05,U102
8c9f8b36,holdings.office1@gmail.com,fb4521e2,3238,5/7/2023,0-424937,חשבון חשמל, ₪64.09,5/7/2023,17.3-2.5,Purchases_Files_/8c9f8b36.Cheshbonit Vendor.072357.09.pdf,,,,,2023-05,U102
082ebbba,holdings.office1@gmail.com,fb4521e2,2023,5/7/2023,0547638,חשבון חשמל, ₪181.50,5/7/2023,3.3-2.5,Purchases_Files_/082ebbba.Cheshbonit Vendor.072506.50.pdf,,,,,2023-05,U095
8d9af0a7,holdings.office1@gmail.com,fb4521e2,0413,5/7/2023,0927616,חשבון חשמל, ₪458.63,5/7/2023,3.3-2.5,Purchases_Files_/8d9af0a7.Cheshbonit Vendor.072631.63.pdf,,,,,2023-05,
f9fafaec,holdings.office1@gmail.com,fb4521e2,1726,5/7/2023,0184531,חשבון חשמל, ₪55.97,5/7/2023,20.2-2.5,Purchases_Files_/f9fafaec.Cheshbonit Vendor.072755.97.pdf,,,,,2023-05,U052
4cfa9ca7,holdings.office1@gmail.com,fb4521e2,1912,5/7/2023,0245738,חשבון חשמל, ₪189.39,5/7/2023,3.3-2.5,Purchases_Files_/4cfa9ca7.Cheshbonit Vendor.072855.39.pdf,,,,,2023-05,U095
6b662b72,holdings.office1@gmail.com,fb4521e2,0416,5/7/2023,0299479,חשבון חשמל, ₪90.23,5/7/2023,5.1-2.5,Purchases_Files_/6b662b72.Cheshbonit Vendor.072956.23.pdf,,,,,2023-05,
11119ce0,holdings.office1@gmail.com,fb4521e2,1706,5/7/2023,0339267,חשבון חשמל, ₪183.33,5/7/2023,3.3-2.5,Purchases_Files_/11119ce0.Cheshbonit Vendor.073520.33.pdf,,,,,2023-05,U052
a571cafe,holdings.office1@gmail.com,fb4521e2,1819,5/7/2023,0386433,חשבון חשמל, ₪168.14,5/7/2023,3.3-2.5,Purchases_Files_/a571cafe.Cheshbonit Vendor.073618.14.pdf,,,,,2023-05,U052
dbfb42bf,holdings.office1@gmail.com,fb4521e2,1816,5/7/2023,0439711,חשבון חשמל, ₪102.49,5/7/2023,3.3-2.5,Purchases_Files_/dbfb42bf.Cheshbonit Vendor.073724.49.pdf,,,,,2023-05,U052
8a48eb91,holdings.office1@gmail.com,fb4521e2,1927,5/7/2023,0482695,חשבון חשמל, ₪93.38,5/7/2023,3.3-2.5,Purchases_Files_/8a48eb91.Cheshbonit Vendor.073858.38.pdf,,,,,2023-05,U095
b170780f,holdings.office1@gmail.com,fb4521e2,2608,5/7/2023,0533455,חשבון חשמל, ₪71.86,5/7/2023,28.3-2.5,Purchases_Files_/b170780f.Cheshbonit Vendor.074001.86.pdf,,,,,2023-05,U097
2c6ec0ca,holdings.office1@gmail.com,fb4521e2,3221,5/7/2023,0623454,חשבון חשמל, ₪92.71,5/7/2023,5.1-2.5,Purchases_Files_/2c6ec0ca.Cheshbonit Vendor.074109.71.pdf,,,,,2023-05,U102
af13d067,holdings.office1@gmail.com,fb4521e2,3205,5/7/2023,0661801,חשבון חשמל, ₪240.10,5/7/2023,2.3-2.5,Purchases_Files_/af13d067.Cheshbonit Vendor.074213.10.pdf,,,,,2023-05,U102
ad7f4eab,holdings.office1@gmail.com,fb4521e2,1729,5/7/2023,0704403,חשבון חשמל, ₪105.55,5/7/2023,3.3-2.5,Purchases_Files_/ad7f4eab.Cheshbonit Vendor.074325.55.pdf,,,,,2023-05,U052
16dba483,holdings.office1@gmail.com,fb4521e2,2060,5/7/2023,0780445,חשבון חשמל, ₪247.13,5/7/2023,3.3-2.5,Purchases_Files_/16dba483.Cheshbonit Vendor.074459.13.pdf,,,,,2023-05,U097
574723c3,holdings.office1@gmail.com,fb4521e2,2009,5/7/2023,0835736,חשבון חשמל, ₪26.17,5/7/2023,11.4-30.4,Purchases_Files_/574723c3.Cheshbonit Vendor.074612.17.pdf,,,,,2023-05,U095
0c37b809,holdings.office1@gmail.com,fb4521e2,0905,5/7/2023,0885392,חשבון חשמל, ₪76.82,5/7/2023,17.3-2.5,Purchases_Files_/0c37b809.Cheshbonit Vendor.074720.82.pdf,,,,,2023-05,
dd5bbcf2,holdings.office1@gmail.com,fb4521e2,0926,5/7/2023,0934505,חשבון חשמל, ₪102.80,5/7/2023,4.3-2.5,Purchases_Files_/dd5bbcf2.Cheshbonit Vendor.074847.80.pdf,,,,,2023-05,
8bb646a5,holdings.office1@gmail.com,fb4521e2,1922,5/7/2023,0979534,חשבון חשמל, ₪116.89,5/7/2023,6.2-2.5,Purchases_Files_/8bb646a5.Cheshbonit Vendor.075032.89.pdf,,,,,2023-05,U095
242b940d,holdings.office1@gmail.com,fb4521e2,1723,5/7/2023,0130005,חשבון חשמל, ₪405.77,5/7/2023,3.3-2.5,Purchases_Files_/242b940d.Cheshbonit Vendor.075131.77.pdf,,,,,2023-05,U052
4a119d56,holdings.office1@gmail.com,fb4521e2,1909,5/7/2023,0224436,חשבון חשמל, ₪100.26,5/7/2023,21.1-2.5,Purchases_Files_/4a119d56.Cheshbonit Vendor.075231.26.pdf,,,,,2023-05,U094
fa3c122a,holdings.office1@gmail.com,fb4521e2,1715,5/7/2023,0299305,חשבון חשמל, ₪51.44,5/7/2023,3.3-2.5,Purchases_Files_/fa3c122a.Cheshbonit Vendor.075321.44.pdf,,,,,2023-05,U052
3952089b,holdings.office1@gmail.com,fb4521e2,2025,5/7/2023,0357012,חשבון חשמל, ₪58.30,5/7/2023,3.3-30.4,Purchases_Files_/3952089b.Cheshbonit Vendor.075528.30.pdf,,,,,2023-05,U095
5a027619,holdings.office1@gmail.com,fb4521e2,1710,5/7/2023,0407619,חשבון חשמל, ₪228.30,5/7/2023,3.3-2.5,Purchases_Files_/5a027619.Cheshbonit Vendor.075633.30.pdf,,,,,2023-05,U052
d515c1e5,holdings.office1@gmail.com,0596564a,2025,5/8/2023,743716,חשבון גז, ₪68.91,5/8/2023,2-5/23,Purchases_Files_/d515c1e5.Cheshbonit Vendor.075742.91.pdf,,,,,2023-05,U095
732e3df9,holdings.office1@gmail.com,fb4521e2,3217,5/9/2023,0-310276,חשבון חשמל," ₪1,005.40",5/9/2023,2.3-2.5 הדיירים העבירו את היתרה לחשבון של השקעות,Purchases_Files_/732e3df9.Cheshbonit Vendor.075850.40.pdf,,,,,2023-05,U102
a9ef113c,holdings.office1@gmail.com,fb4521e2,3225,5/9/2023,0-448415,חשבון חשמל, ₪53.26,5/9/2023,8.3-7.5,Purchases_Files_/a9ef113c.Cheshbonit Vendor.075940.26.pdf,,,,,2023-05,U102
a42f5aae,holdings.office1@gmail.com,fb4521e2,2120,5/11/2023,0-358499,חשבון חשמל, ₪124.39,5/11/2023,2.3-4.5,Purchases_Files_/a42f5aae.Cheshbonit Vendor.065217.39.pdf,,,,,2023-05,U097
896e1a6b,holdings.office1@gmail.com,fb4521e2,2809,5/11/2023,0420745,חשבון חשמל, ₪69.21,5/11/2023,2.3-4.5,Purchases_Files_/896e1a6b.Cheshbonit Vendor.065315.21.pdf,,,,,2023-05,U102
68bbdbef,holdings.office1@gmail.com,fb4521e2,3013,5/11/2023,0565424,חשבון חשמל, ₪51.48,5/11/2023,2.3-4.5,Purchases_Files_/68bbdbef.Cheshbonit Vendor.065417.48.pdf,,,,,2023-05,U102
3e812f1c,holdings.office1@gmail.com,fb4521e2,1927,5/11/2023,0156638,חשבון חשמל, ₪8.45,5/11/2023,2.3-4.5,Purchases_Files_/3e812f1c.Cheshbonit Vendor.065548.45.pdf,,,,,2023-05,U095
a096c0cc,holdings.office1@gmail.com,fb4521e2,2118,5/11/2023,0277665,חשבון חשמל, ₪524.84,5/11/2023,2.3-4.5,Purchases_Files_/a096c0cc.Cheshbonit Vendor.065713.84.pdf,,,,,2023-05,U097
b299422e,holdings.office1@gmail.com,fb4521e2,2130,5/11/2023,0375493,חשבון חשמל, ₪332.82,5/11/2023,2.3-4.5,Purchases_Files_/b299422e.Cheshbonit Vendor.065810.82.pdf,,,,,2023-05,U097
031e400e,holdings.office1@gmail.com,fc46cf6f,3010,5/14/2023,0-249888,חשבון מים," ₪2,617.98",5/14/2023,2-3/2023 קרן אבירם מים,Purchases_Files_/031e400e.Cheshbonit Vendor.053417.98.pdf,,,,,2023-05,U102
d8a0f3e8,holdings.office1@gmail.com,fc46cf6f,3220,5/14/2023,0-548388,חשבון מים, ₪59.90,5/14/2023,2-3/2023 כולל תשלום מים U201 22.25,Purchases_Files_/d8a0f3e8.Cheshbonit Vendor.053344.90.pdf,,,,,2023-05,U102
90019210,holdings.office1@gmail.com,fc46cf6f,1f59ee08d,5/14/2023,0-027078,חשבון מים," ₪2,146.73",5/14/2023,2-3/2023 מים השקעות,Purchases_Files_/90019210.Cheshbonit Vendor.053311.73.pdf,,,,,2023-05,U095
85d3b147,yuri@emmaleh.com,6baf1613,186dafa2a,5/2/2023,,Investor meeting, ₪604.00,,lunch,Purchases_Files_/85d3b147.Cheshbonit Vendor.071351.pdf,,,,,2023-05,U094
78d4de44,yuri@emmaleh.com,93977cd5,186dafa2a,5/2/2023,,Investor meeting, ₪88.90,,,Purchases_Files_/78d4de44.Cheshbonit Vendor.071500.90.pdf,,,,,2023-05,U094
af4a4237,yuri@emmaleh.com,92b4bc98,186dafa2a,5/2/2023,,Investor meeting, ₪159.50,,breakfast,Purchases_Files_/af4a4237.Cheshbonit Vendor.071615.50.pdf,,,,,2023-05,U094
359cfa57,yuri@emmaleh.com,b3269088,1922,5/16/2023,,Electric Burners, ₪189.00,,,Purchases_Files_/359cfa57.Cheshbonit Vendor.071657.pdf,,,,,2023-05,U095
5a39536c,yuri@emmaleh.com,b3269088,1701,5/19/2023,,Microwave, ₪251.00,,,Purchases_Files_/5a39536c.Cheshbonit Vendor.071740.pdf,,,,,2023-05,U052
5eb2d8d4,yuri@emmaleh.com,b3269090,186dafa2a,6/6/2023,,OFFICE RENT," ₪2,814.32",,,Purchases_Files_/5eb2d8d4.Cheshbonit Vendor.045842.pdf,,,,,2023-06,U094
c2a5fa41,holdings.office1@gmail.com,fc46cf6f,3010,5/14/2023,0-249888,חשבון מים," ₪2,617.98",5/14/2023,תשלומי מים קרן אבירם 2-3/23,Purchases_Files_/c2a5fa41.Cheshbonit Vendor.072422.98.pdf,,,,,2023-05,U102
ac3e71df,holdings.office1@gmail.com,fc46cf6f,3220,5/14/2023,0-548388,חשבון מים, ₪59.90,5/14/2023,2-3/2023 פלוס U201,Purchases_Files_/ac3e71df.Cheshbonit Vendor.072550.90.pdf,,,,,2023-05,U102
3e2efca8,holdings.office1@gmail.com,fc46cf6f,1f59ee08d,5/14/2023,0-027078,חשבון מים," ₪2,146.73",5/14/2023,2-3/2023 תשלום מים השקעות דרום,Purchases_Files_/3e2efca8.Cheshbonit Vendor.072823.73.pdf,,,,,2023-05,U095
e3b1799a,holdings.office1@gmail.com,fb4521e2,3008,5/16/2023,2-3/2023,חשבון חשמל, ₪149.97,5/16/2023,2.3-4.5,Purchases_Files_/e3b1799a.Cheshbonit Vendor.072947.97.pdf,,,,,2023-05,U102
64a43821,holdings.office1@gmail.com,fb4521e2,1826,5/18/2023,0-446336,חשבון חשמל, ₪21.80,5/18/2023,3.5-13.5,Purchases_Files_/64a43821.Cheshbonit Vendor.073139.80.pdf,,,,,2023-05,U052
7d78a068,holdings.office1@gmail.com,9a38660a,1927,5/21/2023,1043352,ארנונה, ₪50.70,5/21/0023,1.5-10.5,Purchases_Files_/7d78a068.Cheshbonit Vendor.073259.70.pdf,,,,,2023-05,U095
d76d7b7c,holdings.office1@gmail.com,0596564a,0939,5/21/2023,0-713172,חשבון גז, ₪693.44,5/21/2023,9.22-4.23,Purchases_Files_/d76d7b7c.Cheshbonit Vendor.073443.44.pdf,,,,,2023-05,
70f67df7,holdings.office1@gmail.com,0596564a,1815,5/22/2023,0-515981,חשבון גז, ₪49.63,5/22/2023,20.3-18.5,Purchases_Files_/70f67df7.Cheshbonit Vendor.073709.63.pdf,,,,,2023-05,U052
eaf6a553,holdings.office1@gmail.com,0596564a,1715,5/22/2023,0-618736,חשבון גז, ₪47.33,5/22/2023,20.3-18.5,Purchases_Files_/eaf6a553.Cheshbonit Vendor.073852.33.pdf,,,,,2023-05,U052
2c84b226,holdings.office1@gmail.com,0596564a,435,5/22/2023,0-696740,חשבון גז, ₪96.15,5/22/2023,20.3-18.5,Purchases_Files_/2c84b226.Cheshbonit Vendor.074010.15.pdf,,,,,2023-05,U102
eebfeabd,holdings.office1@gmail.com,0596564a,1841,5/22/2023,0-755702,חשבון גז, ₪123.73,5/22/2023,20.3-18.5,Purchases_Files_/eebfeabd.Cheshbonit Vendor.074144.73.pdf,,,,,2023-05,U061
d05006c2,holdings.office1@gmail.com,0596564a,1726,5/22/2023,0-799254,חשבון גז, ₪49.63,5/22/2023,20.3-18.5,Purchases_Files_/d05006c2.Cheshbonit Vendor.074329.63.pdf,,,,,2023-05,U052
7d32b935,holdings.office1@gmail.com,0596564a,2626,5/22/2023,0-515833,חשבון גז, ₪232.19,5/22/2023,20.3-18.5,Purchases_Files_/7d32b935.Cheshbonit Vendor.074500.19.pdf,,,,,2023-05,U097
4b1cac1f,holdings.office1@gmail.com,0596564a,0905,5/22/2023,0-631796,חשבון גז, ₪49.63,5/22/2023,20.3-18.5,Purchases_Files_/4b1cac1f.Cheshbonit Vendor.074601.63.pdf,,,,,2023-05,
d1419853,holdings.office1@gmail.com,0596564a,2642,5/22/2023,0-816975,חשבון גז, ₪90.25,5/22/2023,20.3-18.5,Purchases_Files_/d1419853.Cheshbonit Vendor.074700.25.pdf,,,,,2023-05,U097
95b61603,holdings.office1@gmail.com,0596564a,1909,5/22/2023,0-870741,חשבון גז, ₪49.63,5/22/2023,20.3-18.5,Purchases_Files_/95b61603.Cheshbonit Vendor.074810.63.pdf,,,,,2023-05,U094
a94b7c55,holdings.office1@gmail.com,0596564a,1819,5/22/2023,0-922088,חשבון גז, ₪63.92,5/22/2023,20.3-18.5,Purchases_Files_/a94b7c55.Cheshbonit Vendor.074908.92.pdf,,,,,2023-05,U052
ea3b94c0,holdings.office1@gmail.com,0596564a,0416,5/22/2023,0-971622,חשבון גז, ₪47.33,5/22/2023,20.3-18.5,Purchases_Files_/ea3b94c0.Cheshbonit Vendor.075012.33.pdf,,,,,2023-05,
8ea2c643,holdings.office1@gmail.com,0596564a,0953,5/22/2023,0-025791,חשבון גז, ₪72.40,5/22/2023,20.3-18.5,Purchases_Files_/8ea2c643.Cheshbonit Vendor.075123.40.pdf,,,,,2023-05,
99c83db3,holdings.office1@gmail.com,0596564a,0413,5/22/2023,0-188565,חשבון גז, ₪49.63,5/22/2023,20.3-18.5,Purchases_Files_/99c83db3.Cheshbonit Vendor.075221.63.pdf,,,,,2023-05,
95145208,holdings.office1@gmail.com,fb4521e2,0926,6/4/2023,0-201970,חשבון חשמל, ₪32.56,6/4/2023,3.5-21.5,Purchases_Files_/95145208.Cheshbonit Vendor.075343.56.pdf,,,,,2023-06,
d4f96315,holdings.office1@gmail.com,0596564a,1819,6/5/2023,0-806471,חשבון גז, ₪22.49,6/5/2023,19.5-5.6,Purchases_Files_/d4f96315.Cheshbonit Vendor.075453.49.pdf,,,,,2023-06,U052
bbc9ee55,holdings.office1@gmail.com,fb4521e2,2031,6/6/2023,0-203299,חשבון חשמל, ₪281.64,6/6/2023,3.3-2.5 שולם בשם הדייר עשה העברה,Purchases_Files_/bbc9ee55.Cheshbonit Vendor.075755.64.pdf,,,,,2023-06,U095
ab3d5f33,yuri@emmaleh.com,5d50e1a6,3225,6/6/2023,,Moving (Hovala), ₪290.00,,,Purchases_Files_/ab3d5f33.Cheshbonit Vendor.062741.pdf,,,,,2023-06,U102
f6d60bbe,yuri@emmaleh.com,b3269088,0424,6/27/2023,,Gas burners, ₪314.00,,,Purchases_Files_/f6d60bbe.Cheshbonit Vendor.062839.pdf,,,,,2023-06,
10b85ff7,yuri@emmaleh.com,f5e5f165,3228,6/1/2023,,"Misc , Lights"," ₪1,179.60",,together with U98,Purchases_Files_/10b85ff7.Cheshbonit Vendor.063016.60.pdf,,,,,2023-06,U102
8bbd2c48,yuri@emmaleh.com,5d50e1a6,0935,6/6/2023,,"Misc , Dining table , Chairs for dining table"," ₪1,315.00",,Together with U98,Purchases_Files_/8bbd2c48.Cheshbonit Vendor.063145.pdf,,,,,2023-06,
fcb8f907,yuri@emmaleh.com,b3269088,1841,6/21/2023,,Toaster Oven, ₪479.00,,,Purchases_Files_/fcb8f907.Cheshbonit Vendor.063240.pdf,,,,,2023-06,U061
67156d49,yuri@emmaleh.com,6ffe01d6,2009,6/28/2023,,"Moving (Hovala) , Small Couch"," ₪1,950.00",,,Purchases_Images/67156d49.Cheshbonit Vendor.151904.jpg,,,,,2023-06,U095
9555e82d,yuri@emmaleh.com,6ffe01d6,3208,6/28/2023,,"Big Couch , Moving (Hovala)"," ₪2,700.00",,,Purchases_Images/9555e82d.Cheshbonit Vendor.152007.jpg,,,,,2023-06,U102
a8a3f03f,holdings.office1@gmail.com,fc46cf6f,2702,5/4/2023,0-756882,חשבון מים, ₪307.31,5/4/2023,2-3/2023,Purchases_Files_/a8a3f03f.Cheshbonit Vendor.101502.31.pdf,,,,,2023-05,U097
ec30ca8d,yuri@emmaleh.com,b3269088,1922,5/21/2023,,"WM Side Door , Moving (Hovala)", ₪959.00,,,Purchases_Images/ec30ca8d.Cheshbonit Vendor.102303.jpg,,,,,2023-05,U095
cf44db85,yuri@emmaleh.com,b3269088,2120,5/21/2023,,"WM Side Door , Moving (Hovala)", ₪959.00,,,Purchases_Images/cf44db85.Cheshbonit Vendor.102340.jpg,,,,,2023-05,U097
e63e726f,yuri@emmaleh.com,b3269088,1413,4/27/2023,,"Moving (Hovala) , WM Top Door"," ₪1,500.00",,,Purchases_Files_/e63e726f.Cheshbonit Vendor.103632.pdf,,,,,2023-04,U052
cf1a8aee,yuri@emmaleh.com,b3269088,1710,4/24/2023,,"Oven W Burners , Moving (Hovala)"," ₪1,491.00",,,Purchases_Files_/cf1a8aee.Cheshbonit Vendor.104031.pdf,,,,,2023-04,U052
5915c93b,yuri@emmaleh.com,b3269088,1816,4/24/2023,,"Moving (Hovala) , Regualr Fridge"," ₪1,971.00",,,Purchases_Files_/5915c93b.Cheshbonit Vendor.104453.pdf,,,,,2023-04,U052
8698c2d5,yuri@emmaleh.com,b3269088,2020,4/3/2023,,"Moving (Hovala) , WM Top Door"," ₪1,549.00",,,Purchases_Files_/8698c2d5.Cheshbonit Vendor.105043.pdf,,,,,2023-04,U095
d854db24,holdings.office1@gmail.com,0596564a,3225,5/1/2023,,חשבון גז, ₪39.31,5/1/2023,2-3/23,Purchases_Images/d854db24.Cheshbonit Vendor.074013.jpg,,,,,2023-05,U102
09f3f92a,holdings.office1@gmail.com,0596564a,2047,5/1/2023,,חשבון גז, ₪132.80,5/1/2023,2-3/23,Purchases_Images/09f3f92a.Cheshbonit Vendor.074112.jpg,,,,,2023-05,U095
58cfdf09,holdings.office1@gmail.com,fb4521e2,1819,6/7/2023,0-781161,חשבון חשמל, ₪90.42,6/7/2023,3.5-30.5,Purchases_Files_/58cfdf09.Cheshbonit Vendor.074253.42.pdf,,,,,2023-06,U052
95cd0369,holdings.office1@gmail.com,9a38660a,1722,6/14/2023,1049664,ארנונה, ₪250.60,6/14/2023,8.2-15.3,Purchases_Files_/95cd0369.Cheshbonit Vendor.074804.60.pdf,,,,,2023-06,U052
295cb46d,holdings.office1@gmail.com,0596564a,3228,6/15/2023,0-387365,חשבון גז, ₪78.90,6/15/2023,2-5/23,Purchases_Images/295cb46d.Cheshbonit Vendor.075107.jpg,,,,,2023-06,U102
85f8f7a9,holdings.office1@gmail.com,0596564a,2060,6/15/2023,0-222562,חשבון גז, ₪282.73,6/15/2023,2-5/23,Purchases_Images/85f8f7a9.Cheshbonit Vendor.075230.jpg,,,,,2023-06,U097
7da85338,holdings.office1@gmail.com,0596564a,3204,6/15/2023,0-292573,חשבון גז, ₪78.90,6/15/2023,2-5/23,Purchases_Images/7da85338.Cheshbonit Vendor.075411.jpg,,,,,2023-06,U102
a2d5c6c7,holdings.office1@gmail.com,0596564a,3205,6/15/2023,0-878694,חשבון גז, ₪87.05,6/15/2023,2-5/23,Purchases_Images/a2d5c6c7.Cheshbonit Vendor.075756.jpg,,,,,2023-06,U102
6822ba4b,holdings.office1@gmail.com,0596564a,3238,6/18/2023,178392,חשבון גז, ₪75.44,6/18/2023,3-6/23,Purchases_Images/6822ba4b.Cheshbonit Vendor.075850.jpg,,,,,2023-06,U102
1f1f0d7d,yuri@emmaleh.com,b3269088,2038,7/2/2023,,Electric Burners, ₪207.01,,,Purchases_Files_/1f1f0d7d.Cheshbonit Vendor.080931.01.pdf,,,,,2023-07,U095
9d7f5815,yuri@emmaleh.com,f5e5f165,3004,7/4/2023,,Closet," ₪1,000.00",,,Purchases_Files_/9d7f5815.Cheshbonit Vendor.081241.pdf,,,,,2023-07,U102
fbb53765,holdings.office1@gmail.com,9a38660a,3006,6/18/2023,6675896,ארנונה, ₪355.30,6/18/2023,1.3-13.4,Purchases_Files_/fbb53765.Cheshbonit Vendor.081443.30.pdf,,,,,2023-06,U102
cd5d9143,holdings.office1@gmail.com,9a38660a,0424,6/18/2023,6675897,ארנונה, ₪237.00,6/18/2023,1.1-2.2,Purchases_Files_/cd5d9143.Cheshbonit Vendor.081552.pdf,,,,,2023-06,
5e5d578d,holdings.office1@gmail.com,fb4521e2,3238,6/19/2023,0-474999,חשבון חשמל, ₪63.47,6/19/2023,3.5-13.6,Purchases_Files_/5e5d578d.Cheshbonit Vendor.081725.47.pdf,,,,,2023-06,U102
6cd1ab1f,holdings.office1@gmail.com,9a38660a,3220,6/21/2023,1052387,ארנונה, ₪354.00,6/21/2023,5-6/23,Purchases_Files_/6cd1ab1f.Cheshbonit Vendor.081943.pdf,,,,,2023-06,U102
c2e74497,holdings.office1@gmail.com,fc46cf6f,3220,6/22/2023,0-748590,חשבון מים, ₪30.63,6/22/2023,4-5/23,Purchases_Files_/c2e74497.Cheshbonit Vendor.082109.63.pdf,,,,,2023-06,U102
c8cad935,holdings.office1@gmail.com,fc46cf6f,2702,6/22/2023,0-275644,חשבון מים, ₪422.41,6/22/2023,4-5/23,Purchases_Files_/c8cad935.Cheshbonit Vendor.123314.41.pdf,,,,,2023-06,U097
3056f8fa,holdings.office1@gmail.com,9a38660a,1f59ee08d,6/25/2023,20404217,ארנונה," ₪12,727.00",6/25/2023,5-6/23 תשלום ארנונה דירות השקעות,Purchases_Files_/3056f8fa.Cheshbonit Vendor.082349.pdf,,,,,2023-06,U095
c94e8718,holdings.office1@gmail.com,9a38660a,3010,6/25/2023,3284223,ארנונה," ₪8,949.30",6/25/2023,8949.3 תשלום ארנונה קרן אבירם,Purchases_Files_/c94e8718.Cheshbonit Vendor.082502.30.pdf,,,,,2023-06,U102
5b8a6e85,holdings.office1@gmail.com,9a38660a,2702,6/25/2023,3285223,ארנונה, ₪713.20,6/25/2023,5-6/23,Purchases_Files_/5b8a6e85.Cheshbonit Vendor.082609.20.pdf,,,,,2023-06,U097
81301c85,holdings.office1@gmail.com,fb4521e2,0905,6/29/2023,0-751099,חשבון חשמל, ₪65.43,6/29/2023,3.5-11.6,Purchases_Files_/81301c85.Cheshbonit Vendor.082717.43.pdf,,,,,2023-06,
1a8ca8b6,holdings.office1@gmail.com,fc46cf6f,1f59ee08d,7/2/2023,744102,חשבון מים," ₪3,260.67",7/2/2023,4-5.23 תשלום מים השקעות דרום,Purchases_Files_/1a8ca8b6.Cheshbonit Vendor.083054.67.pdf,,,,,2023-07,U095
b5c182d8,holdings.office1@gmail.com,fc46cf6f,3010,7/2/2023,857359,חשבון מים," ₪2,139.61",7/2/2023,4-5/23 קרן אבירם תשלום מים,Purchases_Files_/b5c182d8.Cheshbonit Vendor.083255.61.pdf,,,,,2023-07,U102
8d3526eb,holdings.office1@gmail.com,fb4521e2,3221,7/3/2023,0-302687,חשבון חשמל, ₪40.00,7/3/2023,3.5-21.6,Purchases_Files_/8d3526eb.Cheshbonit Vendor.083352.pdf,,,,,2023-07,U102
040b07aa,holdings.office1@gmail.com,0596564a,3220,7/3/2023,727990,חשבון גז, ₪246.00,7/3/2023,12/22-5/23,Purchases_Images/040b07aa.Cheshbonit Vendor.083456.jpg,,,,,2023-07,U102
d7baaab9,holdings.office1@gmail.com,0596564a,3228,7/3/2023,,חשבון גז, ₪220.00,7/3/2023,חיבור כיריים,Purchases_Images/d7baaab9.Cheshbonit Vendor.083604.jpg,,,,,2023-07,U102
4e45c8e6,holdings.office1@gmail.com,fb4521e2,2038,7/4/2023,0-714923,חשבון חשמל, ₪84.80,7/4/2023,4.5-29.6,Purchases_Files_/4e45c8e6.Cheshbonit Vendor.083706.80.pdf,,,,,2023-07,U095
eb1b2423,holdings.office1@gmail.com,0596564a,3228,7/5/2023,515346,חשבון גז, ₪20.95,7/5/2023,גמר חשבון,Purchases_Images/eb1b2423.Cheshbonit Vendor.123158.jpg,,,,,2023-07,U102
1004e50e,holdings.office1@gmail.com,0596564a,0939,7/5/2023,0-240796,חשבון גז, ₪51.33,7/5/2023,18.5-4.7,Purchases_Files_/1004e50e.Cheshbonit Vendor.083943.33.pdf,,,,,2023-07,
797fa9a9,holdings.office1@gmail.com,fb4521e2,2129,7/6/2023,0-266262,חשבון חשמל, ₪62.74,7/6/2023,10.6-4.7,Purchases_Files_/797fa9a9.Cheshbonit Vendor.084048.74.pdf,,,,,2023-07,U097
51fc41fa,holdings.office1@gmail.com,fb4521e2,2118,7/6/2023,0-701045,חשבון חשמל, ₪336.18,7/6/2023,5.5-4.7,Purchases_Files_/51fc41fa.Cheshbonit Vendor.084229.18.pdf,,,,,2023-07,U097
ce42366f,holdings.office1@gmail.com,fb4521e2,2120,7/6/2023,0-838912,חשבון חשמל, ₪302.53,7/6/2023,5.5-4.7,Purchases_Files_/ce42366f.Cheshbonit Vendor.084329.53.pdf,,,,,2023-07,U097
6004f698,holdings.office1@gmail.com,fb4521e2,2130,7/6/2023,0-885780,חשבון חשמל, ₪441.89,7/6/2023,5.5-4.7,Purchases_Files_/6004f698.Cheshbonit Vendor.084426.89.pdf,,,,,2023-07,U097
eb38ef06,yuri@emmaleh.com,b3269090,186dafa2a,7/6/2023,,OFFICE RENT," ₪2,425.41",,,Purchases_Files_/eb38ef06.Cheshbonit Vendor.065110.pdf,,,,,2023-07,U094
b9f8bf4f,yuri@emmaleh.com,b3269088,3228,7/4/2023,,"Moving (Hovala) , Electric Burners , Regualr Fridge"," ₪2,177.00",,,Purchases_Files_/b9f8bf4f.Cheshbonit Vendor.102910.pdf,,,,,2023-07,U102
081fe9d7,yuri@emmaleh.com,b3269088,3228,6/26/2023,,"Oven W Burners , Moving (Hovala)"," ₪1,440.00",,,Purchases_Files_/081fe9d7.Cheshbonit Vendor.103032.pdf,,,,,2023-06,U102
b2aafd5a,yuri@emmaleh.com,b3269088,2037,6/26/2023,,"Moving (Hovala) , WM Top Door"," ₪1,311.00",,,Purchases_Files_/b2aafd5a.Cheshbonit Vendor.103120.pdf,,,,,2023-06,U095
73ca6ebc,yuri@emmaleh.com,b3269088,3225,6/1/2023,,"Moving (Hovala) , Regualr Fridge"," ₪2,241.00",,Total sum of charge is 3705,Purchases_Files_/73ca6ebc.Cheshbonit Vendor.103211.pdf,,,,,2023-06,U102
ef8ddeb7,yuri@emmaleh.com,b3269088,3225,6/1/2023,,"WM Side Door , Moving (Hovala)"," ₪1,159.00",,Total sum of charge is 3705,Purchases_Files_/ef8ddeb7.Cheshbonit Vendor.104108.pdf,,,,,2023-06,U102
e62aa375,yuri@emmaleh.com,b3269088,3225,6/1/2023,,Gas burners, ₪305.00,,Total sum of charge is 3705,Purchases_Files_/e62aa375.Cheshbonit Vendor.104209.pdf,,,,,2023-06,U102
5a1eafe4,yuri@emmaleh.com,b3269088,0905,6/21/2023,,"Oven W Burners , Moving (Hovala)"," ₪1,440.00",,,Purchases_Files_/5a1eafe4.Cheshbonit Vendor.104348.pdf,,,,,2023-06,
12fb6038,yuri@emmaleh.com,b3269088,3004,6/1/2023,,"Moving (Hovala) , Regualr Fridge"," ₪2,241.00",,,Purchases_Files_/12fb6038.Cheshbonit Vendor.114213.pdf,,,,,2023-06,U102
f744038e,yuri@emmaleh.com,f5e5f165,0929,6/2/2023,,Lights, ₪149.70,,,Purchases_Files_/f744038e.Cheshbonit Vendor.064937.70.pdf,,,,,2023-06,
b76c2b36,yuri@emmaleh.com,b3269088,3004,6/1/2023,,Moving (Hovala), ₪180.00,,Total Amount 2421,Purchases_Files_/b76c2b36.Cheshbonit Vendor.143253.BAGATZ--RD-283312392--Full.PDF,,,,,2023-06,U102
4fb6699d,yuri@emmaleh.com,5d50e1a6,0935,7/21/2023,,Misc, ₪170.00,,,Purchases_Files_/4fb6699d.Cheshbonit Vendor.064533.pdf,,,,,2023-07,
394e645e,yuri@emmaleh.com,b3269088,3216,7/23/2023,,"Moving (Hovala) , Regualr Fridge"," ₪2,064.00",,,Purchases_Files_/394e645e.Cheshbonit Vendor.100637.pdf,,,,,2023-07,U102
784c8834,yuri@emmaleh.com,6ffe01d6,1925,8/4/2023,,"Moving (Hovala) , Big Couch"," ₪2,700.00",,,Purchases_Files_/784c8834.Cheshbonit Vendor.093225.pdf,,,,,2023-08,U095
7899fa21,yuri@emmaleh.com,b3269088,2129,7/31/2023,,Microwave, ₪284.00,,,Purchases_Files_/7899fa21.Cheshbonit Vendor.062706.pdf,,,,,2023-07,U097
4f211509,yuri@emmaleh.com,e100e63e,1903,8/1/2023,,Kitchen Cabinets," ₪1,999.00",,,Purchases_Files_/4f211509.Cheshbonit Vendor.054924.pdf,,,,,2023-08,U094
37bb6ff0,yuri@emmaleh.com,b3269090,186dafa2a,8/7/2023,,OFFICE RENT," ₪2,448.23",,,Purchases_Files_/37bb6ff0.Cheshbonit Vendor.112703.pdf,,,,,2023-08,U094
090b7fa3,yuri@emmaleh.com,b3269088,2119,8/8/2023,,Microwave, ₪284.40,,,Purchases_Files_/090b7fa3.Cheshbonit Vendor.064325.40.pdf,,,,,2023-08,U097
a4f5e512,yuri@emmaleh.com,f5e5f165,1916,8/8/2023,,Lights, ₪748.00,,,Purchases_Files_/a4f5e512.Cheshbonit Vendor.150459.pdf,,,,,2023-08,U095
b1f30fe3,holdings.office1@gmail.com,fb4521e2,0427,7/9/2023,0-861187,חשבון חשמל, ₪32.20,7/9/2023,12.6-1.7,Purchases_Files_/b1f30fe3.Cheshbonit Vendor.052659.20.pdf,,,,,2023-07,
4e2db48b,holdings.office1@gmail.com,fb4521e2,2115,7/9/2023,0967133,חשבון חשמל, ₪79.73,7/9/2023,16.4-5.7,Purchases_Files_/4e2db48b.Cheshbonit Vendor.052926.73.pdf,,,,,2023-07,U097
6ca75c3f,holdings.office1@gmail.com,fb4521e2,1715,7/9/2023,0018788,חשבון חשמל, ₪54.83,7/9/2023,3.5-1.7,Purchases_Files_/6ca75c3f.Cheshbonit Vendor.053040.83.pdf,,,,,2023-07,U052
9f2b822f,holdings.office1@gmail.com,fb4521e2,3228,7/9/2023,0088443,חשבון חשמל, ₪150.02,7/9/2023,2.3-1.7,Purchases_Files_/9f2b822f.Cheshbonit Vendor.053158.02.pdf,,,,,2023-07,U102
4a222ed7,holdings.office1@gmail.com,0596564a,2047,7/9/2023,שולם בהוראת קבע,חשבון גז, ₪104.34,7/9/2023,4-5/23,Purchases_Images/4a222ed7.Cheshbonit Vendor.053359.jpg,,,,,2023-07,U095
0723fff0,holdings.office1@gmail.com,0596564a,3225,7/9/2023,שולם בהוראת קבע,חשבון גז, ₪39.31,7/9/2023,4-5/23,Purchases_Images/0723fff0.Cheshbonit Vendor.053839.jpg,,,,,2023-07,U102
c3efcc57,holdings.office1@gmail.com,fb4521e2,1922,7/11/2023,0588954,חשבון חשמל, ₪217.29,7/11/2023,3.5-5.7,Purchases_Files_/c3efcc57.Cheshbonit Vendor.053950.29.pdf,,,,,2023-07,U095
63deebf8,holdings.office1@gmail.com,fb4521e2,2809,7/11/2023,0337550,חשבון חשמל, ₪61.12,7/11/2023,5.5-6.7,Purchases_Files_/63deebf8.Cheshbonit Vendor.054050.12.pdf,,,,,2023-07,U102
4a032e08,holdings.office1@gmail.com,fb4521e2,0416,7/11/2023,0485334,חשבון חשמל, ₪52.32,7/11/2023,3.5-6.7,Purchases_Files_/4a032e08.Cheshbonit Vendor.054228.32.pdf,,,,,2023-07,
b0d93dea,holdings.office1@gmail.com,fb4521e2,1816,7/12/2023,0050989,חשבון חשמל, ₪235.31,7/12/2023,3.5-5.7,Purchases_Files_/b0d93dea.Cheshbonit Vendor.054357.31.pdf,,,,,2023-07,U052
d662b008,holdings.office1@gmail.com,fb4521e2,3225,7/12/2023,0118950,חשבון חשמל, ₪165.95,7/12/2023,8.5-6.7,Purchases_Files_/d662b008.Cheshbonit Vendor.054508.95.pdf,,,,,2023-07,U102
cee45fa0,holdings.office1@gmail.com,fb4521e2,1308,7/12/2023,0287128,חשבון חשמל, ₪96.85,7/12/2023,3.3-6.7,Purchases_Files_/cee45fa0.Cheshbonit Vendor.054646.85.pdf,,,,,2023-07,
23c84495,holdings.office1@gmail.com,fb4521e2,2060,7/12/2023,0471326,חשבון חשמל, ₪146.41,7/12/2023,3.5-5.7,Purchases_Files_/23c84495.Cheshbonit Vendor.054748.41.pdf,,,,,2023-07,U097
fb2a361f,holdings.office1@gmail.com,fb4521e2,1723,7/12/2023,0590687,חשבון חשמל, ₪392.69,7/12/2023,3.5-5.7,Purchases_Files_/fb2a361f.Cheshbonit Vendor.054930.69.pdf,,,,,2023-07,U052
ecc733f1,holdings.office1@gmail.com,fb4521e2,1710,7/12/2023,0122994,חשבון חשמל, ₪119.98,7/12/2023,3.5-5.7,Purchases_Files_/ecc733f1.Cheshbonit Vendor.055056.98.pdf,,,,,2023-07,U052
548070cb,holdings.office1@gmail.com,fb4521e2,1726,7/12/2023,0609560,חשבון חשמל, ₪56.91,7/12/2023,3.5-5.7,Purchases_Files_/548070cb.Cheshbonit Vendor.055220.91.pdf,,,,,2023-07,U052
62df2af9,holdings.office1@gmail.com,fb4521e2,0413,7/12/2023,0694117,חשבון חשמל, ₪350.26,7/12/2023,3.5-6.7,Purchases_Files_/62df2af9.Cheshbonit Vendor.055352.26.pdf,,,,,2023-07,
25ade730,holdings.office1@gmail.com,fb4521e2,0443,7/12/2023,0806521,חשבון חשמל, ₪99.25,7/12/2023,3.3-6.7,Purchases_Files_/25ade730.Cheshbonit Vendor.055529.25.pdf,,,,,2023-07,
ec87fcfd,holdings.office1@gmail.com,fb4521e2,3013,7/12/2023,0901983,חשבון חשמל, ₪566.07,7/12/2023,5.5-6.7,Purchases_Files_/ec87fcfd.Cheshbonit Vendor.055739.07.pdf,,,,,2023-07,U102
6fd5b777,holdings.office1@gmail.com,fb4521e2,1729,7/12/2023,0018242,חשבון חשמל, ₪125.39,7/12/2023,3.5-5.7,Purchases_Files_/6fd5b777.Cheshbonit Vendor.055845.39.pdf,,,,,2023-07,U052
c447de9d,holdings.office1@gmail.com,fb4521e2,1912,7/12/2023,0180869,חשבון חשמל, ₪210.09,7/12/2023,3.5-5.7,Purchases_Files_/c447de9d.Cheshbonit Vendor.060203.09.pdf,,,,,2023-07,U095
45fb58bd,holdings.office1@gmail.com,fb4521e2,2023,7/12/2023,0319343,חשבון חשמל, ₪251.53,7/12/2023,3.5-5.7,Purchases_Files_/45fb58bd.Cheshbonit Vendor.060604.53.pdf,,,,,2023-07,U095
9f829537,holdings.office1@gmail.com,fb4521e2,1909,7/12/2023,0380774,חשבון חשמל, ₪79.74,7/12/2023,3.5-5.7,Purchases_Files_/9f829537.Cheshbonit Vendor.061011.74.pdf,,,,,2023-07,U094
0da1b29e,holdings.office1@gmail.com,fb4521e2,3004,7/12/2023,0446682,חשבון חשמל, ₪86.83,7/12/2023,24.3-6.7,Purchases_Files_/0da1b29e.Cheshbonit Vendor.061925.83.pdf,,,,,2023-07,U102
cb4660b8,holdings.office1@gmail.com,fb4521e2,3008,7/12/2023,0436220,חשבון חשמל, ₪527.03,7/12/2023,5.5-6.7,Purchases_Files_/cb4660b8.Cheshbonit Vendor.062044.03.pdf,,,,,2023-07,U102
1124dc75,holdings.office1@gmail.com,fb4521e2,3205,7/16/2023,0855866,חשבון חשמל, ₪274.62,7/16/2023,3.5-9.7,Purchases_Files_/1124dc75.Cheshbonit Vendor.062240.62.pdf,,,,,2023-07,U102
f5256370,holdings.office1@gmail.com,fb4521e2,2608,7/16/2023,0428193,חשבון חשמל, ₪91.42,7/16/2023,3.5-9.7,Purchases_Files_/f5256370.Cheshbonit Vendor.063225.42.pdf,,,,,2023-07,U097
c221a248,holdings.office1@gmail.com,fb4521e2,3217,7/16/2023,0971358,חשבון חשמל," ₪1,024.87",7/16/2023,3.5-9.7,Purchases_Files_/c221a248.Cheshbonit Vendor.064903.87.pdf,,,,,2023-07,U102
16063d2b,holdings.office1@gmail.com,fb4521e2,3222,7/16/2023,0234013,חשבון חשמל, ₪54.78,7/16/2023,3.5-9.7,Purchases_Files_/16063d2b.Cheshbonit Vendor.065038.78.pdf,,,,,2023-07,U102
7cab1c33,holdings.office1@gmail.com,fb4521e2,3242,7/16/2023,0313783,חשבון חשמל, ₪100.12,7/16/2023,2.3-9.7,Purchases_Files_/7cab1c33.Cheshbonit Vendor.065213.12.pdf,,,,,2023-07,U102
4d7119e9,holdings.office1@gmail.com,fb4521e2,2604,7/16/2023,0871269,חשבון חשמל, ₪110.34,7/16/2023,2.3-9.7,Purchases_Files_/4d7119e9.Cheshbonit Vendor.065345.34.pdf,,,,,2023-07,U097
97cf14c1,holdings.office1@gmail.com,fb4521e2,2606,7/16/2023,0138750,חשבון חשמל, ₪100.12,7/16/2023,2.3-9.7,Purchases_Files_/97cf14c1.Cheshbonit Vendor.065452.12.pdf,,,,,2023-07,U097
0ad18bda,holdings.office1@gmail.com,fb4521e2,2119,7/18/2023,0721548,חשבון חשמל, ₪116.32,7/18/2023,5.7-16.7 שולם בשם הדייר הוא השאיר פיקדון,Purchases_Files_/0ad18bda.Cheshbonit Vendor.065932.32.pdf,,,,,2023-07,U097
8cca1228,holdings.office1@gmail.com,9a38660a,2060,7/19/2023,923212,ארנונה," ₪2,036.20",7/19/2023,1.10.22-31.8.23,Purchases_Files_/8cca1228.Cheshbonit Vendor.071504.20.pdf,,,,,2023-07,U097
610e0cbc,holdings.office1@gmail.com,0596564a,0413,7/23/2023,0438721,חשבון גז, ₪49.63,7/23/2023,19.5-17.7,Purchases_Files_/610e0cbc.Cheshbonit Vendor.071824.63 מאי-יולי.pdf,,,,,2023-07,
6478860f,holdings.office1@gmail.com,0596564a,1726,7/23/2023,0831248,חשבון גז, ₪49.63,7/23/2023,19.5-17.7,Purchases_Files_/6478860f.Cheshbonit Vendor.071938.63 מאי-יולי.pdf,,,,,2023-07,U052
467b4334,holdings.office1@gmail.com,0596564a,0953,7/23/2023,0898700,חשבון גז, ₪57.67,7/23/2023,19.5-17.7,Purchases_Files_/467b4334.Cheshbonit Vendor.072142.67.pdf,,,,,2023-07,
0d4be8f7,holdings.office1@gmail.com,0596564a,0416,7/23/2023,0502914,חשבון גז, ₪47.33,7/23/2023,19.5-17.7,Purchases_Files_/0d4be8f7.Cheshbonit Vendor.072736.33 5-7.pdf,,,,,2023-07,
3a45d1a0,holdings.office1@gmail.com,0596564a,1909,7/23/2023,0743757,חשבון גז, ₪49.63,7/23/2023,19.5-17.7,Purchases_Files_/3a45d1a0.Cheshbonit Vendor.072956.63 5-7.pdf,,,,,2023-07,U094
680346bd,holdings.office1@gmail.com,0596564a,435,7/23/2023,0992966,חשבון גז, ₪115.16,7/23/2023,19.5-17.7,Purchases_Files_/680346bd.Cheshbonit Vendor.073116.16.pdf,,,,,2023-07,U102
b98ab74b,holdings.office1@gmail.com,0596564a,1715,7/23/2023,0120519,חשבון גז, ₪47.33,7/23/2023,19.5-17.7,Purchases_Files_/b98ab74b.Cheshbonit Vendor.073253.33 5-7.pdf,,,,,2023-07,U052
64ff178e,holdings.office1@gmail.com,0596564a,0939,7/23/2023,0292425,חשבון גז, ₪9.45,7/23/2023,0292425,Purchases_Files_/64ff178e.Cheshbonit Vendor.073436.45.pdf,,,,,2023-07,
013ad949,holdings.office1@gmail.com,0596564a,1841,7/23/2023,0705806,חשבון גז, ₪104.08,7/23/2023,19.5-17.7,Purchases_Files_/013ad949.Cheshbonit Vendor.073558.08.pdf,,,,,2023-07,U061
787a27ff,holdings.office1@gmail.com,0596564a,2626,7/23/2023,0541391,חשבון גז, ₪261.20,7/23/2023,19.5-17.7,Purchases_Files_/787a27ff.Cheshbonit Vendor.074103.20.pdf,,,,,2023-07,U097
3e843e64,holdings.office1@gmail.com,0596564a,1815,7/23/2023,0676312,חשבון גז, ₪49.63,7/23/2023,19.5-17.7,Purchases_Files_/3e843e64.Cheshbonit Vendor.074210.63 5-7.pdf,,,,,2023-07,U052
802a987d,holdings.office1@gmail.com,0596564a,2642,7/23/2023,0752071,חשבון גז, ₪93.82,7/23/2023,19.5-17.7,Purchases_Files_/802a987d.Cheshbonit Vendor.074431.82.pdf,,,,,2023-07,U097
f6b6ae73,holdings.office1@gmail.com,fb4521e2,2129,7/26/2023,0031906,חשבון חשמל, ₪32.13,7/26/2023,5.7-21.7,Purchases_Files_/f6b6ae73.Cheshbonit Vendor.074658.13.pdf,,,,,2023-07,U097
d723e2d1,holdings.office1@gmail.com,fb4521e2,1726,8/6/2023,0160796,חשבון חשמל, ₪18.33,8/6/2023,6.7-31.7,Purchases_Files_/d723e2d1.Cheshbonit Vendor.074933.33.pdf,,,,,2023-08,U052
773b61dc,holdings.office1@gmail.com,fb4521e2,2119,8/9/2023,0665489,חשבון חשמל, ₪69.02,8/9/2023,17.7-26.7,Purchases_Files_/773b61dc.Cheshbonit Vendor.075041.02.pdf,,,,,2023-08,U097
46b4387c,holdings.office1@gmail.com,fb4521e2,2031,8/10/2023,0538454,חשבון חשמל, ₪239.01,8/10/2023,שולם עבור הדייר הוא ביצע העברה,Purchases_Files_/46b4387c.Cheshbonit Vendor.075225.01.pdf,,,,,2023-08,U095
,,,,,,,,,,,,,,,,
,,,,,,,,,,,,,,,,
,,,,,,,,,,,,,,,,
,,,,,,,,,,,,,,,,
af6b0323,holdings.office1@gmail.com,0596564a,3204,8/10/2023,0-891358,חשבון גז, ₪202.18,8/10/2023,6-7/23,Purchases_Images/af6b0323.Cheshbonit Vendor.060137.jpg,,,,,2023-08,U102
ce4be280,holdings.office1@gmail.com,0596564a,2060,8/10/2023,0-103028,חשבון גז, ₪120.60,8/10/2023,6-7/23,Purchases_Images/ce4be280.Cheshbonit Vendor.060235.jpg,,,,,2023-08,U097
80f0ddeb,holdings.office1@gmail.com,0596564a,3205,8/13/2023,0-065854,חשבון גז, ₪39.31,8/13/2023,6-7/23,Purchases_Images/80f0ddeb.Cheshbonit Vendor.060826.jpg,,,,,2023-08,U102
c8263c61,holdings.office1@gmail.com,0596564a,2038,8/13/2023,0-460766,חשבון גז, ₪52.41,8/13/2023,"6-7/23 , 5/23 חלק",Purchases_Images/c8263c61.Cheshbonit Vendor.061405.jpg,,,,,2023-08,U095
685ef05a,holdings.office1@gmail.com,fc46cf6f,1f59ee08d,8/14/2023,0-728881,חשבון מים, ₪303.67,8/14/2023,"תיקון פיצוץ צנרת וגמר חשבון יחידות 39,68,104,97,102",Purchases_Files_/685ef05a.Cheshbonit Vendor.061910.67.pdf,,,,,2023-08,U095
692683c4,holdings.office1@gmail.com,fc46cf6f,3010,8/14/2023,0-826032,חשבון מים, ₪423.89,8/14/2023,"תיקון פיצוץ צנרת וגמר חשבון יחידות 235,234,250,224,245",Purchases_Files_/692683c4.Cheshbonit Vendor.062055.89.pdf,,,,,2023-08,U102
58e2198e,holdings.office1@gmail.com,9a38660a,3220,8/16/2023,1080370,ארנונה, ₪385.10,8/16/2023,7-8/23,Purchases_Files_/58e2198e.Cheshbonit Vendor.054706.10.pdf,,,,,2023-08,U102
13de5ef5,holdings.office1@gmail.com,fb4521e2,1816,8/17/2023,0-603167,חשבון חשמל, ₪79.03,8/17/2023,6.7-13.8,Purchases_Files_/13de5ef5.Cheshbonit Vendor.054817.03.pdf,,,,,2023-08,U052
bf64f02b,yuri@emmaleh.com,2e2800e3,2115,8/6/2023,,Misc, ₪75.00,,,Purchases_Files_/bf64f02b.Cheshbonit Vendor.064503.pdf,,,,,2023-08,U097
4bf9dcba,holdings.office1@gmail.com,9a38660a,2702,8/17/2023,21275217,ארנונה, ₪727.40,8/17/2023,7-8/23,Purchases_Files_/4bf9dcba.Cheshbonit Vendor.124122.40.pdf,,,,,2023-08,U097
fcb0b29c,holdings.office1@gmail.com,9a38660a,1f59ee08d,8/17/2023,15902218,ארנונה," ₪13,340.40",8/17/2023,7-8/23 ארנונה השקעות,Purchases_Files_/fcb0b29c.Cheshbonit Vendor.124236.40.pdf,,,,,2023-08,U095
032f4763,holdings.office1@gmail.com,9a38660a,3010,8/17/2023,15903218,ארנונה," ₪9,470.20",8/17/2023,7-8/23 ארנונה קרן אבירם,Purchases_Files_/032f4763.Cheshbonit Vendor.124516.20.pdf,,,,,2023-08,U102
b4e0ccbe,holdings.office1@gmail.com,0596564a,1903,8/21/2023,,חשבון גז, ₪503.10,8/21/2023,התקנת מונה,Purchases_Files_/b4e0ccbe.Cheshbonit Vendor.124617.10.pdf,,,,,2023-08,U094
ac052139,holdings.office1@gmail.com,fb4521e2,3226,8/22/2023,0-743831,חשבון חשמל, ₪68.24,8/22/2023,11.7-18.8,Purchases_Files_/ac052139.Cheshbonit Vendor.124727.24.pdf,,,,,2023-08,U102
73dae09c,holdings.office1@gmail.com,fb4521e2,2115,8/27/2023,0-566745,חשבון חשמל, ₪42.00,8/27/2023,6.7-14.8,Purchases_Files_/73dae09c.Cheshbonit Vendor.124927.pdf,,,,,2023-08,U097
c5f72b22,holdings.office1@gmail.com,0596564a,1405,9/5/2023,0-156943,חשבון גז, ₪422.41,9/5/2023,2-6/23,Purchases_Files_/c5f72b22.Cheshbonit Vendor.125124.41.pdf,,,,,2023-09,U052
f7f09952,holdings.office1@gmail.com,0596564a,0443,9/5/2023,0-723072,חשבון גז, ₪148.89,9/5/2023,2-6/23,Purchases_Files_/f7f09952.Cheshbonit Vendor.125234.89.pdf,,,,,2023-09,
c494d1bf,holdings.office1@gmail.com,0596564a,2608,9/6/2023,0-300426,חשבון גז, ₪247.91,9/6/2023,1-6/23,Purchases_Files_/c494d1bf.Cheshbonit Vendor.125338.91.pdf,,,,,2023-09,U097
46df8014,yuri@emmaleh.com,b3269088,1912,9/11/2023,,"Electric Burners , Microwave", ₪736.00,,,Purchases_Files_/46df8014.Cheshbonit Vendor.084229.pdf,,,,,2023-09,U095
4b4338ca,yuri@emmaleh.com,b3269090,186dafa2a,9/6/2023,,OFFICE RENT," ₪2,425.41",,,Purchases_Files_/4b4338ca.Cheshbonit Vendor.085335.pdf,,,,,2023-09,U094
201c8e6b,yuri@emmaleh.com,f5e5f165,927,9/12/2023,,Closet, ₪899.00,,,Purchases_Files_/201c8e6b.Cheshbonit Vendor.080822.pdf,,,,,2023-09,U102
53f20508,yuri@emmaleh.com,f5e5f165,2809,9/14/2023,,Lights, ₪669.70,,,Purchases_Files_/53f20508.Cheshbonit Vendor.093747.70.pdf,,,,,2023-09,U102
1588b7c1,holdings.office1@gmail.com,fb4521e2,2060,9/14/2023,0440701,חשבון חשמל, ₪286.44,9/14/2023,6.7-10.9,Purchases_Files_/1588b7c1.Cheshbonit Vendor.073432.44.pdf,,,,,2023-09,U097
d258d2fe,holdings.office1@gmail.com,fb4521e2,2023,9/14/2023,0551606,חשבון חשמל, ₪293.65,9/14/2023,6.7-10.9,Purchases_Files_/d258d2fe.Cheshbonit Vendor.073551.65.pdf,,,,,2023-09,U095
d1dbd375,holdings.office1@gmail.com,fb4521e2,2118,9/14/2023,0848713,חשבון חשמל, ₪636.47,9/14/2023,5.7-11.9,Purchases_Files_/d1dbd375.Cheshbonit Vendor.073733.47.pdf,,,,,2023-09,U097
94ffd600,holdings.office1@gmail.com,fb4521e2,1922,9/14/2023,0014183,חשבון חשמל, ₪366.92,9/14/2023,6.7-10.9,Purchases_Files_/94ffd600.Cheshbonit Vendor.073856.92.pdf,,,,,2023-09,U095
8337db32,holdings.office1@gmail.com,fb4521e2,1912,9/18/2023,0865626,חשבון חשמל, ₪284.64,9/18/2023,6.7-10.9,Purchases_Files_/8337db32.Cheshbonit Vendor.074216.64.pdf,,,,,2023-09,U095
604439b2,holdings.office1@gmail.com,fb4521e2,2120,9/18/2023,0151548,חשבון חשמל, ₪258.64,9/18/2023,5.7-11.9,Purchases_Files_/604439b2.Cheshbonit Vendor.074318.64.pdf,,,,,2023-09,U097
60f7e877,holdings.office1@gmail.com,fb4521e2,2809,9/18/2023,0195784,חשבון חשמל, ₪65.04,9/18/2023,7.7-11.9,Purchases_Files_/60f7e877.Cheshbonit Vendor.074420.04.pdf,,,,,2023-09,U102
aeff3f90,holdings.office1@gmail.com,fb4521e2,1909,9/18/2023,0234724,חשבון חשמל, ₪88.81,9/18/2023,6.7-10.9,Purchases_Files_/aeff3f90.Cheshbonit Vendor.074525.81.pdf,,,,,2023-09,U094
d22c4f67,holdings.office1@gmail.com,9a38660a,1428,9/14/2023,1094500,ארנונה, ₪348.30,9/14/2023,9-10/23,Purchases_Files_/d22c4f67.Cheshbonit Vendor.074656.30.pdf,,,,,2023-09,U052
9927aad0,holdings.office1@gmail.com,0596564a,1722,9/12/2023,,חשבון גז, ₪790.00,9/12/2023,חיבור מונה חדש,Purchases_Files_/9927aad0.Cheshbonit Vendor.074753.pdf,,,,,2023-09,U052
f8a77633,yuri@emmaleh.com,f5e5f165,2602,9/18/2023,,Closet," ₪1,099.00",,,Purchases_Files_/f8a77633.Cheshbonit Vendor.093711.pdf,,,,,2023-09,U097
f2c582d7,yuri@emmaleh.com,f5e5f165,1413,9/20/2023,,Lights, ₪519.60,,,Purchases_Files_/f2c582d7.Cheshbonit Vendor.082938.60.pdf,,,,,2023-09,U052
cb8ae3dc,yuri@emmaleh.com,f5e5f165,0939,9/20/2023,,Microwave, ₪249.00,,,Purchases_Files_/cb8ae3dc.Cheshbonit Vendor.082859.pdf,,,,,2023-09,
e60e0c57,yuri@emmaleh.com,5d50e1a6,1825,9/24/2023,,"Misc , Ikea Chair , Carpet , Chairs for dining table"," ₪1,850.00",,,Purchases_Files_/e60e0c57.Cheshbonit Vendor.082416.pdf,,,,,2023-09,U052
8cd7d943,yuri@emmaleh.com,5d50e1a6,2809,9/24/2023,,"Misc , Ikea Chair , Carpet , Dining table , Chairs for dining table"," ₪2,272.00",,,Purchases_Files_/8cd7d943.Cheshbonit Vendor.082558.pdf,,,,,2023-09,U102
edbff8f1,yuri@emmaleh.com,b3269088,1308,9/26/2023,,"Regualr Fridge , Moving (Hovala) , WM Side Door , Oven W Burners"," ₪4,401.00",,,Purchases_Files_/edbff8f1.Cheshbonit Vendor.062451.pdf,,,,,2023-09,
2856e0e3,yuri@emmaleh.com,f5e5f165,2023,9/27/2023,,Lights, ₪488.00,,,Purchases_Files_/2856e0e3.Cheshbonit Vendor.075943.pdf,,,,,2023-09,U095
61e500be,yuri@emmaleh.com,f5e5f165,2023,10/2/2023,,Microwave, ₪249.00,,,Purchases_Files_/61e500be.Cheshbonit Vendor.140635.pdf,,,,,2023-10,U095
98fda0bf,yuri@emmaleh.com,5d50e1a6,1308,10/3/2023,,"Misc , Carpet , Dining table , Chairs for dining table , Ikea Chair"," ₪2,815.00",,,Purchases_Files_/98fda0bf.Cheshbonit Vendor.071048.pdf,,,,,2023-10,
dd2afd31,yuri@emmaleh.com,b3269088,0905,10/5/2023,,"Regualr Fridge , Moving (Hovala)"," ₪2,311.00",,,Purchases_Files_/dd2afd31.Cheshbonit Vendor.062644.pdf,,,,,2023-10,
6e9b4313,yuri@emmaleh.com,f5e5f165,1308,10/26/2023,,Lights, ₪696.00,,,Purchases_Files_/6e9b4313.Cheshbonit Vendor.043743.pdf,,,,,2023-10,
1e4fe86b,holdings.office1@gmail.com,fb4521e2,1308,9/19/2023,0-448258,חשבון חשמל, ₪77.23,9/19/2023,7.7-13.9,Purchases_Files_/1e4fe86b.Cheshbonit Vendor.082532.23.pdf,,,,,2023-09,
684cc6f8,holdings.office1@gmail.com,fb4521e2,1723,9/20/2023,0-062307,חשבון חשמל, ₪511.75,9/20/2023,6.7-13.9,Purchases_Files_/684cc6f8.Cheshbonit Vendor.082631.75.pdf,,,,,2023-09,U052
00e5ec31,holdings.office1@gmail.com,fb4521e2,3004,9/20/2023,0-078931,חשבון חשמל, ₪63.41,9/20/2023,7.7-13.9,Purchases_Files_/00e5ec31.Cheshbonit Vendor.082749.41.pdf,,,,,2023-09,U102
e380bfa2,holdings.office1@gmail.com,fb4521e2,1710,9/20/2023,0-099986,חשבון חשמל, ₪165.16,9/20/2023,6.7-13.9,Purchases_Files_/e380bfa2.Cheshbonit Vendor.082928.16.pdf,,,,,2023-09,U052
12911092,holdings.office1@gmail.com,fb4521e2,3008,9/20/2023,0-812685,חשבון חשמל," ₪1,074.36",9/20/2023,7.7-13.9,Purchases_Files_/12911092.Cheshbonit Vendor.083122.36.pdf,,,,,2023-09,U102
6b65b929,holdings.office1@gmail.com,fb4521e2,3013,9/20/2023,0-950733,חשבון חשמל," ₪1,309.83",9/20/2023,7.7-13.9,Purchases_Files_/6b65b929.Cheshbonit Vendor.083419.83.pdf,,,,,2023-09,U102
e0aede86,holdings.office1@gmail.com,fb4521e2,0413,9/20/2023,0-975185,חשבון חשמל, ₪84.44,9/20/2023,7.7-13.9,Purchases_Files_/e0aede86.Cheshbonit Vendor.083530.44.pdf,,,,,2023-09,
7a12b621,holdings.office1@gmail.com,fb4521e2,0443,9/20/2023,0-997056,חשבון חשמל, ₪57.41,9/20/2023,7.7-13.9,Purchases_Files_/7a12b621.Cheshbonit Vendor.083637.41.pdf,,,,,2023-09,
dee4e8f4,holdings.office1@gmail.com,fb4521e2,1729,9/20/2023,0-015743,חשבון חשמל, ₪216.20,9/20/2023,6.7-13.9,Purchases_Files_/dee4e8f4.Cheshbonit Vendor.083749.20.pdf,,,,,2023-09,U052
a7566899,holdings.office1@gmail.com,fb4521e2,0416,9/20/2023,0-043265,חשבון חשמל, ₪55.61,9/20/2023,7.7-13.9,Purchases_Files_/a7566899.Cheshbonit Vendor.083858.61.pdf,,,,,2023-09,
efd9cb33,holdings.office1@gmail.com,fc46cf6f,1f59ee08d,9/26/2023,0-874719,חשבון מים," ₪3,748.12",9/26/2023,6-7/23 השקעות דרום,Purchases_Files_/efd9cb33.Cheshbonit Vendor.084008.12.pdf,,,,,2023-09,U095
e76c25aa,holdings.office1@gmail.com,fc46cf6f,3010,9/26/2023,0-937789,חשבון מים," ₪2,824.29",9/26/2023,6-7/23 קרן אבירם,Purchases_Files_/e76c25aa.Cheshbonit Vendor.084121.29.pdf,,,,,2023-09,U102
4282a4f4,holdings.office1@gmail.com,fc46cf6f,3220,9/26/2023,0-996736,חשבון מים, ₪34.04,9/26/2023,6-7/23,Purchases_Files_/4282a4f4.Cheshbonit Vendor.084234.04.pdf,,,,,2023-09,U102
1a19f157,holdings.office1@gmail.com,fc46cf6f,2702,9/26/2023,0-078709,חשבון מים, ₪510.52,9/26/2023,6-7/23,Purchases_Files_/1a19f157.Cheshbonit Vendor.084357.52.pdf,,,,,2023-09,U097
16c525bc,holdings.office1@gmail.com,fb4521e2,2604,9/27/2023,0-134247,חשבון חשמל, ₪58.90,9/27/2023,10.7-20.9,Purchases_Files_/16c525bc.Cheshbonit Vendor.084508.90.pdf,,,,,2023-09,U097
fe400e4f,holdings.office1@gmail.com,fb4521e2,2606,9/27/2023,0-190751,חשבון חשמל, ₪58.90,9/27/2023,10.7-20.9,Purchases_Files_/fe400e4f.Cheshbonit Vendor.084756.90.pdf,,,,,2023-09,U097
da36de53,holdings.office1@gmail.com,fb4521e2,3222,9/27/2023,0-242693,חשבון חשמל, ₪58.90,9/27/2023,10.7-20.9,Purchases_Files_/da36de53.Cheshbonit Vendor.084913.90.pdf,,,,,2023-09,U102
a49c094f,holdings.office1@gmail.com,fb4521e2,3242,9/27/2023,0-297812,חשבון חשמל, ₪58.90,9/27/2023,10.7-20.9,Purchases_Files_/a49c094f.Cheshbonit Vendor.085010.90.pdf,,,,,2023-09,U102
ca628dc1,holdings.office1@gmail.com,fb4521e2,3205,9/27/2023,0-428847,חשבון חשמל, ₪219.28,9/27/2023,10.7-20.9,Purchases_Files_/ca628dc1.Cheshbonit Vendor.085109.28.pdf,,,,,2023-09,U102
49c63bab,holdings.office1@gmail.com,fb4521e2,3217,9/28/2023,0-596957,חשבון חשמל," ₪1,494.52",9/28/2023,10.7-20.9,Purchases_Files_/49c63bab.Cheshbonit Vendor.085229.52.pdf,,,,,2023-09,U102
93e604ff,holdings.office1@gmail.com,fb4521e2,2608,9/28/2023,0-706630,חשבון חשמל, ₪227.09,9/28/2023,10.7-20.9,Purchases_Files_/93e604ff.Cheshbonit Vendor.085348.09.pdf,,,,,2023-09,U097
ea137082,holdings.office1@gmail.com,fb4521e2,2015,10/8/2023,0-985671,חשבון חשמל, ₪50.37,10/8/2023,11.9-28.9,Purchases_Files_/ea137082.Cheshbonit Vendor.085515.37.pdf,,,,,2023-10,U095
ac2964ec,holdings.office1@gmail.com,0596564a,0413,10/11/2023,0876557,"חשבון גז , Small Couch", ₪52.10,10/11/2023,18.7-18.9,Purchases_Files_/ac2964ec.Cheshbonit Vendor.090103.10.pdf,,,,,2023-10,
d8dc57c0,holdings.office1@gmail.com,0596564a,1815,10/11/2023,0918326,חשבון גז, ₪52.10,10/11/2023,18.7-18.9,Purchases_Files_/d8dc57c0.Cheshbonit Vendor.090204.10.pdf,,,,,2023-10,U052
ca702ad7,holdings.office1@gmail.com,0596564a,2642,10/11/2023,0146142,חשבון גז, ₪94.06,10/11/2023,18.7-18.9,Purchases_Files_/ca702ad7.Cheshbonit Vendor.090425.06.pdf,,,,,2023-10,U097
16261613,holdings.office1@gmail.com,0596564a,435,10/11/2023,0379602,חשבון גז, ₪82.49,10/11/2023,18.7-18.9,Purchases_Files_/16261613.Cheshbonit Vendor.090535.49.pdf,,,,,2023-10,U102
4d71cc57,holdings.office1@gmail.com,0596564a,1909,10/11/2023,0423327,חשבון גז, ₪52.10,10/11/2023,18.7-18.9,Purchases_Files_/4d71cc57.Cheshbonit Vendor.090643.10.pdf,,,,,2023-10,U094
5c2e875a,holdings.office1@gmail.com,0596564a,0416,10/11/2023,0467506,חשבון גז, ₪49.68,10/11/2023,18.7-18.9,Purchases_Files_/5c2e875a.Cheshbonit Vendor.090751.68.pdf,,,,,2023-10,
510baa23,holdings.office1@gmail.com,0596564a,0953,10/11/2023,0555821,חשבון גז, ₪90.04,10/11/2023,18.7-18.9,Purchases_Files_/510baa23.Cheshbonit Vendor.090909.04.pdf,,,,,2023-10,
90eaa9ee,holdings.office1@gmail.com,0596564a,1405,10/11/2023,0600239,חשבון גז, ₪130.43,10/11/2023,18.7-18.9,Purchases_Files_/90eaa9ee.Cheshbonit Vendor.091007.43.pdf,,,,,2023-10,U052
3cbf6b83,holdings.office1@gmail.com,0596564a,2626,10/11/2023,0697862,חשבון גז, ₪223.05,10/11/2023,18.7-18.9,Purchases_Files_/3cbf6b83.Cheshbonit Vendor.091109.05.pdf,,,,,2023-10,U097
ebba52d5,holdings.office1@gmail.com,0596564a,2608,10/11/2023,0738146,חשבון גז, ₪52.10,10/11/2023,18.7-18.9,Purchases_Files_/ebba52d5.Cheshbonit Vendor.091206.10.pdf,,,,,2023-10,U097
86b14b7d,yuri@emmaleh.com,97013314,186dafa2a,10/18/2023,,IDF Donation, ₪916.00,,,Purchases_Files_/86b14b7d.Cheshbonit Vendor.063803.pdf,,,,,2023-10,U094
366c2ca0,yuri@emmaleh.com,0f10552e,186dafa2a,10/18/2023,,IDF Donation, ₪559.93,,,Purchases_Files_/366c2ca0.Cheshbonit Vendor.070339.93.pdf,,,,,2023-10,U094
a500f257,yuri@emmaleh.com,f5e5f165,186dafa2a,10/18/2023,,IDF Donation, ₪237.20,,,Purchases_Files_/a500f257.Cheshbonit Vendor.071558.20.pdf,,,,,2023-10,U094
c057f640,yuri@emmaleh.com,b3269090,186dafa2a,10/5/2023,,OFFICE RENT," ₪2,425.41",,,Purchases_Files_/c057f640.Cheshbonit Vendor.061057.pdf,,,,,2023-10,U094
5360d6ca,holdings.office1@gmail.com,0596564a,2047,9/4/2023,,חשבון גז, ₪75.90,9/4/2023,תשלום בהוראת קבע,Purchases_Files_/5360d6ca.Cheshbonit Vendor.084136.90.pdf,,,,,2023-09,U095
ca80f849,holdings.office1@gmail.com,0596564a,3225,9/4/2023,,חשבון גז, ₪39.31,9/4/2023,תשלום בהוראת קבע,Purchases_Files_/ca80f849.Cheshbonit Vendor.084251.31 ספטמבר.pdf,,,,,2023-09,U102
df2d3b7c,holdings.office1@gmail.com,fb4521e2,1433,10/19/2023,0-705376,חשבון חשמל, ₪26.89,10/19/2023,15.9-29.9,Purchases_Files_/df2d3b7c.Cheshbonit Vendor.084417.89.pdf,,,,,2023-10,U052
320d803b,holdings.office1@gmail.com,0596564a,2060,10/19/2023,0-077230,חשבון גז, ₪154.56,10/19/2023,8-9/23,Purchases_Files_/320d803b.Cheshbonit Vendor.084537.56.pdf,,,,,2023-10,U097
10cdffb2,holdings.office1@gmail.com,0596564a,2038,10/19/2023,0-166710,חשבון גז, ₪39.31,10/19/2023,8-9/23,Purchases_Files_/10cdffb2.Cheshbonit Vendor.084645.31.pdf,,,,,2023-10,U095
ec90bb04,holdings.office1@gmail.com,0596564a,3205,10/19/2023,0-253971,חשבון גז, ₪39.31,10/19/2023,8-9/23,Purchases_Files_/ec90bb04.Cheshbonit Vendor.084749.31.pdf,,,,,2023-10,U102
8db30da4,holdings.office1@gmail.com,0596564a,3204,10/19/2023,0-282822,חשבון גז, ₪39.31,10/19/2023,8-9/23,Purchases_Files_/8db30da4.Cheshbonit Vendor.092241.31.pdf,,,,,2023-10,U102
046fe8b6,holdings.office1@gmail.com,fb4521e2,0953,10/23/2023,0-463042,חשבון חשמל, ₪373.37,10/23/2023,שולם בשם הדייר הדייר ביצע העברה לחשבון,Purchases_Files_/046fe8b6.Cheshbonit Vendor.092811.37.pdf,,,,,2023-10,
cb16eb5c,holdings.office1@gmail.com,fb4521e2,1701,10/25/2023,0-928747,חשבון חשמל, ₪172.19,10/25/2023,31.7-23.10,Purchases_Files_/cb16eb5c.Cheshbonit Vendor.092909.19.pdf,,,,,2023-10,U052
d3e3a3b7,holdings.office1@gmail.com,9a38660a,3010,10/25/2023,16471218,ארנונה," ₪10,406.80",10/25/2023,ארנונה קרן אבירם 9-10/23,Purchases_Files_/d3e3a3b7.Cheshbonit Vendor.093020.80.pdf,,,,,2023-10,U102
62bd79e5,holdings.office1@gmail.com,9a38660a,1f59ee08d,10/25/2023,16469218,ארנונה," ₪12,645.50",10/25/2023,ארנונה השקעות דרום 9-10/23,Purchases_Files_/62bd79e5.Cheshbonit Vendor.093120.50.pdf,,,,,2023-10,U095
41b833ca,holdings.office1@gmail.com,9a38660a,3220,10/25/2023,12791219,ארנונה, ₪365.30,10/25/2023,9-10/23,Purchases_Files_/41b833ca.Cheshbonit Vendor.093216.30.pdf,,,,,2023-10,U102
8014eb4a,holdings.office1@gmail.com,9a38660a,2702,10/25/2023,12792219,ארנונה, ₪704.00,10/25/2023,9-10/23,Purchases_Files_/8014eb4a.Cheshbonit Vendor.093317.pdf,,,,,2023-10,U097
c7bdd295,holdings.office1@gmail.com,0596564a,2018,11/2/2023,517783,חשבון גז, ₪741.67,11/2/2023,שולם עבור חוב של הדייר באישור יורי,Purchases_Files_/c7bdd295.Cheshbonit Vendor.093421.67.pdf,,,,,2023-11,U095
6b320a59,holdings.office1@gmail.com,0596564a,2018,11/2/2023,247096,חשבון גז, ₪270.00,11/2/2023,התאמת כיריים,Purchases_Files_/6b320a59.Cheshbonit Vendor.093514.pdf,,,,,2023-11,U095
eab480ba,holdings.office1@gmail.com,fb4521e2,1706,11/2/2023,0-494153,חשבון חשמל, ₪64.03,11/2/2023,גמר חשבון דיירת שולם באישור יורי,Purchases_Files_/eab480ba.Cheshbonit Vendor.094113.03.pdf,,,,,2023-11,U052
808cb69f,holdings.office1@gmail.com,fb4521e2,1930,11/2/2023,0-638395,חשבון חשמל, ₪37.11,11/2/2023,30.9-25.10,Purchases_Files_/808cb69f.Cheshbonit Vendor.095010.11.pdf,,,,,2023-11,U095
32698854,holdings.office1@gmail.com,fc46cf6f,3220,11/6/2023,0-638031,חשבון מים, ₪32.94,11/6/2023,8-9/23,Purchases_Files_/32698854.Cheshbonit Vendor.070851.94.pdf,,,,,2023-11,U102
e35dd4a9,holdings.office1@gmail.com,fc46cf6f,1434,11/6/2023,0-689810,חשבון מים, ₪180.19,11/6/2023,תיקוני צנרת,Purchases_Files_/e35dd4a9.Cheshbonit Vendor.070931.19.pdf,,,,,2023-11,U052
eb36aa12,holdings.office1@gmail.com,fc46cf6f,2702,11/6/2023,0-705947,חשבון מים, ₪677.48,11/6/2023,8-9/23,Purchases_Files_/eb36aa12.Cheshbonit Vendor.071003.48.pdf,,,,,2023-11,U097
542aae47,holdings.office1@gmail.com,0596564a,1825,11/7/2023,,"OFFICE RENT , חשבון גז"," ₪1,078.00",11/7/2023,שולם החוב עבור הדייר לעורך דין יורי יגבה מהדייר,Purchases_Files_/542aae47.Cheshbonit Vendor.094629.pdf,,,,,2023-11,U052
7f5299d9,yuri@emmaleh.com,b3269090,186dafa2a,11/6/2023,,OFFICE RENT," ₪2,425.41",,,Purchases_Files_/7f5299d9.Cheshbonit Vendor.074508.pdf,,,,,2023-11,U094
637f7826,holdings.office1@gmail.com,0596564a,0454,11/8/2023,0-722983,חשבון גז, ₪694.23,11/8/2023,שולם החוב עבור הדיירת באישור יורי הוא ידאג שהיא תשלם,Purchases_Files_/637f7826.Cheshbonit Vendor.072330.23.pdf,,,,,2023-11,
3ac7b000,holdings.office1@gmail.com,fc46cf6f,3010,11/8/2023,0-890244,חשבון מים," ₪2,791.15",11/8/2023,8-9/23 דירות קרן אבירם,Purchases_Files_/3ac7b000.Cheshbonit Vendor.132356.15.pdf,,,,,2023-11,U102
fe720a40,holdings.office1@gmail.com,fc46cf6f,1f59ee08d,11/8/2023,0-793364,חשבון מים," ₪4,356.96",11/8/2023,8-9/23 דירות השקעות דרום,Purchases_Files_/fe720a40.Cheshbonit Vendor.132445.96.pdf,,,,,2023-11,U095
fa6a827a,holdings.office1@gmail.com,fb4521e2,3225,11/9/2023,0-888065,חשבון חשמל, ₪66.69,11/9/2023,7.9-7.11,Purchases_Files_/fa6a827a.Cheshbonit Vendor.073118.69.pdf,,,,,2023-11,U102
c1e8f6d8,holdings.office1@gmail.com,fb4521e2,2130,11/9/2023,0-269191,חשבון חשמל," ₪1,118.20",11/9/2023,5.7-11.9,Purchases_Files_/c1e8f6d8.Cheshbonit Vendor.073548.20.pdf,,,,,2023-11,U097
51e5211d,holdings.office1@gmail.com,fb4521e2,2809,11/12/2023,0-938092,חשבון חשמל, ₪209.54,11/12/2023,12.9-8.11,Purchases_Files_/51e5211d.Cheshbonit Vendor.073738.54.pdf,,,,,2023-11,U102
4ab27510,holdings.office1@gmail.com,fb4521e2,2130,11/12/2023,0-991463,חשבון חשמל, ₪258.43,11/12/2023,12.9-8.11,Purchases_Files_/4ab27510.Cheshbonit Vendor.074024.43.pdf,,,,,2023-11,U097
f7d895ff,holdings.office1@gmail.com,fb4521e2,2118,11/12/2023,0-083857,חשבון חשמל, ₪415.39,11/12/2023,12.9-8.11,Purchases_Files_/f7d895ff.Cheshbonit Vendor.074117.39.pdf,,,,,2023-11,U097
5d2aec0b,holdings.office1@gmail.com,fb4521e2,3013,11/12/2023,0-506667,חשבון חשמל, ₪564.53,11/12/2023,14.9-8.11,Purchases_Files_/5d2aec0b.Cheshbonit Vendor.074326.53.pdf,,,,,2023-11,U102
1aeb9d38,holdings.office1@gmail.com,fb4521e2,3004,11/12/2023,0-669796,חשבון חשמל, ₪52.74,11/12/2023,14.9-8.11,Purchases_Files_/1aeb9d38.Cheshbonit Vendor.074419.74.pdf,,,,,2023-11,U102
e4104370,holdings.office1@gmail.com,fb4521e2,2120,11/12/2023,0-761668,חשבון חשמל, ₪151.08,11/12/2023,12.9-8.11,Purchases_Files_/e4104370.Cheshbonit Vendor.074530.08.pdf,,,,,2023-11,U097
ffeff539,holdings.office1@gmail.com,fb4521e2,1308,11/14/2023,0367813,חשבון חשמל, ₪57.97,11/14/2023,14.9-10.11,Purchases_Files_/ffeff539.Cheshbonit Vendor.074643.97.pdf,,,,,2023-11,
36453b1a,holdings.office1@gmail.com,fb4521e2,2060,11/14/2023,0407791,חשבון חשמל, ₪135.54,11/14/2023,11.9-10.11,Purchases_Files_/36453b1a.Cheshbonit Vendor.074759.54.pdf,,,,,2023-11,U097
78d38cc4,holdings.office1@gmail.com,fb4521e2,3008,11/14/2023,0446088,חשבון חשמל, ₪298.42,11/14/2023,14.9-8.11,Purchases_Files_/78d38cc4.Cheshbonit Vendor.074903.42.pdf,,,,,2023-11,U102
ca4de3bf,holdings.office1@gmail.com,fb4521e2,1710,11/14/2023,0476069,חשבון חשמל, ₪68.19,11/14/2023,14.9-10.11,Purchases_Files_/ca4de3bf.Cheshbonit Vendor.075020.19.pdf,,,,,2023-11,U052
efbe7173,holdings.office1@gmail.com,fb4521e2,1912,11/14/2023,0552992,חשבון חשמל, ₪125.94,11/14/2023,11.9-10.11,Purchases_Files_/efbe7173.Cheshbonit Vendor.075159.94.pdf,,,,,2023-11,U095
814b8560,holdings.office1@gmail.com,fb4521e2,1729,11/14/2023,0585109,חשבון חשמל, ₪131.26,11/14/2023,14.9-10.11,Purchases_Files_/814b8560.Cheshbonit Vendor.075312.26.pdf,,,,,2023-11,U052
7c5f1c82,holdings.office1@gmail.com,fb4521e2,0443,11/14/2023,0616565,חשבון חשמל, ₪71.19,11/14/2023,14.9-10.11,Purchases_Files_/7c5f1c82.Cheshbonit Vendor.080113.19.pdf,,,,,2023-11,
897efd44,holdings.office1@gmail.com,fb4521e2,1909,11/14/2023,0649269,חשבון חשמל, ₪76.68,11/14/2023,11.9-10.11,Purchases_Files_/897efd44.Cheshbonit Vendor.080509.68.pdf,,,,,2023-11,U094
66c94119,holdings.office1@gmail.com,fb4521e2,1723,11/14/2023,0927400,חשבון חשמל, ₪261.00,11/14/2023,14.9-10.11,Purchases_Files_/66c94119.Cheshbonit Vendor.080624.pdf,,,,,2023-11,U052
674f5f7b,holdings.office1@gmail.com,fb4521e2,2120,11/14/2023,0290163,חשבון חשמל, ₪189.00,11/14/2023,11.9-10.11,Purchases_Files_/674f5f7b.Cheshbonit Vendor.080714.pdf,,,,,2023-11,U097
570909ba,holdings.office1@gmail.com,fb4521e2,1922,11/14/2023,0333450,חשבון חשמל, ₪122.93,11/14/2023,11.9-10.11,Purchases_Files_/570909ba.Cheshbonit Vendor.080901.93.pdf,,,,,2023-11,U095
2830af38,holdings.office1@gmail.com,fb4521e2,1815,11/14/2023,0436105,חשבון חשמל, ₪328.69,11/14/2023,30.9-6.11,Purchases_Files_/2830af38.Cheshbonit Vendor.081004.69.pdf,,,,,2023-11,U052
f21ab803,holdings.office1@gmail.com,9a38660a,1815,11/16/2023,1114461,ארנונה, ₪40.30,11/16/2023,1.11-7.11,Purchases_Files_/f21ab803.Cheshbonit Vendor.081153.30.pdf,,,,,2023-11,U052
9e5e57e3,holdings.office1@gmail.com,0596564a,1706,11/16/2023,342121,חשבון גז, ₪304.17,11/16/2023,1-8/2023,Purchases_Files_/9e5e57e3.Cheshbonit Vendor.070906.17.pdf,,,,,2023-11,U052
0cd96c62,holdings.office1@gmail.com,0596564a,0926,11/16/2023,0-544478,חשבון גז, ₪74.31,11/16/2023,18/7-18/9,Purchases_Files_/0cd96c62.Cheshbonit Vendor.071013.31.pdf,,,,,2023-11,
560b58ba,holdings.office1@gmail.com,0596564a,1815,11/16/2023,834994,חשבון גז, ₪48.80,11/16/2023,20/9-16/11,Purchases_Files_/560b58ba.Cheshbonit Vendor.071133.80.pdf,,,,,2023-11,U052
9384b2a6,holdings.office1@gmail.com,fb4521e2,2608,11/19/2023,0-828400,חשבון חשמל, ₪128.43,11/19/2023,21.9-15.11,Purchases_Files_/9384b2a6.Cheshbonit Vendor.071228.43.pdf,,,,,2023-11,U097
519ee943,holdings.office1@gmail.com,fb4521e2,3217,11/19/2023,0-059535,חשבון חשמל, ₪797.59,11/19/2023,21.9-15.11,Purchases_Files_/519ee943.Cheshbonit Vendor.071329.59.pdf,,,,,2023-11,U102
681b171d,holdings.office1@gmail.com,0596564a,2031,11/21/2023,518228,חשבון גז, ₪443.84,11/21/2023,2-9/23,Purchases_Files_/681b171d.Cheshbonit Vendor.071430.84.pdf,,,,,2023-11,U095
83bb3f79,holdings.office1@gmail.com,0596564a,3220,11/21/2023,518229,חשבון גז, ₪137.05,11/21/2023,6-9/23,Purchases_Files_/83bb3f79.Cheshbonit Vendor.071550.05.pdf,,,,,2023-11,U102
2c71831a,holdings.office1@gmail.com,0596564a,2129,11/21/2023,518230,חשבון גז, ₪87.16,11/21/2023,6-9/23,Purchases_Files_/2c71831a.Cheshbonit Vendor.071659.16.pdf,,,,,2023-11,U097
f0311099,holdings.office1@gmail.com,0596564a,1405,11/26/2023,0343483,חשבון גז, ₪51.29,11/26/2023,19.9-19.11,Purchases_Files_/f0311099.Cheshbonit Vendor.082820.29.pdf,,,,,2023-11,U052
88b68c61,holdings.office1@gmail.com,0596564a,0953,11/26/2023,0397596,חשבון גז, ₪77.16,11/26/2023,19.9-19.11,Purchases_Files_/88b68c61.Cheshbonit Vendor.083127.16.pdf,,,,,2023-11,
fa4e2115,holdings.office1@gmail.com,0596564a,2626,11/26/2023,0453175,חשבון גז, ₪110.64,11/26/2023,19.9-19.11,Purchases_Files_/fa4e2115.Cheshbonit Vendor.083240.64.pdf,,,,,2023-11,U097
e2ba49d1,holdings.office1@gmail.com,0596564a,2642,11/26/2023,0505263,חשבון גז, ₪81.62,11/26/2023,19.9-19.11,Purchases_Files_/e2ba49d1.Cheshbonit Vendor.083529.62.pdf,,,,,2023-11,U097
62ff9e3e,holdings.office1@gmail.com,0596564a,0416,11/26/2023,0712778,חשבון גז, ₪48.88,11/26/2023,19.9-19.11,Purchases_Files_/62ff9e3e.Cheshbonit Vendor.083632.88.pdf,,,,,2023-11,
a8f445a1,holdings.office1@gmail.com,0596564a,1909,11/26/2023,0744516,חשבון גז, ₪51.27,11/26/2023,19.9-19.11,Purchases_Files_/a8f445a1.Cheshbonit Vendor.083919.27.pdf,,,,,2023-11,U094
3be54644,holdings.office1@gmail.com,0596564a,0413,11/26/2023,0781799,חשבון גז, ₪51.27,11/26/2023,19.9-19.11,Purchases_Files_/3be54644.Cheshbonit Vendor.084015.27.pdf,,,,,2023-11,
15644f23,holdings.office1@gmail.com,0596564a,1706,11/26/2023,0851659,חשבון גז, ₪53.06,11/26/2023,19.9-19.11,Purchases_Files_/15644f23.Cheshbonit Vendor.084111.06.pdf,,,,,2023-11,U052
dd63478d,holdings.office1@gmail.com,0596564a,0926,11/26/2023,0932772,חשבון גז, ₪134.63,11/26/2023,19.9-19.11,Purchases_Files_/dd63478d.Cheshbonit Vendor.084357.63.pdf,,,,,2023-11,
ffa00c4d,holdings.office1@gmail.com,0596564a,435,11/26/2023,0025239,חשבון גז, ₪44.11,11/26/2023,19.9-19.11,Purchases_Files_/ffa00c4d.Cheshbonit Vendor.084445.11.pdf,,,,,2023-11,U102
0f6b1954,holdings.office1@gmail.com,0596564a,0424,11/26/2023,0145912,חשבון גז, ₪13.23,11/26/2023,7.11-19.11,Purchases_Files_/0f6b1954.Cheshbonit Vendor.084603.23.pdf,,,,,2023-11,
0e4021fc,holdings.office1@gmail.com,0596564a,1722,11/26/2023,698282,חשבון גז, ₪659.97,11/26/2023,צנרת והתקנת מונה,Purchases_Files_/0e4021fc.Cheshbonit Vendor.084715.97.pdf,,,,,2023-11,U052
788058a8,holdings.office1@gmail.com,0596564a,2608,11/26/2023,0-824326,חשבון גז, ₪197.23,11/26/2023,19.9-19.11,Purchases_Files_/788058a8.Cheshbonit Vendor.084810.23.pdf,,,,,2023-11,U097
30450f79,holdings.office1@gmail.com,0596564a,2060,12/7/2023,0233734,חשבון גז, ₪73.45,12/7/2023,10-11/23,Purchases_Files_/30450f79.Cheshbonit Vendor.125518.45.pdf,,,,,2023-12,U097
a5ea1a18,holdings.office1@gmail.com,0596564a,2031,12/7/2023,0317222,חשבון גז, ₪90.53,12/7/2023,10-11/23,Purchases_Files_/a5ea1a18.Cheshbonit Vendor.125605.53.pdf,,,,,2023-12,U095
20c3f437,holdings.office1@gmail.com,0596564a,2038,12/7/2023,0347120,חשבון גז, ₪39.31,12/7/2023,10-11/23,Purchases_Files_/20c3f437.Cheshbonit Vendor.125638.31.pdf,,,,,2023-12,U095
10d6acd9,holdings.office1@gmail.com,0596564a,3220,12/7/2023,0442541,חשבון גז, ₪69.24,12/7/2023,10-11/23,Purchases_Files_/10d6acd9.Cheshbonit Vendor.125918.24.pdf,,,,,2023-12,U102
aef00841,holdings.office1@gmail.com,0596564a,3205,12/7/2023,0510735,חשבון גז, ₪39.31,12/7/2023,10-11/23,Purchases_Files_/aef00841.Cheshbonit Vendor.130012.31.pdf,,,,,2023-12,U102
cd9497f6,holdings.office1@gmail.com,0596564a,3204,12/7/2023,0561415,חשבון גז, ₪39.31,12/7/2023,10-11/23,Purchases_Files_/cd9497f6.Cheshbonit Vendor.130108.31.pdf,,,,,2023-12,U102
230eebda,holdings.office1@gmail.com,fb4521e2,2129,12/3/2023,0-119123,חשבון חשמל, ₪105.30,12/3/2023,שולם עבור הדיירת היא תעשה העברה להשקעות באישור יורי,Purchases_Files_/230eebda.Cheshbonit Vendor.130236.30.pdf,,,,,2023-12,U097
fc73f6df,holdings.office1@gmail.com,fb4521e2,2608,12/11/2023,0-791590,חשבון חשמל, ₪124.67,12/11/2023,16.11-3.12,Purchases_Files_/fc73f6df.Cheshbonit Vendor.130527.67.pdf,,,,,2023-12,U097
44ab53fb,yuri@emmaleh.com,b3269090,186dafa2a,12/6/2023,,OFFICE RENT," ₪2,425.41",,,Purchases_Files_/44ab53fb.Cheshbonit Vendor.122608.pdf,,,,,2023-12,U094
9442f9fc,holdings.office1@gmail.com,f5e5f165,2642,11/15/2023,,Closet," ₪1,044.05",11/15/2023,,Purchases_Files_/9442f9fc.Cheshbonit Vendor.115944.05.pdf,,,,,2023-11,U097
e004ae17,yuri@emmaleh.com,b3269088,145A,9/28/2023,,"Moving (Hovala) , WM Top Door"," ₪1,650.00",,,Purchases_Files_/e004ae17.Cheshbonit Vendor.062948.pdf,,,,,2023-09,U052
72da4bc9,yuri@emmaleh.com,b3269088,1858,11/12/2023,,"Moving (Hovala) , Regualr Fridge"," ₪1,880.00",,,Purchases_Files_/72da4bc9.Cheshbonit Vendor.063105.pdf,,,,,2023-11,U094
21755070,yuri@emmaleh.com,b3269088,2620,12/11/2023,,"Moving (Hovala) , Gas burners", ₪500.00,,,Purchases_Files_/21755070.Cheshbonit Vendor.063215.pdf,,,,,2023-12,U097
64580d9e,yuri@emmaleh.com,b3269088,1817,10/31/2023,,"Moving (Hovala) , WM Top Door"," ₪1,660.00",,,Purchases_Files_/64580d9e.Cheshbonit Vendor.063302.pdf,,,,,2023-10,U052
1ece9c28,yuri@emmaleh.com,b3269088,2801,12/19/2023,,"Moving (Hovala) , Big Fridge"," ₪3,161.00",,,Purchases_Images/1ece9c28.Cheshbonit Vendor.092827.jpg,,,,,2023-12,U102
8633b55e,yuri@emmaleh.com,b3269088,0905,12/19/2023,,"WM Side Door , Moving (Hovala)"," ₪1,051.00",,,Purchases_Images/8633b55e.Cheshbonit Vendor.092909.jpg,,,,,2023-12,
537bc4f4,yuri@emmaleh.com,b3269088,1824,12/19/2023,,"Moving (Hovala) , WM Top Door"," ₪1,582.00",,,Purchases_Images/537bc4f4.Cheshbonit Vendor.092740.jpg,,,,,2023-12,U052
ec255527,holdings.office1@gmail.com,0596564a,2047,11/20/2023,תשלום בהוראת קבע,חשבון גז, ₪103.33,11/20/2023,8-9/23,Purchases_Images/ec255527.Cheshbonit Vendor.133323.jpg,,,,,2023-11,U095
687e231e,yuri@emmaleh.com,f5e5f165,2047,12/20/2023,,Closet," ₪1,149.00",,,Purchases_Files_/687e231e.Cheshbonit Vendor.055553.pdf,,,,,2023-12,U095
c57f9fab,yuri@emmaleh.com,f5e5f165,1308,12/20/2023,,Closet," ₪1,149.00",,,Purchases_Files_/c57f9fab.Cheshbonit Vendor.055651.pdf,,,,,2023-12,
1e6de5f7,yuri@emmaleh.com,6ffe01d6,2038,12/25/2023,,"Moving (Hovala) , Big Couch"," ₪1,950.00",,,Purchases_Files_/1e6de5f7.Cheshbonit Vendor.085407.pdf,,,,,2023-12,U095
515d1291,yuri@emmaleh.com,6ffe01d6,1433,12/25/2023,,"Moving (Hovala) , Big Couch"," ₪1,950.00",,,Purchases_Files_/515d1291.Cheshbonit Vendor.105006.pdf,,,,,2023-12,U052
ad22c02b,yuri@emmaleh.com,b3269088,2120,12/27/2023,,Electric Burners, ₪404.00,,,Purchases_Files_/ad22c02b.Cheshbonit Vendor.055652.pdf,,,,,2023-12,U097
4212dfb7,holdings.office1@gmail.com,fb4521e2,2608,12/11/2023,0-791590,חשבון חשמל, ₪124.67,12/11/2023,16.11-3.12,Purchases_Files_/4212dfb7.Cheshbonit Vendor.085900.67.pdf,,,,,2023-12,U097
2ee0a849,holdings.office1@gmail.com,0596564a,2050,12/12/2023,789867,חשבון גז, ₪39.31,12/12/2023,10-11/23,Purchases_Files_/2ee0a849.Cheshbonit Vendor.085957.31.pdf,,,,,2023-12,U095
740e87dd,holdings.office1@gmail.com,0596564a,2047,12/7/2023,518734,חשבון גז, ₪111.88,12/7/2023,10-11/2023,Purchases_Files_/740e87dd.Cheshbonit Vendor.115915.88.pdf,,,,,2023-12,U095
e5b2a935,holdings.office1@gmail.com,0596564a,3225,12/7/2023,518735,חשבון גז, ₪39.31,12/7/2023,10-11/2023,Purchases_Files_/e5b2a935.Cheshbonit Vendor.120124.31.pdf,,,,,2023-12,U102
2fd19f8d,holdings.office1@gmail.com,fb4521e2,1701,12/17/2023,0-617175,חשבון חשמל, ₪104.87,12/17/2023,24.10-8.12,Purchases_Files_/2fd19f8d.Cheshbonit Vendor.120316.87.pdf,,,,,2023-12,U052
a0f0d3ef,holdings.office1@gmail.com,9a38660a,3010,12/20/2023,65112953,ארנונה," ₪10,776.30",12/20/2023,11-12/23,Purchases_Files_/a0f0d3ef.Cheshbonit Vendor.120507.30.pdf,,,,,2023-12,U102
94d29692,holdings.office1@gmail.com,9a38660a,3220,12/20/2023,65112954,ארנונה, ₪368.00,12/20/2023,11-12/23,Purchases_Files_/94d29692.Cheshbonit Vendor.121627.pdf,,,,,2023-12,U102
fc349144,holdings.office1@gmail.com,9a38660a,2702,12/20/2023,65112955,ארנונה, ₪709.10,12/20/2023,11-12/23,Purchases_Files_/fc349144.Cheshbonit Vendor.121729.10.pdf,,,,,2023-12,U097
5ec2c270,holdings.office1@gmail.com,9a38660a,1f59ee08d,12/24/2023,67020897,ארנונה," ₪13,637.10",12/24/2023,11-12/23,Purchases_Files_/5ec2c270.Cheshbonit Vendor.121824.10.pdf,,,,,2023-12,U095
b053fd89,holdings.office1@gmail.com,fc46cf6f,3220,12/28/2023,0-332734,חשבון מים, ₪28.35,12/28/2023,10-11/23,Purchases_Files_/b053fd89.Cheshbonit Vendor.121916.35.pdf,,,,,2023-12,U102
b3b5dec3,holdings.office1@gmail.com,fc46cf6f,2702,12/28/2023,0-237958,חשבון מים, ₪518.49,12/28/2023,10-11/23,Purchases_Files_/b3b5dec3.Cheshbonit Vendor.122018.49.pdf,,,,,2023-12,U097
e2060691,holdings.office1@gmail.com,fc46cf6f,1f59ee08d,12/28/2023,0-160119,חשבון מים," ₪4,174.03",12/28/2023,10-11/23,Purchases_Files_/e2060691.Cheshbonit Vendor.130859.03.pdf,,,,,2023-12,U095
3d0aa9d6,holdings.office1@gmail.com,fb4521e2,2809,1/1/2024,0-281329,חשבון חשמל, ₪50.39,1/1/2024,9.11-26.12,Purchases_Files_/3d0aa9d6.Cheshbonit Vendor.131017.39.pdf,,,,,2024-01,U102
61522080,holdings.office1@gmail.com,0596564a,2015,1/2/2024,6981,חשבון גז, ₪60.91,1/2/2024,10-12/23,Purchases_Files_/61522080.Cheshbonit Vendor.131134.91.pdf,,,,,2024-01,U095
b1a55c2b,holdings.office1@gmail.com,fb4521e2,3013,1/4/2024,0841890,חשבון חשמל, ₪584.11,1/4/2024,9.11.23-1.1.24,Purchases_Files_/b1a55c2b.Cheshbonit Vendor.093149.11.pdf,,,,,2024-01,U102
f2e78251,holdings.office1@gmail.com,fb4521e2,3004,1/4/2024,0910828,חשבון חשמל, ₪64.20,1/4/2024,9.11.23-1.1.24,Purchases_Files_/f2e78251.Cheshbonit Vendor.093255.20.pdf,,,,,2024-01,U102
537ff418,holdings.office1@gmail.com,fb4521e2,2130,1/4/2024,0138487,חשבון חשמל, ₪71.41,1/4/2024,9.11.23-1.1.24,Purchases_Files_/537ff418.Cheshbonit Vendor.093805.41.pdf,,,,,2024-01,U097
2267876e,holdings.office1@gmail.com,fb4521e2,2120,1/4/2024,0216135,חשבון חשמל, ₪144.09,1/4/2024,9.11.23-1.1.24,Purchases_Files_/2267876e.Cheshbonit Vendor.093923.09.pdf,,,,,2024-01,U097
6d720732,holdings.office1@gmail.com,fb4521e2,2118,1/4/2024,0287466,חשבון חשמל, ₪634.84,1/4/2023,9.11.23-1.1.24,Purchases_Files_/6d720732.Cheshbonit Vendor.094032.84.pdf,,,,,2024-01,U097
204107a8,yuri@emmaleh.com,6ffe01d6,1308,1/4/2024,,"Moving (Hovala) , Big Couch"," ₪2,700.00",,,Purchases_Files_/204107a8.Cheshbonit Vendor.103313.pdf,,,,,2024-01,
5ec327fd,yuri@emmaleh.com,6ffe01d6,2809,1/4/2024,,"Moving (Hovala) , Big Couch"," ₪2,700.00",,,Purchases_Files_/5ec327fd.Cheshbonit Vendor.103357.pdf,,,,,2024-01,U102
a2e0c999,yuri@emmaleh.com,b3269090,186dafa2a,1/4/2024,,OFFICE RENT," ₪2,425.41",,,Purchases_Files_/a2e0c999.Cheshbonit Vendor.061635.pdf,,,,,2024-01,U094
2355c6f4,yuri@emmaleh.com,b3269088,2809,1/4/2024,,"Oven W Burners , WM Side Door , Moving (Hovala) , Microwave"," ₪2,630.00",,,Purchases_Files_/2355c6f4.Cheshbonit Vendor.102053.pdf,,,,,2024-01,U102
3bffaa5b,yuri@emmaleh.com,b3269088,2015,1/10/2024,,"Moving (Hovala) , Oven W Burners , Microwave"," ₪1,992.00",,,Purchases_Files_/3bffaa5b.Cheshbonit Vendor.074239.pdf,,,,,2024-01,U095
c6600bde,holdings.office1@gmail.com,0596564a,2050,1/4/2024,519292,חשבון גז, ₪22.95,1/4/2024,26.11-31.12,Purchases_Files_/c6600bde.Cheshbonit Vendor.132948.95.pdf,,,,,2024-01,U095
f0af4103,holdings.office1@gmail.com,0596564a,2015,1/8/2024,247532,חשבון גז, ₪270.00,1/8/2024,התקנת כיריים  משולבות,Purchases_Files_/f0af4103.Cheshbonit Vendor.133039.pdf,,,,,2024-01,U095
7ef736d7,holdings.office1@gmail.com,fb4521e2,2060,1/8/2024,0-211805,חשבון חשמל, ₪61.81,1/8/2024,11.11-3.1,Purchases_Files_/7ef736d7.Cheshbonit Vendor.133135.81.pdf,,,,,2024-01,U097
49b07f2e,holdings.office1@gmail.com,fb4521e2,0416,1/8/2024,0-306845,חשבון חשמל, ₪85.26,1/8/2024,14.9-3.1,Purchases_Files_/49b07f2e.Cheshbonit Vendor.133242.26.pdf,,,,,2024-01,
d1a1d74f,holdings.office1@gmail.com,fb4521e2,1723,1/8/2024,0-359547,חשבון חשמל, ₪340.52,1/8/2024,11.11-3.1,Purchases_Files_/d1a1d74f.Cheshbonit Vendor.133346.52.pdf,,,,,2024-01,U052
4dcdb84f,holdings.office1@gmail.com,fb4521e2,1825,1/8/2024,0-411991,חשבון חשמל, ₪70.48,1/8/2024,15.9-3.1,Purchases_Files_/4dcdb84f.Cheshbonit Vendor.133445.48.pdf,,,,,2024-01,U052
e2f872da,holdings.office1@gmail.com,fb4521e2,0424,1/8/2024,0-510438,חשבון חשמל, ₪69.57,1/8/2024,3.11-3.1,Purchases_Files_/e2f872da.Cheshbonit Vendor.133628.57.pdf,,,,,2024-01,
feb1a53d,holdings.office1@gmail.com,fb4521e2,2011,1/8/2024,0-567420,חשבון חשמל, ₪65.40,1/8/2024,12.11-3.1,Purchases_Files_/feb1a53d.Cheshbonit Vendor.133735.40.pdf,,,,,2024-01,U095
dfd94d5d,holdings.office1@gmail.com,fb4521e2,2023,1/8/2024,0-623009,חשבון חשמל, ₪209.57,1/8/2024,11.11-3.1,Purchases_Files_/dfd94d5d.Cheshbonit Vendor.133827.57.pdf,,,,,2024-01,U095
3e851ff0,holdings.office1@gmail.com,fb4521e2,1729,1/8/2024,0-936609,חשבון חשמל, ₪63.00,1/8/2024,11.11-3.1,Purchases_Files_/3e851ff0.Cheshbonit Vendor.133947.pdf,,,,,2024-01,U052
ba6d0f3b,holdings.office1@gmail.com,fb4521e2,1912,1/8/2024,0-017590,חשבון חשמל, ₪90.04,1/8/2024,11.11-3.1,Purchases_Files_/ba6d0f3b.Cheshbonit Vendor.134048.04.pdf,,,,,2024-01,U095
62199276,holdings.office1@gmail.com,fb4521e2,0413,1/8/2024,0-069799,חשבון חשמל, ₪85.26,1/8/2024,14.9-3.1,Purchases_Files_/62199276.Cheshbonit Vendor.134209.26.pdf,,,,,2024-01,
b8a00944,holdings.office1@gmail.com,fb4521e2,2015,1/8/2024,0-178659,חשבון חשמל, ₪80.75,1/8/2024,29.9-3.1,Purchases_Files_/b8a00944.Cheshbonit Vendor.134314.75.pdf,,,,,2024-01,U095
adb209bd,holdings.office1@gmail.com,fb4521e2,3225,1/9/2024,0-139469,חשבון חשמל, ₪56.12,1/9/2024,8.11-7.1,Purchases_Files_/adb209bd.Cheshbonit Vendor.134429.12.pdf,,,,,2024-01,U102
aebbbb2a,holdings.office1@gmail.com,fb4521e2,3008,1/10/2024,0-197236,חשבון חשמל, ₪596.40,1/10/2024,9.11-1.1,Purchases_Files_/aebbbb2a.Cheshbonit Vendor.134746.40.pdf,,,,,2024-01,U102
c648ab98,holdings.office1@gmail.com,fc46cf6f,3010,1/11/2024,0-670372,חשבון מים," ₪9,151.28",1/11/2023,"תיקוני צנרת יחידות 224
250
234
235",Purchases_Files_/c648ab98.Cheshbonit Vendor.125042.28.pdf,,,,,2024-01,U102
ed5bc633,holdings.office1@gmail.com,fc46cf6f,1f59ee08d,1/11/2024,0-739227,חשבון מים," ₪6,863.46",1/11/2024,"תיקוני צנרת 68
104
97",Purchases_Files_/ed5bc633.Cheshbonit Vendor.125640.46.pdf,,,,,2024-01,U095
f72a71d9,holdings.office1@gmail.com,fc46cf6f,1432,1/11/2024,0-790717,חשבון מים," ₪2,469.69",1/11/2024,תיקוני צנרת,Purchases_Files_/f72a71d9.Cheshbonit Vendor.125743.69.pdf,,,,,2024-01,U052
d5d35632,holdings.office1@gmail.com,fc46cf6f,1434,1/11/2024,0-885574,חשבון מים," ₪2,288.35",1/11/2024,תיקוני צנרת,Purchases_Files_/d5d35632.Cheshbonit Vendor.125844.35.pdf,,,,,2024-01,U052
1d54ba6c,holdings.office1@gmail.com,fb4521e2,2614,1/14/2024,0361303,חשבון חשמל, ₪86.05,1/14/2024,27.11-9.1,Purchases_Files_/1d54ba6c.Cheshbonit Vendor.131041.05.pdf,,,,,2024-01,U097
6957bbc1,holdings.office1@gmail.com,fb4521e2,3234,1/14/2024,0656280,חשבון חשמל, ₪51.60,1/14/2024,17.11-9.1,Purchases_Files_/6957bbc1.Cheshbonit Vendor.131215.60.pdf,,,,,2024-01,U102
e45433f8,holdings.office1@gmail.com,fb4521e2,3205,1/14/2024,0852103,חשבון חשמל, ₪84.44,1/14/2024,21.9-9.1,Purchases_Files_/e45433f8.Cheshbonit Vendor.131324.44.pdf,,,,,2024-01,U102
f8eb5fc0,holdings.office1@gmail.com,fb4521e2,2606,1/14/2024,0917906,חשבון חשמל, ₪84.44,1/14/2024,21.9-9.1,Purchases_Files_/f8eb5fc0.Cheshbonit Vendor.131435.44.pdf,,,,,2024-01,U097
0795d86c,holdings.office1@gmail.com,fb4521e2,3242,1/14/2024,0057729,חשבון חשמל, ₪84.44,1/14/2024,21.9-9.1,Purchases_Files_/0795d86c.Cheshbonit Vendor.131534.44.pdf,,,,,2024-01,U102
7d655b39,holdings.office1@gmail.com,fb4521e2,3217,1/14/2024,0441766,חשבון חשמל," ₪1,041.72",1/14/2024,16.11-9.1,Purchases_Files_/7d655b39.Cheshbonit Vendor.131746.72.pdf,,,,,2024-01,U102
9485f6a8,holdings.office1@gmail.com,fb4521e2,2604,1/14/2024,0610758,חשבון חשמל, ₪84.44,1/14/2024,21.9-9.1,Purchases_Files_/9485f6a8.Cheshbonit Vendor.131933.44.pdf,,,,,2024-01,U097
506d5b91,holdings.office1@gmail.com,fb4521e2,3222,1/14/2024,0818054,חשבון חשמל, ₪84.44,1/14/2024,21.9-9.1,Purchases_Files_/506d5b91.Cheshbonit Vendor.132029.44.pdf,,,,,2024-01,U102
83e742e6,holdings.office1@gmail.com,fb4521e2,2809,1/14/2024,0-205112,חשבון חשמל, ₪51.53,1/14/2024,26/12-14/1,Purchases_Files_/83e742e6.Cheshbonit Vendor.132140.53.pdf,,,,,2024-01,U102
7958d85a,holdings.office1@gmail.com,fb4521e2,2031,1/14/2024,0-343863,חשבון חשמל, ₪831.52,1/14/2024,שולם בשם הדייר עשה העברה,Purchases_Files_/7958d85a.Cheshbonit Vendor.132325.52.pdf,,,,,2024-01,U095
1a5cbca4,holdings.office1@gmail.com,fb4521e2,1308,1/16/2024,0-931329,חשבון חשמל, ₪42.53,1/16/2024,11.11-9.1,Purchases_Files_/1a5cbca4.Cheshbonit Vendor.132432.53.pdf,,,,,2024-01,
3fe60bee,yuri@emmaleh.com,b3269088,2118,1/17/2024,,Electric Burners, ₪431.00,,,Purchases_Files_/3fe60bee.Cheshbonit Vendor.090914.pdf,,,,,2024-01,U097
91bfec50,yuri@emmaleh.com,b3269088,3202,1/23/2024,,"Oven W Burners , Moving (Hovala)"," ₪1,014.00",,,Purchases_Files_/91bfec50.Cheshbonit Vendor.164218.pdf,,,,,2024-01,U102
89ddef08,yuri@emmaleh.com,b3269088,1308,1/23/2024,,Electric Burners, ₪189.00,,,Purchases_Images/89ddef08.Cheshbonit Vendor.081154.jpg,,,,,2024-01,
2e15c3e7,yuri@emmaleh.com,f5e5f165,2702,1/24/2024,,"Misc , Lights", ₪268.70,,,Purchases_Files_/2e15c3e7.Cheshbonit Vendor.075951.70.pdf,,,,,2024-01,U097
570c9e9e,yuri@emmaleh.com,ec44b1a5,186dafa2a,1/25/2024,,Tabu Forms, ₪255.00,,,Purchases_Files_/570c9e9e.Cheshbonit Vendor.082103.pdf,,,,,2024-01,U094
a8323c8b,yuri@emmaleh.com,b3269088,2701,1/29/2024,,Misc, ₪119.00,,,Purchases_Images/a8323c8b.Cheshbonit Vendor.054847.jpg,,,,,2024-01,U097
1f80a76b,yuri@emmaleh.com,b3269090,186dafa2a,2/4/2024,,OFFICE RENT," ₪2,425.41",,,Purchases_Files_/1f80a76b.Cheshbonit Vendor.084209.pdf,,,,,2024-02,U094
cc95635c,holdings.office1@gmail.com,0596564a,2047,12/7/2023,2663795,חשבון גז, ₪73.22,12/7/2023,שולם בטעות עבור דירה של אמאלה וביקשתי להעביר ליחידה 19,Purchases_Images/cc95635c.Cheshbonit Vendor.121707.jpg,,,,,2023-12,U095
e661b2ba,holdings.office1@gmail.com,fb4521e2,2050,1/17/2024,0-750554,חשבון חשמל, ₪82.67,1/17/2024,30.9-4.1,Purchases_Files_/e661b2ba.Cheshbonit Vendor.065826.67.pdf,,,,,2024-01,U095
7857a3a2,holdings.office1@gmail.com,fc46cf6f,1413,1/21/2024,0-853200,חשבון מים, ₪906.24,1/21/2024,שולם עבור הדיירת עקב נזילה,Purchases_Files_/7857a3a2.Cheshbonit Vendor.065936.24.pdf,,,,,2024-01,U052
9ab0e62a,holdings.office1@gmail.com,0596564a,0413,1/23/2024,0608927,חשבון גז, ₪55.61,1/23/2024,20.11-17.1,Purchases_Files_/9ab0e62a.Cheshbonit Vendor.070051.61.pdf,,,,,2024-01,
5bd9dc34,holdings.office1@gmail.com,0596564a,1824,1/23/2024,0761528,חשבון גז, ₪27.32,1/23/2024,17.1-17.1,Purchases_Files_/5bd9dc34.Cheshbonit Vendor.070216.32.pdf,,,,,2024-01,U052
76c625e7,holdings.office1@gmail.com,0596564a,0926,1/23/2024,0850719,חשבון גז, ₪50.12,1/23/2024,20.11-17.1,Purchases_Files_/76c625e7.Cheshbonit Vendor.070346.12.pdf,,,,,2024-01,
d51d1400,holdings.office1@gmail.com,0596564a,2626,1/23/2024,0980060,חשבון גז, ₪124.35,1/23/2024,20.11-17.1,Purchases_Files_/d51d1400.Cheshbonit Vendor.070454.35.pdf,,,,,2024-01,U097
436f3d39,holdings.office1@gmail.com,0596564a,2642,1/23/2024,0026450,חשבון גז, ₪81.06,1/23/2024,20.11-17.1,Purchases_Files_/436f3d39.Cheshbonit Vendor.070620.06.pdf,,,,,2024-01,U097
63e9ad66,holdings.office1@gmail.com,0596564a,0416,1/23/2024,0176511,חשבון גז, ₪53.34,1/23/2024,20.11-17.1,Purchases_Files_/63e9ad66.Cheshbonit Vendor.070756.34.pdf,,,,,2024-01,
cfa5e03e,holdings.office1@gmail.com,0596564a,0424,1/23/2024,0239681,חשבון גז, ₪55.61,1/23/2024,20.11-17.1,Purchases_Files_/cfa5e03e.Cheshbonit Vendor.070903.61.pdf,,,,,2024-01,
4daf6d1b,holdings.office1@gmail.com,0596564a,0939,1/23/2024,0331579,חשבון גז, ₪17.34,1/23/2024,26.12-17.1,Purchases_Files_/4daf6d1b.Cheshbonit Vendor.071054.34.pdf,,,,,2024-01,
3236aae9,holdings.office1@gmail.com,0596564a,1405,1/23/2024,0399949,חשבון גז, ₪253.02,1/23/2024,20.11-17.1,Purchases_Files_/3236aae9.Cheshbonit Vendor.071944.02.pdf,,,,,2024-01,U052
8a02d408,holdings.office1@gmail.com,0596564a,0953,1/23/2024,0446476,חשבון גז, ₪55.61,1/23/2024,20.11-17.1,Purchases_Files_/8a02d408.Cheshbonit Vendor.072108.61.pdf,,,,,2024-01,
dc3e94d9,holdings.office1@gmail.com,0596564a,435,1/23/2024,0532457,חשבון גז, ₪49.16,1/23/2024,20.11-17.1,Purchases_Files_/dc3e94d9.Cheshbonit Vendor.072311.16.pdf,,,,,2024-01,U102
29d1b47f,holdings.office1@gmail.com,0596564a,1909,1/23/2024,0666354,חשבון גז, ₪55.61,1/23/2024,20.11-17.1,Purchases_Files_/29d1b47f.Cheshbonit Vendor.072429.61.pdf,,,,,2024-01,U094
1f722cc9,holdings.office1@gmail.com,0596564a,1706,1/23/2024,0778530,חשבון גז, ₪55.61,1/23/2024,20.11-17.1,Purchases_Files_/1f722cc9.Cheshbonit Vendor.075327.61.pdf,,,,,2024-01,U052
224598f5,holdings.office1@gmail.com,0596564a,1722,1/23/2024,0863902,חשבון גז, ₪39.72,1/23/2024,20.11-17.1,Purchases_Files_/224598f5.Cheshbonit Vendor.075515.72.pdf,,,,,2024-01,U052
67ebd51a,holdings.office1@gmail.com,0596564a,2614,1/23/2024,0168062,חשבון גז, ₪99.74,1/23/2024,29.11-17.1,Purchases_Files_/67ebd51a.Cheshbonit Vendor.080314.74.pdf,,,,,2024-01,U097
8dcfb689,holdings.office1@gmail.com,fb4521e2,3238,1/29/2024,0-577965,חשבון חשמל, ₪17.29,1/29/2024,אישור צריכת חשמל לנכס ריק,Purchases_Files_/8dcfb689.Cheshbonit Vendor.080621.29.pdf,,,,,2024-01,U102
c8695f5c,holdings.office1@gmail.com,fb4521e2,2115,1/29/2024,0513010,חשבון חשמל, ₪17.29,1/29/2024,אישור צריכת חשמל לנכס ריק,Purchases_Files_/c8695f5c.Cheshbonit Vendor.080855.29.pdf,,,,,2024-01,U097
0024eb8a,holdings.office1@gmail.com,fb4521e2,1701,1/29/2024,0371302,חשבון חשמל, ₪17.29,1/29/2024,אישור צריכת חשמל לנכס ריק,Purchases_Files_/0024eb8a.Cheshbonit Vendor.081218.29.pdf,,,,,2024-01,U052
36a93f33,holdings.office1@gmail.com,fc46cf6f,3010,12/28/2023,0-198440,חשבון מים," ₪2,241.75",12/28/2023,10-11/23,Purchases_Files_/36a93f33.Cheshbonit Vendor.070001.75.pdf,,,,,2023-12,U102
b279655f,holdings.office1@gmail.com,fc46cf6f,1f59ee08d,2/7/2024,0-848382,חשבון מים," ₪2,825.04",2/7/2024,"""גמר חשבון מים (יחידות 2,41)
ותיקוני צנרת (83
70
82
76
75)",Purchases_Files_/b279655f.Cheshbonit Vendor.093733.04.pdf,,,,,2024-02,U095
63c470df,holdings.office1@gmail.com,fc46cf6f,3010,2/7/2024,0-936278,חשבון מים," ₪2,267.44",2/7/2024,"""גמר חשבון מים (יחידות 225,257)
ותיקוני צנרת (239
216
222
256)""",Purchases_Files_/63c470df.Cheshbonit Vendor.093847.44.pdf,,,,,2024-02,U102
260377d5,holdings.office1@gmail.com,0596564a,3202,2/8/2024,247730,חשבון גז, ₪270.00,2/8/2024,התקנת כיריים חדשות (הותקן ביחידה 22 בטעות שולם על יחידה 23),Purchases_Files_/260377d5.Cheshbonit Vendor.094013.pdf,,,,,2024-02,U102
7fb0e5a3,holdings.office1@gmail.com,fb4521e2,2013,2/8/2024,0-947952,חשבון חשמל, ₪52.23,2/8/2024,10.12-8.2,Purchases_Files_/7fb0e5a3.Cheshbonit Vendor.094119.23.pdf,,,,,2024-02,U095
3e375c55,holdings.office1@gmail.com,0596564a,2013,2/8/2024,132696,חשבון גז, ₪11.00,2/8/2024,גמר חשבון,Purchases_Files_/3e375c55.Cheshbonit Vendor.094211.pdf,,,,,2024-02,U095
c1f6e8bb,holdings.office1@gmail.com,0596564a,2060,2/8/2024,0485904,חשבון גז, ₪39.31,2/8/2024,12.23-1.24,Purchases_Files_/c1f6e8bb.Cheshbonit Vendor.094904.31.pdf,,,,,2024-02,U097
fe669c25,holdings.office1@gmail.com,0596564a,2031,2/8/2024,0-626143,חשבון גז, ₪56.38,2/8/2024,12.23-1.24,Purchases_Files_/fe669c25.Cheshbonit Vendor.095426.38.pdf,,,,,2024-02,U095
e429ebe1,holdings.office1@gmail.com,0596564a,2038,2/8/2024,0679571,חשבון גז, ₪39.31,2/8/2024,12.23-1.24,Purchases_Files_/e429ebe1.Cheshbonit Vendor.095659.31.pdf,,,,,2024-02,U095
345a57a5,holdings.office1@gmail.com,0596564a,3225,2/8/2024,0772939,חשבון גז, ₪39.31,2/8/2024,12.23-1.24,Purchases_Files_/345a57a5.Cheshbonit Vendor.095826.31 12-1.pdf,,,,,2024-02,U102
7194a773,holdings.office1@gmail.com,0596564a,3220,2/8/2024,0886150,חשבון גז, ₪56.42,2/8/2024,12.23-1.24,Purchases_Files_/7194a773.Cheshbonit Vendor.095941.42.pdf,,,,,2024-02,U102
3f3accfa,holdings.office1@gmail.com,0596564a,3204,2/8/2024,0957308,חשבון גז, ₪39.31,2/8/2024,12.23-1.24,Purchases_Files_/3f3accfa.Cheshbonit Vendor.100215.31.pdf,,,,,2024-02,U102
8dc53811,holdings.office1@gmail.com,0596564a,3205,2/8/2024,0999417,חשבון גז, ₪39.31,2/8/2024,12.23-1.24,Purchases_Files_/8dc53811.Cheshbonit Vendor.100401.31.pdf,,,,,2024-02,U102
cdb0f0b1,holdings.office1@gmail.com,0596564a,3239,2/12/2024,63001049,חשבון גז, ₪200.00,2/12/2024,תשלום עבור החלפת ברז,Purchases_Files_/cdb0f0b1.Cheshbonit Vendor.071807.pdf,,,,,2024-02,U102
4f65ae09,yuri@emmaleh.com,6ffe01d6,2013,2/6/2024,,"Moving (Hovala) , Bed + Mattress", ₪895.00,,,Purchases_Files_/4f65ae09.Cheshbonit Vendor.060117.pdf,,,,,2024-02,U095
fbcf0ac8,yuri@emmaleh.com,b3269088,1913,2/13/2024,,Misc, ₪65.55,,,Purchases_Files_/fbcf0ac8.Cheshbonit Vendor.075852.54.pdf,,,,,2024-02,U095
3ec3234a,holdings.office1@gmail.com,0596564a,1913,2/13/2024,0-875179,חשבון גז, ₪37.70,2/13/2024,18.1-13.2.24,Purchases_Files_/3ec3234a.Cheshbonit Vendor.071920.70.pdf,,,,,2024-02,U095
efe2aed2,holdings.office1@gmail.com,fb4521e2,1913,2/14/2024,0-197012,חשבון חשמל, ₪64.38,2/14/2024,1.12.23-10.2.24,Purchases_Files_/efe2aed2.Cheshbonit Vendor.072024.38.pdf,,,,,2024-02,U095
5c5ad595,holdings.office1@gmail.com,fb4521e2,1710,2/15/2024,0-685503,חשבון חשמל, ₪63.00,2/15/2024,11.11-3.1,Purchases_Files_/5c5ad595.Cheshbonit Vendor.072121.pdf,,,,,2024-02,U052
b7588c49,holdings.office1@gmail.com,fb4521e2,1922,2/15/2024,0-752139,חשבון חשמל, ₪54.00,2/15/2024,11.11-3.1,Purchases_Files_/b7588c49.Cheshbonit Vendor.072224.pdf,,,,,2024-02,U095
37ceec0f,holdings.office1@gmail.com,fb4521e2,1709,2/15/2024,0-871491,חשבון חשמל, ₪96.98,2/15/2024,4.3.23-25.4.23,Purchases_Files_/37ceec0f.Cheshbonit Vendor.072327.98.pdf,,,,,2024-02,U052
e22982cf,holdings.office1@gmail.com,0596564a,2047,2/22/2024,937284,חשבון גז, ₪201.50,2/22/2024,12.23-1.24,Purchases_Files_/e22982cf.Cheshbonit Vendor.072437.5.pdf,,,,,2024-02,U095
ea602d86,yuri@emmaleh.com,b3269088,1433,2/28/2024,,"Moving (Hovala) , Regualr Fridge"," ₪1,831.00",,,Purchases_Files_/ea602d86.Cheshbonit Vendor.080556.pdf,,,,,2024-02,U052
c7fcb150,yuri@emmaleh.com,b3269090,186dafa2a,3/5/2024,,OFFICE RENT," ₪2,425.41",,,Purchases_Files_/c7fcb150.Cheshbonit Vendor.130432.pdf,,,,,2024-03,U094
bd4500d4,holdings.office1@gmail.com,0596564a,1841,2/26/2024,0-707497,חשבון גז, ₪519.20,2/26/2024,7-12/23,Purchases_Files_/bd4500d4.Cheshbonit Vendor.113829.20.pdf,,,,,2024-02,U061
aa41acc8,holdings.office1@gmail.com,0596564a,0443,2/26/2024,0-845537,חשבון גז, ₪158.98,2/26/2024,7-12/23,Purchases_Files_/aa41acc8.Cheshbonit Vendor.114231.98.pdf,,,,,2024-02,
0edf3224,holdings.office1@gmail.com,9a38660a,3010,2/26/2024,6627403,ארנונה," ₪8,435.90",2/26/2024,1-2/24,Purchases_Files_/0edf3224.Cheshbonit Vendor.114554.90.pdf,,,,,2024-02,U102
7afcd4b7,holdings.office1@gmail.com,9a38660a,1f59ee08d,2/26/2024,6627404,ארנונה," ₪14,133.30",2/26/2024,1-2/24,Purchases_Files_/7afcd4b7.Cheshbonit Vendor.114704.30.pdf,,,,,2024-02,U095
6e7e0689,holdings.office1@gmail.com,9a38660a,2702,2/26/2024,6627406,ארנונה, ₪693.60,2/26/2024,1-2/24,Purchases_Files_/6e7e0689.Cheshbonit Vendor.114919.60.pdf,,,,,2024-02,U097
7da18fa1,holdings.office1@gmail.com,9a38660a,3220,2/26/2024,6627405,ארנונה, ₪727.40,2/26/2024,1-2/24 יחידות 203+204,Purchases_Files_/7da18fa1.Cheshbonit Vendor.071429.40.pdf,,,,,2024-02,U102
794b3c1b,holdings.office1@gmail.com,fc46cf6f,2702,2/29/2024,0-617340,חשבון מים, ₪443.82,2/29/2024,12.23-1.24,Purchases_Files_/794b3c1b.Cheshbonit Vendor.071613.82.pdf,,,,,2024-02,U097
e59c97b7,holdings.office1@gmail.com,fc46cf6f,1304,2/29/2024,0-865667,חשבון מים, ₪8.24,2/29/2024,1.24,Purchases_Files_/e59c97b7.Cheshbonit Vendor.071816.24.pdf,,,,,2024-02,
0c096add,holdings.office1@gmail.com,fc46cf6f,3220,2/29/2024,0-907766,חשבון מים, ₪36.96,2/29/2024,12.23-1.24,Purchases_Files_/0c096add.Cheshbonit Vendor.071922.96.pdf,,,,,2024-02,U102
1633f812,holdings.office1@gmail.com,0596564a,2129,2/29/2024,33567,חשבון גז, ₪78.62,2/29/2024,21.9-25.1,Purchases_Files_/1633f812.Cheshbonit Vendor.072017.62.pdf,,,,,2024-02,U097
b01b2667,holdings.office1@gmail.com,0596564a,3228,2/29/2024,520473,חשבון גז, ₪26.21,2/29/2024,12.23-1.24,Purchases_Files_/b01b2667.Cheshbonit Vendor.072112.21.pdf,,,,,2024-02,U102
c4eac4d1,holdings.office1@gmail.com,fc46cf6f,1f59ee08d,3/5/2024,323451,חשבון מים," ₪3,076.19",3/5/2024,12.23-1.24,Purchases_Files_/c4eac4d1.Cheshbonit Vendor.072511.19.pdf,,,,,2024-03,U095
226e2b3e,holdings.office1@gmail.com,fc46cf6f,3010,3/5/2024,377085,חשבון מים," ₪2,463.66",3/5/2024,12.23-1.24,Purchases_Files_/226e2b3e.Cheshbonit Vendor.072720.66.pdf,,,,,2024-03,U102
b7804791,holdings.office1@gmail.com,fb4521e2,1410,3/5/2024,0-848937,חשבון חשמל, ₪84.40,3/5/2024,5.1-28.2,Purchases_Files_/b7804791.Cheshbonit Vendor.072831.40.pdf,,,,,2024-03,U052
e0fcafc7,holdings.office1@gmail.com,fb4521e2,1710,3/7/2024,0-264911,חשבון חשמל, ₪331.75,3/7/2024,4.1-28.2,Purchases_Files_/e0fcafc7.Cheshbonit Vendor.072931.75.pdf,,,,,2024-03,U052
66ec3010,holdings.office1@gmail.com,fc46cf6f,1413,3/7/2024,0-529966,חשבון מים, ₪446.37,3/7/2024,שולם עבור הדיירת אחרי תיקון נזילה באישור יורי,Purchases_Files_/66ec3010.Cheshbonit Vendor.073028.37.pdf,,,,,2024-03,U052
a68462b3,holdings.office1@gmail.com,0596564a,3203,3/7/2024,33546,חשבון גז, ₪350.00,3/7/2024,תשלום עבור ברז חדש,Purchases_Files_/a68462b3.Cheshbonit Vendor.073126.pdf,,,,,2024-03,U102
59a3e52a,holdings.office1@gmail.com,fb4521e2,3225,3/11/2024,0-640920,חשבון חשמל, ₪53.87,3/11/2024,8.1-7.3,Purchases_Files_/59a3e52a.Cheshbonit Vendor.070424.87.pdf,,,,,2024-03,U102
9c171938,holdings.office1@gmail.com,fc46cf6f,1825,3/17/2024,0-819029,חשבון מים, ₪55.52,3/17/2024,9.23-1.24,Purchases_Files_/9c171938.Cheshbonit Vendor.131539.52.pdf,,,,,2024-03,U052
d0613b07,holdings.office1@gmail.com,fb4521e2,3004,3/19/2024,0222026,חשבון חשמל, ₪81.58,3/19/2024,2.1-17.3,Purchases_Files_/d0613b07.Cheshbonit Vendor.070851.58.pdf,,,,,2024-03,U102
56f11b15,holdings.office1@gmail.com,fb4521e2,1912,3/19/2024,0277269,חשבון חשמל, ₪350.47,3/19/2024,4.1-17.3,Purchases_Files_/56f11b15.Cheshbonit Vendor.070948.47.pdf,,,,,2024-03,U095
343562db,holdings.office1@gmail.com,fb4521e2,0413,3/19/2024,0373381,חשבון חשמל, ₪62.28,3/19/2024,4.1-17.3,Purchases_Files_/343562db.Cheshbonit Vendor.071047.28.pdf,,,,,2024-03,
83c2a923,holdings.office1@gmail.com,fb4521e2,2130,3/19/2024,0484691,חשבון חשמל, ₪81.58,3/19/2024,2.1-17.3,Purchases_Files_/83c2a923.Cheshbonit Vendor.071314.58.pdf,,,,,2024-03,U097
ad33f202,holdings.office1@gmail.com,fb4521e2,1706,3/19/2024,0547414,חשבון חשמל, ₪107.52,3/19/2024,1.11-17.3,Purchases_Files_/ad33f202.Cheshbonit Vendor.071450.52.pdf,,,,,2024-03,U052
27d64c30,holdings.office1@gmail.com,fb4521e2,2118,3/19/2024,0686303,חשבון חשמל," ₪1,043.85",3/19/2024,2.1-17.3,Purchases_Files_/27d64c30.Cheshbonit Vendor.071614.85.pdf,,,,,2024-03,U097
fec67763,holdings.office1@gmail.com,fb4521e2,1922,3/19/2024,0748772,חשבון חשמל, ₪62.57,3/19/2024,4.1-17.3,Purchases_Files_/fec67763.Cheshbonit Vendor.071724.57.pdf,,,,,2024-03,U095
c0fe4249,holdings.office1@gmail.com,fb4521e2,1825,3/19/2024,0840660,חשבון חשמל, ₪62.28,3/19/2024,4.1-17.3,Purchases_Files_/c0fe4249.Cheshbonit Vendor.071821.28.pdf,,,,,2024-03,U052
e932c6cd,holdings.office1@gmail.com,fb4521e2,2011,3/19/2024,0913566,חשבון חשמל, ₪65.77,9/11/2024,4.1-17.3,Purchases_Files_/e932c6cd.Cheshbonit Vendor.071918.77.pdf,,,,,2024-03,U095
b15e9744,holdings.office1@gmail.com,fb4521e2,0424,3/19/2024,0083444,חשבון חשמל, ₪62.28,3/19/2024,4.1-17.3,Purchases_Files_/b15e9744.Cheshbonit Vendor.072014.28.pdf,,,,,2024-03,
699147ce,holdings.office1@gmail.com,fb4521e2,2120,3/19/2024,0185264,חשבון חשמל, ₪528.01,3/19/2024,2.1-17.3,Purchases_Files_/699147ce.Cheshbonit Vendor.072110.01.pdf,,,,,2024-03,U097
15c8d6b0,holdings.office1@gmail.com,fb4521e2,2060,3/19/2024,0257360,חשבון חשמל, ₪62.28,3/19/2024,4.1-17.3,Purchases_Files_/15c8d6b0.Cheshbonit Vendor.072202.28.pdf,,,,,2024-03,U097
17ed9c06,holdings.office1@gmail.com,fb4521e2,1729,3/19/2024,0453803,חשבון חשמל, ₪101.88,3/19/2024,4.1-17.3,Purchases_Files_/17ed9c06.Cheshbonit Vendor.072255.88.pdf,,,,,2024-03,U052
9e8b8ea5,holdings.office1@gmail.com,fb4521e2,0939,3/19/2024,0680942,חשבון חשמל, ₪98.88,3/19/2024,12.12-17.3,Purchases_Files_/9e8b8ea5.Cheshbonit Vendor.072349.88.pdf,,,,,2024-03,
bb75e99c,holdings.office1@gmail.com,fb4521e2,1824,3/19/2024,0963280,חשבון חשמל, ₪115.39,3/19/2024,12.1-17.3,Purchases_Files_/bb75e99c.Cheshbonit Vendor.072441.39.pdf,,,,,2024-03,U052
c6c78bc5,holdings.office1@gmail.com,fb4521e2,1834,3/19/2024,0434845,חשבון חשמל, ₪72.31,3/19/2024,1.2-17.3,Purchases_Files_/c6c78bc5.Cheshbonit Vendor.072541.31.pdf,,,,,2024-03,U052
6eedbacf,holdings.office1@gmail.com,fb4521e2,2054,3/19/2024,0634477,חשבון חשמל, ₪66.37,3/19/2024,10.1-17.3,Purchases_Files_/6eedbacf.Cheshbonit Vendor.072746.37.pdf,,,,,2024-03,U095
5829b5bd,holdings.office1@gmail.com,fb4521e2,1723,3/19/2024,0773978,חשבון חשמל," ₪1,022.49",3/19/2024,4.1-17.3,Purchases_Files_/5829b5bd.Cheshbonit Vendor.072845.49.pdf,,,,,2024-03,U052
829fdf70,holdings.office1@gmail.com,fb4521e2,0416,3/19/2024,0834572,חשבון חשמל, ₪62.28,3/19/2024,4.1-17.3,Purchases_Files_/829fdf70.Cheshbonit Vendor.073018.28.pdf,,,,,2024-03,
08f1d454,holdings.office1@gmail.com,fb4521e2,1909,3/19/2024,0917443,חשבון חשמל, ₪149.59,3/19/2024,11.11-17.3,Purchases_Files_/08f1d454.Cheshbonit Vendor.074120.59.pdf,,,,,2024-03,U094
912e1cf0,holdings.office1@gmail.com,fb4521e2,0443,3/19/2024,0988964,חשבון חשמל, ₪102.17,3/19/2024,11.11-17.3,Purchases_Files_/912e1cf0.Cheshbonit Vendor.074223.17.pdf,,,,,2024-03,
638073f7,holdings.office1@gmail.com,fb4521e2,2023,3/19/2024,0104349,חשבון חשמל, ₪610.01,3/19/2024,4.1-17.3,Purchases_Files_/638073f7.Cheshbonit Vendor.074318.01.pdf,,,,,2024-03,U095
b1ace5d8,holdings.office1@gmail.com,fb4521e2,3220,3/20/2024,0399808,חשבון חשמל, ₪97.20,3/20/2024,1.1-18.3,Purchases_Files_/b1ace5d8.Cheshbonit Vendor.091642.20.pdf,,,,,2024-03,U102
9fda4ab5,holdings.office1@gmail.com,fb4521e2,2606,3/20/2024,0-017830,חשבון חשמל, ₪58.23,3/20/2024,10.1-18.3,Purchases_Files_/9fda4ab5.Cheshbonit Vendor.092012.23.pdf,,,,,2024-03,U097
64c26e68,holdings.office1@gmail.com,fb4521e2,3242,3/20/2024,0280743,חשבון חשמל, ₪58.23,3/20/2024,10.1-18.3,Purchases_Files_/64c26e68.Cheshbonit Vendor.092125.23.pdf,,,,,2024-03,U102
7f5afbad,holdings.office1@gmail.com,fb4521e2,3234,3/20/2024,0565481,חשבון חשמל, ₪58.23,3/20/2024,10.1-18.3,Purchases_Files_/7f5afbad.Cheshbonit Vendor.092229.23.pdf,,,,,2024-03,U102
32977c53,holdings.office1@gmail.com,fb4521e2,3222,3/20/2024,0672832,חשבון חשמל, ₪58.23,3/20/2024,10.1-18.3,Purchases_Files_/32977c53.Cheshbonit Vendor.092323.23.pdf,,,,,2024-03,U102
b6f630c1,holdings.office1@gmail.com,fb4521e2,3205,3/20/2024,0759589,חשבון חשמל, ₪58.23,3/20/2024,10.1-18.3,Purchases_Files_/b6f630c1.Cheshbonit Vendor.092419.23.pdf,,,,,2024-03,U102
7611834d,holdings.office1@gmail.com,fb4521e2,3228,3/20/2024,0981753,חשבון חשמל, ₪79.11,3/20/2024,17.12-18.3,Purchases_Files_/7611834d.Cheshbonit Vendor.092515.11.pdf,,,,,2024-03,U102
03bb3706,holdings.office1@gmail.com,fb4521e2,3217,3/20/2024,0296707,חשבון חשמל," ₪1,536.47",3/20/2024,10.1-18.3 (הדיירים משלמים 846 שח מהחשבון),Purchases_Files_/03bb3706.Cheshbonit Vendor.093006.47.pdf,,,,,2024-03,U102
a9ec2e0d,holdings.office1@gmail.com,fb4521e2,2031,3/21/2024,0641944,חשבון חשמל, ₪494.41,3/21/2024,שולם בשם הדייר הוא ביצע העברה,Purchases_Files_/a9ec2e0d.Cheshbonit Vendor.093110.41.pdf,,,,,2024-03,U095
8957391a,yuri@emmaleh.com,b3269088,1848,3/21/2024,,"WM Side Door , Moving (Hovala)"," ₪1,051.00",,,Purchases_Files_/8957391a.Cheshbonit Vendor.073236.pdf,,,,,2024-03,U061
7b4cf874,holdings.office1@gmail.com,0596564a,0926,3/26/2024,0-152918,חשבון גז, ₪52.83,3/26/2024,18.1-19.3,Purchases_Files_/7b4cf874.Cheshbonit Vendor.114837.83.pdf,,,,,2024-03,
c1f1873a,holdings.office1@gmail.com,0596564a,1841,3/26/2024,0255083,חשבון גז, ₪113.30,3/26/2024,18.1-19.3,Purchases_Files_/c1f1873a.Cheshbonit Vendor.114952.30.pdf,,,,,2024-03,U061
211e503a,holdings.office1@gmail.com,0596564a,0443,3/26/2024,0469288,חשבון גז, ₪58.42,3/26/2024,18.1-19.3,Purchases_Files_/211e503a.Cheshbonit Vendor.115748.42.pdf,,,,,2024-03,
d1819d22,holdings.office1@gmail.com,0596564a,0413,3/26/2024,0548560,חשבון גז, ₪58.42,3/26/2024,18.1-19.3,Purchases_Files_/d1819d22.Cheshbonit Vendor.115854.42.pdf,,,,,2024-03,
180dadde,holdings.office1@gmail.com,0596564a,0953,3/26/2024,0637199,חשבון גז, ₪88.27,3/26/2024,18.1-19.3,Purchases_Files_/180dadde.Cheshbonit Vendor.120302.27.pdf,,,,,2024-03,
57519436,holdings.office1@gmail.com,0596564a,0416,3/26/2024,0983171,חשבון גז, ₪56.03,3/26/2024,18.1-19.3,Purchases_Files_/57519436.Cheshbonit Vendor.120406.03.pdf,,,,,2024-03,
870be67c,holdings.office1@gmail.com,0596564a,2614,3/26/2024,0102798,חשבון גז, ₪99.82,3/26/2024,18.1-19.3,Purchases_Files_/870be67c.Cheshbonit Vendor.120531.82.pdf,,,,,2024-03,U097
c6ce7026,holdings.office1@gmail.com,0596564a,1405,3/26/2024,0196964,חשבון גז, ₪180.54,3/26/2024,18.1-19.3,Purchases_Files_/c6ce7026.Cheshbonit Vendor.120637.54.pdf,,,,,2024-03,U052
dc89afd5,holdings.office1@gmail.com,0596564a,2626,3/26/2024,0527150,חשבון גז, ₪329.22,3/26/2024,18.1-19.3,Purchases_Files_/dc89afd5.Cheshbonit Vendor.120739.22.pdf,,,,,2024-03,U097
aa9fe6a3,holdings.office1@gmail.com,0596564a,1909,3/26/2024,0600619,חשבון גז, ₪58.42,3/26/2024,18.1-19.3,Purchases_Files_/aa9fe6a3.Cheshbonit Vendor.120847.42.pdf,,,,,2024-03,U094
9187fb0b,holdings.office1@gmail.com,0596564a,0424,3/26/2024,0718684,חשבון גז, ₪224.04,3/26/2024,18.1-19.3,Purchases_Files_/9187fb0b.Cheshbonit Vendor.121010.04.pdf,,,,,2024-03,
337db9a7,holdings.office1@gmail.com,0596564a,435,3/26/2024,0778860,חשבון גז, ₪150.51,2/26/2024,18.1-19.3,Purchases_Files_/337db9a7.Cheshbonit Vendor.121120.51.pdf,,,,,2024-03,U102
39d32bb8,holdings.office1@gmail.com,0596564a,2642,3/26/2024,0942706,חשבון גז, ₪104.63,3/26/2024,18.1-19.3,Purchases_Files_/39d32bb8.Cheshbonit Vendor.121216.63.pdf,,,,,2024-03,U097
24cc6e2a,yuri@emmaleh.com,b3269088,2023,4/17/2024,,"Regualr Fridge , Electric Burners , Moving (Hovala)"," ₪1,408.00",,,Purchases_Files_/24cc6e2a.Cheshbonit Vendor.071208.pdf,,,,,2024-04,U095
a6e8aacf,yuri@emmaleh.com,b3269090,186dafa2a,4/25/2024,,OFFICE RENT," ₪2,425.41",,,Purchases_Files_/a6e8aacf.Cheshbonit Vendor.112922.pdf,,,,,2024-04,U094
a9c79ab5,yuri@emmaleh.com,5d50e1a6,1834,4/24/2024,,"Misc , Carpet"," ₪2,132.00",,Together with misc and carpet for U201,Purchases_Files_/a9c79ab5.Cheshbonit Vendor.102013.pdf,,,,,2024-04,U052
e51e3068,yuri@emmaleh.com,5d50e1a6,0939,5/25/2024,,"Misc , Dining table , Chairs for dining table", ₪730.00,,,Purchases_Files_/e51e3068.Cheshbonit Vendor.102132.pdf,,,,,2024-05,
f6f0f2c3,holdings.office1@gmail.com,fb4521e2,3008,4/4/2024,0-295170,חשבון חשמל, ₪628.06,4/4/2024,תשלום עבור בדיקת מתקן,Purchases_Files_/f6f0f2c3.Cheshbonit Vendor.060302.06.pdf,,,,,2024-04,U102
c18faa0f,holdings.office1@gmail.com,fb4521e2,1824,4/10/2024,0-647222,חשבון חשמל, ₪37.12,4/10/2024,12.1-5.4,Purchases_Files_/c18faa0f.Cheshbonit Vendor.060357.12.pdf,,,,,2024-04,U052
ae27c738,holdings.office1@gmail.com,fb4521e2,1706,4/10/2024,0-768788,חשבון חשמל, ₪15.62,4/10/2024,18.3-5.4,Purchases_Files_/ae27c738.Cheshbonit Vendor.060507.62.pdf,,,,,2024-04,U052
f68242ce,holdings.office1@gmail.com,0596564a,2060,4/11/2024,40320,חשבון גז, ₪39.31,4/11/2024,2-3/24,Purchases_Files_/f68242ce.Cheshbonit Vendor.060609.31.pdf,,,,,2024-04,U097
ccb27b28,holdings.office1@gmail.com,0596564a,2047,4/11/2024,40397,חשבון גז, ₪192.97,4/11/2024,2-3/24,Purchases_Files_/ccb27b28.Cheshbonit Vendor.060735.97.pdf,,,,,2024-04,U095
a5f1a608,holdings.office1@gmail.com,0596564a,2031,4/11/2024,40415,חשבון גז, ₪64.92,4/11/2024,2-3/24,Purchases_Files_/a5f1a608.Cheshbonit Vendor.060830.92.pdf,,,,,2024-04,U095
0a398f19,holdings.office1@gmail.com,0596564a,2038,4/11/2024,40477,חשבון גז, ₪39.31,4/11/2024,2-3/24,Purchases_Files_/0a398f19.Cheshbonit Vendor.060934.31 2-3.pdf,,,,,2024-04,U095
3e6e1e82,holdings.office1@gmail.com,0596564a,3225,4/11/2024,40488,חשבון גז, ₪39.31,4/11/2024,2-3/24,Purchases_Files_/3e6e1e82.Cheshbonit Vendor.061026.31 2-3.pdf,,,,,2024-04,U102
00dda687,holdings.office1@gmail.com,0596564a,3220,4/11/2024,40497,חשבון גז, ₪39.31,4/11/2024,2-3/24,Purchases_Files_/00dda687.Cheshbonit Vendor.061116.31.pdf,,,,,2024-04,U102
3728b0a1,holdings.office1@gmail.com,0596564a,3205,4/11/2024,40501,חשבון גז, ₪39.31,4/11/2024,2-3/24,Purchases_Files_/3728b0a1.Cheshbonit Vendor.061202.31 2-3.pdf,,,,,2024-04,U102
7e29c13c,holdings.office1@gmail.com,0596564a,3204,4/11/2024,40518,חשבון גז, ₪39.31,4/11/2024,2-3/24,Purchases_Files_/7e29c13c.Cheshbonit Vendor.061253.31 2-3.pdf,,,,,2024-04,U102
5cb17068,holdings.office1@gmail.com,fb4521e2,1304,4/11/2024,0-038984,חשבון חשמל, ₪224.92,4/11/2024,שולם לבקשת יורי חשמל כניסה בן גוריון 16,Purchases_Files_/5cb17068.Cheshbonit Vendor.061447.92.pdf,,,,,2024-04,
15608801,holdings.office1@gmail.com,fb4521e2,3204,4/16/2024,0-325084,חשבון חשמל, ₪66.82,4/16/2024,1.3-9.4,Purchases_Files_/15608801.Cheshbonit Vendor.061732.82.pdf,,,,,2024-04,U102
3ae68be0,holdings.office1@gmail.com,9a38660a,3220,4/16/2024,0-650556,ארנונה, ₪365.80,4/16/2024,3-4/24,Purchases_Files_/3ae68be0.Cheshbonit Vendor.061830.80.pdf,,,,,2024-04,U102
66d6206b,holdings.office1@gmail.com,9a38660a,2702,4/16/2024,0-849703,ארנונה, ₪699.00,4/16/2024,3-4/24,Purchases_Files_/66d6206b.Cheshbonit Vendor.062901.pdf,,,,,2024-04,U097
fd62a802,holdings.office1@gmail.com,9a38660a,3010,4/16/2024,0-622571,ארנונה," ₪6,780.44",4/16/2024,3-4/24,Purchases_Files_/fd62a802.Cheshbonit Vendor.063004.44.pdf,,,,,2024-04,U102
f2086448,holdings.office1@gmail.com,9a38660a,1f59ee08d,5/1/2024,14092219,ארנונה," ₪13,112.85",5/1/2024,3-4/24,Purchases_Files_/f2086448.Cheshbonit Vendor.063347.85.pdf,,,,,2024-05,U095
07672fc0,holdings.office1@gmail.com,9a38660a,1824,5/1/2024,14093219,ארנונה, ₪212.80,5/1/2024,3-4/24,Purchases_Files_/07672fc0.Cheshbonit Vendor.063446.80.pdf,,,,,2024-05,U052
89255128,holdings.office1@gmail.com,9a38660a,1816,5/5/2024,0-194951,ארנונה, ₪44.90,5/5/2024,1.3-8.4 לבקשת יורי שולם בשם הדיירת,Purchases_Files_/89255128.Cheshbonit Vendor.063547.90.pdf,,,,,2024-05,U052
0b960d9c,yuri@emmaleh.com,b3269090,186dafa2a,5/5/2024,,OFFICE RENT," ₪2,705.15",,,Purchases_Files_/0b960d9c.Cheshbonit Vendor.083855.pdf,,,,,2024-05,U094
4ead2d82,yuri@emmaleh.com,b3269088,2023,4/17/2024,,"Moving (Hovala) , Electric Burners , Regualr Fridge"," ₪1,408.00",,,Purchases_Files_/4ead2d82.Cheshbonit Vendor.090257.pdf,,,,,2024-04,U095
14ed0619,yuri@emmaleh.com,b3269088,1859,5/2/2024,,Gas burners, ₪399.00,,,Purchases_Files_/14ed0619.Cheshbonit Vendor.090410.pdf,,,,,2024-05,U094
87678372,yuri@emmaleh.com,b3269088,1859,5/8/2024,,"WM Side Door , Moving (Hovala)"," ₪1,109.00",,,Purchases_Files_/87678372.Cheshbonit Vendor.071154.pdf,,,,,2024-05,U094
ba57d8fe,yuri@emmaleh.com,b3269088,3228,5/15/2024,,"WM Side Door , Moving (Hovala)"," ₪1,109.00",,,Purchases_Files_/ba57d8fe.Cheshbonit Vendor.071220.pdf,,,,,2024-05,U102
e76f3f31,yuri@emmaleh.com,b3269088,0454,5/20/2024,,"Regualr Fridge , Moving (Hovala) , Microwave"," ₪2,440.00",,,Purchases_Files_/e76f3f31.Cheshbonit Vendor.071134.pdf,,,,,2024-05,
635d8703,yuri@emmaleh.com,f5e5f165,3205,5/20/2024,,Lights, ₪356.00,,,Purchases_Files_/635d8703.Cheshbonit Vendor.082915.pdf,,,,,2024-05,U102
caf72589,yuri@emmaleh.com,6ffe01d6,3221,5/21/2024,,"Moving (Hovala) , Big Couch , Bed + Mattress"," ₪4,650.00",,,Purchases_Files_/caf72589.Cheshbonit Vendor.061101.pdf,,,,,2024-05,U102
7a9584fe,yuri@emmaleh.com,6ffe01d6,1715,5/21/2024,,"Moving (Hovala) , Bed + Mattress", ₪975.00,,,Purchases_Files_/7a9584fe.Cheshbonit Vendor.061221.pdf,,,,,2024-05,U052
475c6981,yuri@emmaleh.com,6ffe01d6,3204,5/21/2024,,"Moving (Hovala) , Bed + Mattress", ₪520.00,,,Purchases_Files_/475c6981.Cheshbonit Vendor.061304.pdf,,,,,2024-05,U102
bb18d167,yuri@emmaleh.com,b3269088,0413,5/22/2024,,"Moving (Hovala) , Big Fridge"," ₪2,621.00",,,Purchases_Files_/bb18d167.Cheshbonit Vendor.071258.pdf,,,,,2024-05,
f2daebda,holdings.office1@gmail.com,fb4521e2,1922,5/8/2024,0-461780,חשבון חשמל, ₪31.44,5/8/2024,18.3-23.4,Purchases_Files_/f2daebda.Cheshbonit Vendor.074926.44.pdf,,,,,2024-05,U095
4c6b4763,holdings.office1@gmail.com,fb4521e2,3225,5/9/2024,0-374744,חשבון חשמל, ₪52.51,5/9/2024,8.3-7.5,Purchases_Files_/4c6b4763.Cheshbonit Vendor.075017.51.pdf,,,,,2024-05,U102
be5888dc,holdings.office1@gmail.com,fb4521e2,3008,5/9/2024,0-425991,חשבון חשמל," ₪1,404.63",5/9/2024,2.1-17.3 הדיירת תעביר את היתרה לחשבון של השקעות,Purchases_Files_/be5888dc.Cheshbonit Vendor.075346.63.pdf,,,,,2024-05,U102
e15db976,holdings.office1@gmail.com,fb4521e2,2013,5/16/2024,0-111898,חשבון חשמל, ₪206.31,5/16/2024,שולם לבקשת יורי הדייר נעלם  18.3-13.5,Purchases_Files_/e15db976.Cheshbonit Vendor.082602.31.pdf,,,,,2024-05,U095
a267bf45,holdings.office1@gmail.com,fb4521e2,2614,5/16/2024,0-173971,חשבון חשמל, ₪203.59,5/16/2024,שולם לבקשת יורי   19.3-13.5,Purchases_Files_/a267bf45.Cheshbonit Vendor.082702.59.pdf,,,,,2024-05,U097
0a97e251,holdings.office1@gmail.com,fb4521e2,2023,5/16/2024,0-352831,חשבון חשמל, ₪245.63,5/16/2024,18.3-13.5,Purchases_Files_/0a97e251.Cheshbonit Vendor.082811.63.pdf,,,,,2024-05,U095
56d9ce8a,holdings.office1@gmail.com,fb4521e2,3217,5/16/2024,0-594481,חשבון חשמל, ₪666.91,5/16/2024,19.3-13.5,Purchases_Files_/56d9ce8a.Cheshbonit Vendor.082909.91.pdf,,,,,2024-05,U102
62319537,holdings.office1@gmail.com,fb4521e2,2011,5/16/2024,0682450,חשבון חשמל, ₪51.25,5/16/2024,18.3-13.5,Purchases_Files_/62319537.Cheshbonit Vendor.083039.25.pdf,,,,,2024-05,U095
009c35a7,holdings.office1@gmail.com,fb4521e2,3228,5/16/2024,0873075,חשבון חשמל, ₪92.36,5/16/2024,19.3-13.5,Purchases_Files_/009c35a7.Cheshbonit Vendor.083218.36.pdf,,,,,2024-05,U102
4cf728df,holdings.office1@gmail.com,fb4521e2,3220,5/16/2024,0491233,חשבון חשמל, ₪92.98,5/16/2024,19.3-13.5,Purchases_Files_/4cf728df.Cheshbonit Vendor.083717.98.pdf,,,,,2024-05,U102
273092af,holdings.office1@gmail.com,fb4521e2,1909,5/16/2024,0678516,חשבון חשמל, ₪129.93,5/16/2024,18.3-13.5,Purchases_Files_/273092af.Cheshbonit Vendor.083907.93.pdf,,,,,2024-05,U094
ded02936,holdings.office1@gmail.com,fb4521e2,0926,5/16/2024,0792341,חשבון חשמל, ₪56.24,5/16/2024,20.3-13.5,Purchases_Files_/ded02936.Cheshbonit Vendor.084014.24.pdf,,,,,2024-05,
5acbc421,holdings.office1@gmail.com,fb4521e2,3221,5/16/2024,0888479,חשבון חשמל, ₪140.42,5/16/2024,20.3-13.5,Purchases_Files_/5acbc421.Cheshbonit Vendor.084110.42.pdf,,,,,2024-05,U102
43c3ae1d,holdings.office1@gmail.com,fb4521e2,1722,5/16/2024,0045682,חשבון חשמל, ₪57.13,5/16/2024,0045682,Purchases_Files_/43c3ae1d.Cheshbonit Vendor.084227.13.pdf,,,,,2024-05,U052
1060946c,holdings.office1@gmail.com,fb4521e2,1834,5/16/2024,0172692,חשבון חשמל, ₪95.71,5/16/2024,18.3-13.5,Purchases_Files_/1060946c.Cheshbonit Vendor.084418.71.pdf,,,,,2024-05,U052
be00766e,holdings.office1@gmail.com,fb4521e2,1912,5/16/2024,0441204,חשבון חשמל, ₪137.49,5/16/2024,18.3-13.5,Purchases_Files_/be00766e.Cheshbonit Vendor.084633.49.pdf,,,,,2024-05,U095
068593dd,holdings.office1@gmail.com,fb4521e2,1715,5/16/2024,0509653,חשבון חשמל, ₪63.61,5/16/2024,27.3-13.5,Purchases_Files_/068593dd.Cheshbonit Vendor.084924.61.pdf,,,,,2024-05,U052
be4efde2,holdings.office1@gmail.com,fb4521e2,1729,5/16/2024,0628867,חשבון חשמל, ₪88.82,5/16/2024,18.3-13.5,Purchases_Files_/be4efde2.Cheshbonit Vendor.085044.82.pdf,,,,,2024-05,U052
6057ce74,holdings.office1@gmail.com,fb4521e2,1723,5/16/2024,0747444,חשבון חשמל, ₪264.69,5/16/2024,18.3-13.5,Purchases_Files_/6057ce74.Cheshbonit Vendor.085200.69.pdf,,,,,2024-05,U052
4cbf8e0d,holdings.office1@gmail.com,fb4521e2,3013,5/26/2024,0-562868,חשבון חשמל," ₪2,043.55",5/26/2024,2.1-15.5,Purchases_Files_/4cbf8e0d.Cheshbonit Vendor.085333.55.pdf,,,,,2024-05,U102
93a5e512,holdings.office1@gmail.com,0596564a,0413,5/27/2024,0892406,חשבון גז, ₪57.47,5/27/2024,20.3-19.5,Purchases_Files_/93a5e512.Cheshbonit Vendor.052945.47.pdf,,,,,2024-05,
ddb1c596,holdings.office1@gmail.com,0596564a,2626,5/27/2024,0089524,חשבון גז, ₪254.38,5/27/2024,20.3-19.5,Purchases_Files_/ddb1c596.Cheshbonit Vendor.053059.38.pdf,,,,,2024-05,U097
b1bf2430,holdings.office1@gmail.com,0596564a,1909,5/27/2024,0145599,חשבון גז, ₪57.47,5/27/2024,20.3-19.5,Purchases_Files_/b1bf2430.Cheshbonit Vendor.053208.47.pdf,,,,,2024-05,U094
4d3ec24b,holdings.office1@gmail.com,0596564a,0953,5/27/2024,0219808,חשבון גז, ₪82.03,5/27/2024,20.3-19.5,Purchases_Files_/4d3ec24b.Cheshbonit Vendor.053307.03.pdf,,,,,2024-05,
a86f8e1e,holdings.office1@gmail.com,0596564a,0926,5/27/2024,0360966,חשבון גז, ₪52.03,5/27/2024,20.3-19.5,Purchases_Files_/a86f8e1e.Cheshbonit Vendor.053526.03.pdf,,,,,2024-05,
e9420159,holdings.office1@gmail.com,0596564a,2614,5/27/2024,0412171,חשבון גז, ₪118.13,5/27/2024,20.3-19.5,Purchases_Files_/e9420159.Cheshbonit Vendor.053632.13.pdf,,,,,2024-05,U097
aba95ad5,holdings.office1@gmail.com,0596564a,0416,5/27/2024,0820852,חשבון גז, ₪55.13,5/27/2024,20.3-19.5,Purchases_Files_/aba95ad5.Cheshbonit Vendor.053731.13.pdf,,,,,2024-05,
47822fe1,holdings.office1@gmail.com,0596564a,0443,5/27/2024,0882241,חשבון גז, ₪57.47,5/27/2024,20.3-19.5,Purchases_Files_/47822fe1.Cheshbonit Vendor.053826.47.pdf,,,,,2024-05,
7757502e,holdings.office1@gmail.com,0596564a,1405,5/27/2024,0940627,חשבון גז, ₪191.44,5/27/2024,20.3-19.5,Purchases_Files_/7757502e.Cheshbonit Vendor.053931.44.pdf,,,,,2024-05,U052
085cdbcf,holdings.office1@gmail.com,0596564a,1841,5/27/2024,0999516,חשבון גז, ₪137.38,5/27/2024,20.3-19.5,Purchases_Files_/085cdbcf.Cheshbonit Vendor.054027.38.pdf,,,,,2024-05,U061
367a51c2,holdings.office1@gmail.com,0596564a,2642,5/27/2024,0043315,חשבון גז, ₪101.29,5/27/2024,20.3-19.5,Purchases_Files_/367a51c2.Cheshbonit Vendor.054124.29.pdf,,,,,2024-05,U097
1ccd0f9d,holdings.office1@gmail.com,0596564a,435,5/27/2024,0116541,חשבון גז, ₪109.12,5/27/2024,20.3-19.5,Purchases_Files_/1ccd0f9d.Cheshbonit Vendor.054228.12.pdf,,,,,2024-05,U102
c4abd796,holdings.office1@gmail.com,fb4521e2,2120,5/27/2024,0919241,חשבון חשמל, ₪241.86,5/27/2024,18.3-15.5,Purchases_Files_/c4abd796.Cheshbonit Vendor.054637.86.pdf,,,,,2024-05,U097
8336cafc,holdings.office1@gmail.com,fb4521e2,3004,5/27/2024,0009670,חשבון חשמל, ₪50.75,5/27/2024,18.3-15.5,Purchases_Files_/8336cafc.Cheshbonit Vendor.055042.75.pdf,,,,,2024-05,U102
fadbbf72,holdings.office1@gmail.com,fb4521e2,2130,5/27/2024,0240291,חשבון חשמל, ₪90.70,5/27/2024,18.3-15.5,Purchases_Files_/fadbbf72.Cheshbonit Vendor.055254.70.pdf,,,,,2024-05,U097
70ea7923,holdings.office1@gmail.com,fb4521e2,3008,5/27/2024,0717074,חשבון חשמל, ₪391.95,5/27/2024,18.3-15.5,Purchases_Files_/70ea7923.Cheshbonit Vendor.055748.95.pdf,,,,,2024-05,U102
727cbc93,yuri@emmaleh.com,b3269090,186dafa2a,6/9/2024,,OFFICE RENT," ₪2,488.70",,,Purchases_Files_/727cbc93.Cheshbonit Vendor.082006.pdf,,,,,2024-06,U094
b83d4939,yuri@emmaleh.com,c0c9775e,145A,6/4/2024,,Misc, ₪499.00,,,Purchases_Files_/b83d4939.Cheshbonit Vendor.082351.pdf,,,,,2024-06,U052
8b0fb4b5,yuri@emmaleh.com,f5e5f165,3208,6/14/2024,,"Electric Burners , Microwave", ₪839.00,,299nis Belongs to U201,Purchases_Files_/8b0fb4b5.Cheshbonit Vendor.063322.pdf,,,,,2024-06,U102
3b24ce94,yuri@emmaleh.com,aedfc39c,186dafa2a,6/19/2024,,Misc, ₪292.00,,כרטיסי ביקור ליורי,Purchases_Files_/3b24ce94.Cheshbonit Vendor.061445.pdf,,,,,2024-06,U094
a5ae8c3a,yuri@emmaleh.com,b3269088,0413,5/17/2024,,Electric Burners, ₪479.00,,,Purchases_Images/a5ae8c3a.Cheshbonit Vendor.083009.jpg,,,,,2024-05,
be2e06dd,yuri@emmaleh.com,b3269088,0413,5/23/2024,,"Moving (Hovala) , Regualr Fridge"," ₪2,090.00",,,Purchases_Files_/be2e06dd.Cheshbonit Vendor.045853.pdf,,,,,2024-05,
72ec30ed,holdings.office1@gmail.com,fc46cf6f,2702,5/29/2024,0-793190,חשבון מים, ₪435.67,5/29/2024,2-3/24,Purchases_Files_/72ec30ed.Cheshbonit Vendor.121822.67.pdf,,,,,2024-05,U097
d7486bce,holdings.office1@gmail.com,0596564a,1859,5/29/2024,0-925297,חשבון גז, ₪330.00,5/29/2024,תשלום עבור התקנת כיריים,Purchases_Files_/d7486bce.Cheshbonit Vendor.121924.pdf,,,,,2024-05,U094
3a19e2be,holdings.office1@gmail.com,0596564a,1824,5/29/2024,0-060871,חשבון גז, ₪95.50,5/29/2024,18.1-19.3,Purchases_Files_/3a19e2be.Cheshbonit Vendor.122139.5.pdf,,,,,2024-05,U052
c9f91826,holdings.office1@gmail.com,0596564a,1706,5/29/2024,6157004,חשבון גז, ₪58.26,5/29/2024,2-3/24,Purchases_Files_/c9f91826.Cheshbonit Vendor.122306.26.pdf,,,,,2024-05,U052
e444a66e,holdings.office1@gmail.com,fb4521e2,1815,6/4/2024,0-139410,חשבון חשמל, ₪448.07,6/4/2024,שולם בשם הדייר לבקשת יורי,Purchases_Files_/e444a66e.Cheshbonit Vendor.122419.07.pdf,,,,,2024-06,U052
a311e869,holdings.office1@gmail.com,fc46cf6f,1f59ee08d,6/5/2024,828228,חשבון מים," ₪3,938.38",6/5/2024,2-3/24,Purchases_Files_/a311e869.Cheshbonit Vendor.122524.38.pdf,,,,,2024-06,U095
a466296e,holdings.office1@gmail.com,fc46cf6f,3010,6/5/2024,899427,חשבון מים," ₪1,929.07",6/5/2024,2-3/24,Purchases_Files_/a466296e.Cheshbonit Vendor.122933.07.pdf,,,,,2024-06,U102
838db3ba,holdings.office1@gmail.com,fc46cf6f,3220,6/5/2024,966887,חשבון מים, ₪60.71,6/5/2024,203 +204 מים 2-3/24,Purchases_Files_/838db3ba.Cheshbonit Vendor.123222.71.pdf,,,,,2024-06,U102
03b589a0,holdings.office1@gmail.com,fc46cf6f,1825,6/6/2024,52160,חשבון מים, ₪22.96,6/6/2024,2-3/24,Purchases_Files_/03b589a0.Cheshbonit Vendor.123318.96.pdf,,,,,2024-06,U052
43e13d68,holdings.office1@gmail.com,0596564a,2013,6/9/2024,522223,חשבון גז, ₪37.51,6/9/2024,2-3/24,Purchases_Files_/43e13d68.Cheshbonit Vendor.123432.51.pdf,,,,,2024-06,U095
1c8d3b28,holdings.office1@gmail.com,fb4521e2,1308,6/10/2024,0-212688,חשבון חשמל, ₪376.22,6/10/2024,שולם לבקשת יורי חשמל כניסה בן גוריון 16,Purchases_Files_/1c8d3b28.Cheshbonit Vendor.123749.22.pdf,,,,,2024-06,
ab7cf575,holdings.office1@gmail.com,fb4521e2,2805,6/17/2024,0-780791,חשבון חשמל," ₪1,588.65",6/17/2024,22.2-15.5 שולם לבקשת יורי,Purchases_Files_/ab7cf575.Cheshbonit Vendor.123916.65.pdf,,,,,2024-06,U102
9eb8ea3a,holdings.office1@gmail.com,0596564a,1706,6/19/2024,0-266775,חשבון גז, ₪57.17,6/19/2024,3-4/24,Purchases_Files_/9eb8ea3a.Cheshbonit Vendor.124030.17.pdf,,,,,2024-06,U052
13f658fc,holdings.office1@gmail.com,0596564a,0939,6/19/2024,0-464545,חשבון גז, ₪95.31,6/19/2024,1-4/24,Purchases_Files_/13f658fc.Cheshbonit Vendor.124144.31.pdf,,,,,2024-06,
04f891b9,holdings.office1@gmail.com,0596564a,1834,6/19/2024,0-707638,חשבון גז, ₪153.30,6/19/2024,1-4/24,Purchases_Files_/04f891b9.Cheshbonit Vendor.124249.3.pdf,,,,,2024-06,U052
3611accf,holdings.office1@gmail.com,0596564a,1722,6/20/2024,0-555755,חשבון גז, ₪40.77,6/20/2024,20.3-19.5,Purchases_Files_/3611accf.Cheshbonit Vendor.124414.77.pdf,,,,,2024-06,U052
5d6dee64,holdings.office1@gmail.com,0596564a,0424,6/20/2024,0-711127,חשבון גז, ₪343.97,6/20/2024,20.3-19.5,Purchases_Files_/5d6dee64.Cheshbonit Vendor.124538.97.pdf,,,,,2024-06,
7dba8f64,yuri@emmaleh.com,18164a49,3004,6/27/2024,,"WM Side Door , Moving (Hovala) , Electric Burners"," ₪1,770.00",,With U98 and U59,Purchases_Files_/7dba8f64.Cheshbonit Vendor.072322.pdf,,,,,2024-06,U102
11bb1e18,holdings.office1@gmail.com,9a38660a,1722,6/24/2024,18713218,ארנונה, ₪97.80,6/24/2024,שולם לבקשת יורי,Purchases_Files_/11bb1e18.Cheshbonit Vendor.070605.80.pdf,,,,,2024-06,U052
a49e0c8d,holdings.office1@gmail.com,9a38660a,1f59ee08d,6/24/2024,18710218,ארנונה," ₪20,693.40",6/24/2024,5-6/24,Purchases_Files_/a49e0c8d.Cheshbonit Vendor.070737.40.pdf,,,,,2024-06,U095
24557736,holdings.office1@gmail.com,9a38660a,3010,6/24/2024,1871218,ארנונה," ₪8,723.20",6/24/2024,"5-6/24. 
יחידה 212 תשלום כולל 7-8/24",Purchases_Files_/24557736.Cheshbonit Vendor.070913.20.pdf,,,,,2024-06,U102
3d64bcb8,holdings.office1@gmail.com,9a38660a,1724,6/24/2024,18712218,ארנונה, ₪884.70,6/24/2024,5-6/24 יחידות 202 203,Purchases_Files_/3d64bcb8.Cheshbonit Vendor.071027.70.pdf,,,,,2024-06,U052
944acc2a,holdings.office1@gmail.com,9a38660a,2702,6/24/2024,14408219,ארנונה, ₪722.30,6/24/2024,5-6/24,Purchases_Files_/944acc2a.Cheshbonit Vendor.071151.30.pdf,,,,,2024-06,U097
c996e16c,holdings.office1@gmail.com,fb4521e2,1816,6/26/2024,0-425413,חשבון חשמל, ₪23.40,6/26/2024,שולם לבקשת יורי,Purchases_Files_/c996e16c.Cheshbonit Vendor.071309.40.pdf,,,,,2024-06,U052
bb700cbb,holdings.office1@gmail.com,fb4521e2,2013,6/26/2024,0-798868,חשבון חשמל, ₪222.80,6/26/2024,שולם לבקשת יורי,Purchases_Files_/bb700cbb.Cheshbonit Vendor.071424.80.pdf,,,,,2024-06,U095
96fbed5d,holdings.office1@gmail.com,0596564a,2060,6/27/2024,94062,חשבון גז, ₪39.31,6/27/2024,4-5/24,Purchases_Files_/96fbed5d.Cheshbonit Vendor.071538.31 4-5.pdf,,,,,2024-06,U097
6f27d626,holdings.office1@gmail.com,0596564a,2047,6/27/2024,94073,חשבון גז, ₪81.99,6/27/2024,4-5/24,Purchases_Files_/6f27d626.Cheshbonit Vendor.071639.99.pdf,,,,,2024-06,U095
de0eb70a,holdings.office1@gmail.com,0596564a,2031,6/27/2024,94089,חשבון גז, ₪77.72,6/27/2024,4-5/24,Purchases_Files_/de0eb70a.Cheshbonit Vendor.071747.72.pdf,,,,,2024-06,U095
b8c888c3,holdings.office1@gmail.com,0596564a,2038,6/27/2024,94094,חשבון גז, ₪39.31,6/27/2024,4-5/24,Purchases_Files_/b8c888c3.Cheshbonit Vendor.071843.31 4-5.pdf,,,,,2024-06,U095
6cbe72a5,holdings.office1@gmail.com,0596564a,3225,6/27/2024,94094,חשבון גז, ₪39.31,6/27/2024,4-5/24,Purchases_Files_/6cbe72a5.Cheshbonit Vendor.071944.31 4-5.pdf,,,,,2024-06,U102
53375bb9,holdings.office1@gmail.com,0596564a,3205,6/27/2024,94100,חשבון גז, ₪39.31,6/27/2024,4-5/24,Purchases_Files_/53375bb9.Cheshbonit Vendor.072108.31 4-5.pdf,,,,,2024-06,U102
f14c5742,holdings.office1@gmail.com,0596564a,3220,6/27/2024,94085,חשבון גז, ₪39.31,6/27/2024,4-5/24,Purchases_Files_/f14c5742.Cheshbonit Vendor.072217.31 4-5.pdf,,,,,2024-06,U102
ecd6ee8c,holdings.office1@gmail.com,0596564a,0926,7/2/2024,327213,חשבון גז, ₪244.20,7/2/2024,חשבונית גמ״ח והפרשים מ- 11/23 - 6/24,Purchases_Files_/ecd6ee8c.Cheshbonit Vendor.072330.20.pdf,,,,,2024-07,
3a1eb276,holdings.office1@gmail.com,fb4521e2,0926,7/3/2024,0-644443,חשבון חשמל, ₪53.47,7/3/2024,14.5-21.6,Purchases_Files_/3a1eb276.Cheshbonit Vendor.072452.47.pdf,,,,,2024-07,
07d99417,holdings.office1@gmail.com,fb4521e2,1304,7/4/2024,0-600734,חשבון חשמל, ₪96.00,7/4/2024,17.5-31.5 שולם בשם הדייר לבקשת יורי,Purchases_Files_/07d99417.Cheshbonit Vendor.072543.pdf,,,,,2024-07,
6352d00e,holdings.office1@gmail.com,0596564a,2129,7/4/2024,522789,חשבון גז, ₪130.80,7/4/2024,2-6/24,Purchases_Files_/6352d00e.Cheshbonit Vendor.072718.80.pdf,,,,,2024-07,U097
0fc4fbde,holdings.office1@gmail.com,fc46cf6f,1709,7/4/2024,0-791806,חשבון מים, ₪58.18,7/4/2024,"יחידות 201, 202,203,204 תשלום מים 4-5/24",Purchases_Files_/0fc4fbde.Cheshbonit Vendor.055822.18.pdf,,,,,2024-07,U052
37d39291,holdings.office1@gmail.com,fc46cf6f,1f59ee08d,7/4/2024,0-363218,חשבון מים," ₪4,243.51",7/4/2024,4-5/24,Purchases_Files_/37d39291.Cheshbonit Vendor.073230.51.pdf,,,,,2024-07,U095
eea07a81,holdings.office1@gmail.com,fc46cf6f,3010,7/4/2024,0-683771,חשבון מים," ₪2,696.91",7/4/2024,4-5/24,Purchases_Files_/eea07a81.Cheshbonit Vendor.055738.91.pdf,,,,,2024-07,U102
851bb44d,holdings.office1@gmail.com,fc46cf6f,2702,7/4/2024,0-876946,חשבון מים, ₪549.19,7/4/2024,4-5/23,Purchases_Files_/851bb44d.Cheshbonit Vendor.055705.19.pdf,,,,,2024-07,U097
99469a43,yuri@emmaleh.com,b3269090,186dafa2a,7/7/2024,,OFFICE RENT," ₪2,488.70",,,Purchases_Images/99469a43.Cheshbonit Vendor.053758.jpg,,,,,2024-07,U094
6f3f3c70,holdings.office1@gmail.com,fc46cf6f,1825,7/7/2024,0-553537,חשבון מים, ₪24.32,7/7/2024,4-5/24,Purchases_Files_/6f3f3c70.Cheshbonit Vendor.055951.32.pdf,,,,,2024-07,U052
65f1c821,holdings.office1@gmail.com,fb4521e2,1729,7/11/2024,0246777,חשבון חשמל, ₪107.37,7/11/2024,14.5-9.7,Purchases_Files_/65f1c821.Cheshbonit Vendor.061007.37.pdf,,,,,2024-07,U052
99903eff,holdings.office1@gmail.com,fb4521e2,0917,7/11/2024,0305383,חשבון חשמל, ₪79.68,7/11/2024,1.6-9.7,Purchases_Files_/99903eff.Cheshbonit Vendor.061814.68.pdf,,,,,2024-07,
b1310277,holdings.office1@gmail.com,fb4521e2,1308,7/11/2024,0580860,חשבון חשמל, ₪63.27,7/11/2024,5.6-9.7,Purchases_Files_/b1310277.Cheshbonit Vendor.061956.27.pdf,,,,,2024-07,
affe243d,holdings.office1@gmail.com,fb4521e2,1816,7/11/2024,0636191,חשבון חשמל, ₪515.18,7/11/2024,9.4-9.7,Purchases_Files_/affe243d.Cheshbonit Vendor.062114.18.pdf,,,,,2024-07,U052
0d44a588,holdings.office1@gmail.com,fb4521e2,1723,7/11/2024,0903534,חשבון חשמל, ₪353.78,7/11/2024,14.5-9.7,Purchases_Files_/0d44a588.Cheshbonit Vendor.062452.78.pdf,,,,,2024-07,U052
9e173df2,holdings.office1@gmail.com,fb4521e2,2060,7/11/2024,0025858,חשבון חשמל, ₪95.35,7/11/2024,18.3-9.7,Purchases_Files_/9e173df2.Cheshbonit Vendor.062632.35.pdf,,,,,2024-07,U097
0d3b17e2,holdings.office1@gmail.com,fb4521e2,0443,7/11/2024,0070052,חשבון חשמל, ₪94.12,7/11/2024,18.3-9.7,Purchases_Files_/0d3b17e2.Cheshbonit Vendor.062808.12.pdf,,,,,2024-07,
49fa2d7b,holdings.office1@gmail.com,fb4521e2,2023,7/11/2024,0127241,חשבון חשמל, ₪385.74,7/11/2024,14.5-9.7,Purchases_Files_/49fa2d7b.Cheshbonit Vendor.062940.74.pdf,,,,,2024-07,U095
c6c22b6b,holdings.office1@gmail.com,fb4521e2,1825,7/11/2024,0297028,חשבון חשמל, ₪93.50,7/11/2024,18.3-9.7,Purchases_Files_/c6c22b6b.Cheshbonit Vendor.063509.5.pdf,,,,,2024-07,U052
421ecd52,holdings.office1@gmail.com,fb4521e2,0416,7/11/2024,0381004,חשבון חשמל, ₪93.50,7/11/2024,18.3-9.7,Purchases_Files_/421ecd52.Cheshbonit Vendor.063705.5.pdf,,,,,2024-07,
23b9c84b,holdings.office1@gmail.com,fb4521e2,1912,7/11/2024,0429829,חשבון חשמל, ₪61.28,7/11/2024,14.5-9.7,Purchases_Files_/23b9c84b.Cheshbonit Vendor.063859.28.pdf,,,,,2024-07,U095
5cbbaf2d,holdings.office1@gmail.com,fb4521e2,1f59ee08d,7/11/2024,0802991,חשבון חשמל, ₪141.05,7/11/2024,1.3-9.7 נכס מסחרי 1/5,Purchases_Files_/5cbbaf2d.Cheshbonit Vendor.064017.05.pdf,,,,,2024-07,U095
0a5709f9,holdings.office1@gmail.com,fb4521e2,1834,7/11/2024,0863902,חשבון חשמל, ₪110.45,7/11/2024,14.5-9.7,Purchases_Files_/0a5709f9.Cheshbonit Vendor.064510.45.pdf,,,,,2024-07,U052
3513e32c,holdings.office1@gmail.com,fb4521e2,2054,7/11/2024,0020362,חשבון חשמל, ₪89.92,7/11/2024,18.3-9.7,Purchases_Files_/3513e32c.Cheshbonit Vendor.064756.92.pdf,,,,,2024-07,U095
0bae4d28,holdings.office1@gmail.com,fb4521e2,1f59ee08d,7/11/2024,0239566,חשבון חשמל, ₪140.43,7/11/2024,1.3-9.7 נכס מסחרי 1/2,Purchases_Files_/0bae4d28.Cheshbonit Vendor.064910.43.pdf,,,,,2024-07,U095
f1d81f60,holdings.office1@gmail.com,fb4521e2,0939,7/11/2024,0734764,חשבון חשמל, ₪93.50,7/11/2024,18.3-9.7,Purchases_Files_/f1d81f60.Cheshbonit Vendor.065012.5.pdf,,,,,2024-07,
5a9cef4c,holdings.office1@gmail.com,fb4521e2,1909,7/11/2024,0903427,חשבון חשמל, ₪138.72,7/11/2024,14.5-9.7,Purchases_Files_/5a9cef4c.Cheshbonit Vendor.065443.72.pdf,,,,,2024-07,U094
43345f6b,holdings.office1@gmail.com,fb4521e2,2020,7/11/2024,0207423,חשבון חשמל, ₪125.66,7/11/2024,1.4-26.6,Purchases_Files_/43345f6b.Cheshbonit Vendor.065542.66.pdf,,,,,2024-07,U095
ae45e66b,holdings.office1@gmail.com,fb4521e2,3013,7/11/2024,0468736,חשבון חשמל, ₪909.10,7/11/2024,16.5-8.7,Purchases_Files_/ae45e66b.Cheshbonit Vendor.065907.10.pdf,,,,,2024-07,U102
b9166931,holdings.office1@gmail.com,fb4521e2,2011,7/11/2024,0616136,חשבון חשמל, ₪47.31,7/11/2024,14.5-26.6,Purchases_Files_/b9166931.Cheshbonit Vendor.070002.31.pdf,,,,,2024-07,U095
c1313677,holdings.office1@gmail.com,fb4521e2,2120,7/11/2024,0896795,חשבון חשמל, ₪263.89,7/11/2024,16.5-8.7,Purchases_Files_/c1313677.Cheshbonit Vendor.070858.89.pdf,,,,,2024-07,U097
30f90c80,holdings.office1@gmail.com,fb4521e2,3008,7/11/2024,0350223,חשבון חשמל, ₪469.13,7/11/2024,16.5-8.7,Purchases_Files_/30f90c80.Cheshbonit Vendor.071052.13.pdf,,,,,2024-07,U102
0d4f2b18,holdings.office1@gmail.com,fb4521e2,2130,7/11/2024,0430025,חשבון חשמל, ₪82.01,7/11/2024,16.5-8.7,Purchases_Files_/0d4f2b18.Cheshbonit Vendor.071147.01.pdf,,,,,2024-07,U097
c7c2c232,yuri@emmaleh.com,b3269088,2646,7/17/2024,,"Moving (Hovala) , Electric Burners , Regualr Fridge , Gas burners"," ₪1,682.00",,,Purchases_Files_/c7c2c232.Cheshbonit Vendor.071338.pdf,,,,,2024-07,U097
5c61d5ae,yuri@emmaleh.com,b3269088,2702,7/23/2024,,"WM Side Door , Moving (Hovala)"," ₪1,058.00",,,Purchases_Files_/5c61d5ae.Cheshbonit Vendor.074644.pdf,,,,,2024-07,U097
31955584,yuri@emmaleh.com,5d50e1a6,1822,7/25/2024,,"Misc , Lights , Carpet"," ₪2,442.00",,Together with U46 + U12,Purchases_Images/31955584.Cheshbonit Vendor.073806.jpg,,,,,2024-07,U052
b19f0ee6,yuri@emmaleh.com,b3269088,3206,7/28/2024,,"Moving (Hovala) , Regualr Fridge"," ₪2,231.00",,,Purchases_Files_/b19f0ee6.Cheshbonit Vendor.074840.pdf,,,,,2024-07,U102
,,,,,,,,,,,,,,,,
,,,,,,,,,,,,,,,,
,,,,,,,,,,,,,,,,
,,,,,,,,,,,,,,,,
,,,,,,,,,,,,,,,,
,,,,,,,,,,,,,,,,
,,,,,,,,,,,,,,,,
,,,,,,,,,,,,,,,,
,,,,,,,,,,,,,,,,
,,,,,,,,,,,,,,,,
,,,,,,,,,,,,,,,,
,,,,,,,,,,,,,,,,
,,,,,,,,,,,,,,,,
,,,,,,,,,,,,,,,,
,,,,,,,,,,,,,,,,
,,,,,,,,,,,,,,,,
,,,,,,,,,,,,,,,,
,,,,,,,,,,,,,,,,
,,,,,,,,,,,,,,,,
,,,,,,,,,,,,,,,,
,,,,,,,,,,,,,,,,
,,,,,,,,,,,,,,,,
,,,,,,,,,,,,,,,,
54f1d737,holdings.office1@gmail.com,fb4521e2,3222,7/16/2024,0-801258,חשבון חשמל, ₪92.50,7/16/2024,19.3-10.7,Purchases_Files_/54f1d737.Cheshbonit Vendor.061607.5.pdf,,,,,2024-07,U102
115fe928,holdings.office1@gmail.com,fb4521e2,3220,7/16/2024,0-932947,חשבון חשמל, ₪105.18,7/16/2024,14.5-10.7,Purchases_Files_/115fe928.Cheshbonit Vendor.061709.18.pdf,,,,,2024-07,U102
ba202127,holdings.office1@gmail.com,fb4521e2,3217,7/16/2024,0-921908,חשבון חשמל," ₪1,139.36",7/16/2024,14.5-10.7,Purchases_Files_/ba202127.Cheshbonit Vendor.061804.36.pdf,,,,,2024-07,U102
846fb3a4,holdings.office1@gmail.com,fb4521e2,3242,7/16/2024,0-199414,חשבון חשמל, ₪93.50,7/16/2024,19.3-10.7,Purchases_Files_/846fb3a4.Cheshbonit Vendor.061901.5.pdf,,,,,2024-07,U102
5d5e7a1e,holdings.office1@gmail.com,fb4521e2,2606,7/16/2024,0-477588,חשבון חשמל, ₪93.50,7/16/2024,19.3-10.7,Purchases_Files_/5d5e7a1e.Cheshbonit Vendor.062024.5.pdf,,,,,2024-07,U097
5282fbfc,holdings.office1@gmail.com,0596564a,0454,7/16/2024,0-852010,חשבון גז, ₪219.87,7/16/2024,2-5/24 לבקשת יורי שולם הגז,Purchases_Files_/5282fbfc.Cheshbonit Vendor.062701.87.pdf,,,,,2024-07,
270cef51,holdings.office1@gmail.com,fb4521e2,3234,7/17/2024,0-249052,חשבון חשמל, ₪93.50,7/17/2024,19.3-10.7,Purchases_Files_/270cef51.Cheshbonit Vendor.062755.5.pdf,,,,,2024-07,U102
a87e5783,holdings.office1@gmail.com,0596564a,2008,7/23/2024,811554,חשבון גז, ₪188.62,7/23/2024,4-7/24 שולם לבקשת יורי,Purchases_Files_/a87e5783.Cheshbonit Vendor.062847.62.pdf,,,,,2024-07,U095
0d747ff3,holdings.office1@gmail.com,0596564a,2646,7/23/2024,0-480640,חשבון גז, ₪330.00,7/23/2024,התקנת כיריים,Purchases_Files_/0d747ff3.Cheshbonit Vendor.062950.pdf,,,,,2024-07,U097
e8ec22ab,holdings.office1@gmail.com,fb4521e2,3004,7/25/2024,0-552232,חשבון חשמל, ₪308.04,7/25/2024,16.5-26.6 שולם באישור יורי,Purchases_Files_/e8ec22ab.Cheshbonit Vendor.063042.04.pdf,,,,,2024-07,U102
1145bfde,holdings.office1@gmail.com,0596564a,1922,7/28/2024,0287763,חשבון גז, ₪44.46,7/28/2024,20.5-17.7,Purchases_Files_/1145bfde.Cheshbonit Vendor.071209.46.pdf,,,,,2024-07,U095
65e9642d,holdings.office1@gmail.com,0596564a,435,7/28/2024,0434118,חשבון גז, ₪128.35,7/28/2024,20.5-17.7,Purchases_Files_/65e9642d.Cheshbonit Vendor.071318.35.pdf,,,,,2024-07,U102
63e8c054,holdings.office1@gmail.com,0596564a,0416,7/28/2024,0475954,חשבון גז, ₪53.34,7/28/2024,20.5-17.7,Purchases_Files_/63e8c054.Cheshbonit Vendor.100250.34 מאי-יולי.pdf,,,,,2024-07,
f764f4dd,holdings.office1@gmail.com,0596564a,2614,7/28/2024,0524967,חשבון גז, ₪79.20,7/28/2024,20.5-17.7,Purchases_Files_/f764f4dd.Cheshbonit Vendor.100355.20.pdf,,,,,2024-07,U097
2c890d73,holdings.office1@gmail.com,0596564a,0939,7/28/2024,0586644,חשבון גז, ₪47.31,7/28/2024,20.5-17.7,Purchases_Files_/2c890d73.Cheshbonit Vendor.100545.31.pdf,,,,,2024-07,
5a3914a1,holdings.office1@gmail.com,0596564a,0424,7/28/2024,0657429,חשבון גז, ₪186.09,7/28/2024,20.5-17.7,Purchases_Files_/5a3914a1.Cheshbonit Vendor.100647.09.pdf,,,,,2024-07,
4ade3247,holdings.office1@gmail.com,0596564a,2642,7/28/2024,0753558,חשבון גז, ₪103.28,7/28/2024,20.5-17.7,Purchases_Files_/4ade3247.Cheshbonit Vendor.100816.28.pdf,,,,,2024-07,U097
9e7b1066,holdings.office1@gmail.com,0596564a,1834,7/28/2024,0912402,חשבון גז, ₪64.28,7/28/2024,20.5-17.7,Purchases_Files_/9e7b1066.Cheshbonit Vendor.100926.28.pdf,,,,,2024-07,U052
3d9d1812,holdings.office1@gmail.com,0596564a,1909,7/28/2024,0971762,חשבון גז, ₪55.61,7/28/2024,20.5-17.7,Purchases_Files_/3d9d1812.Cheshbonit Vendor.101302.61 מאי-יולי.pdf,,,,,2024-07,U094
900f2917,holdings.office1@gmail.com,0596564a,0953,7/28/2024,0016675,חשבון גז, ₪64.28,7/28/2024,20.5-17.7,Purchases_Files_/900f2917.Cheshbonit Vendor.101410.28.pdf,,,,,2024-07,
b8deec75,holdings.office1@gmail.com,0596564a,0454,7/28/2024,0127449,חשבון גז, ₪199.57,7/28/2024,20.5-17.7,Purchases_Files_/b8deec75.Cheshbonit Vendor.101739.57.pdf,,,,,2024-07,
d48720a8,holdings.office1@gmail.com,0596564a,0413,7/28/2024,0240754,חשבון גז, ₪200.05,7/28/2024,20.5-17.7,Purchases_Files_/d48720a8.Cheshbonit Vendor.101937.05.pdf,,,,,2024-07,
89e06a9c,holdings.office1@gmail.com,0596564a,2626,7/28/2024,0316521,חשבון גז, ₪283.82,7/28/2024,20.5-17.7,Purchases_Files_/89e06a9c.Cheshbonit Vendor.102152.82.pdf,,,,,2024-07,U097
0721bea1,holdings.office1@gmail.com,0596564a,0914,7/28/2024,0588780,חשבון גז, ₪56.34,7/28/2024,20.5-17.7,Purchases_Files_/0721bea1.Cheshbonit Vendor.102353.34.pdf,,,,,2024-07,
121d3f75,holdings.office1@gmail.com,0596564a,1841,7/28/2024,0713057,חשבון גז, ₪114.34,7/28/2024,20.5-17.7,Purchases_Files_/121d3f75.Cheshbonit Vendor.102516.34.pdf,,,,,2024-07,U061
3bd1fcd4,holdings.office1@gmail.com,0596564a,1405,7/28/2024,0931824,חשבון גז, ₪97.46,7/28/2024,20.5-17.7,Purchases_Files_/3bd1fcd4.Cheshbonit Vendor.102649.46.pdf,,,,,2024-07,U052
758fb16d,holdings.office1@gmail.com,0596564a,0443,7/28/2024,0001453,חשבון גז, ₪55.61,7/28/2024,20.5-17.7,Purchases_Files_/758fb16d.Cheshbonit Vendor.103435.61.pdf,,,,,2024-07,
9ee10c75,holdings.office1@gmail.com,0596564a,1849,7/29/2024,0-533877,חשבון גז, ₪730.95,7/29/2024,שולם בשם הדיירים לבקשת יורי,Purchases_Files_/9ee10c75.Cheshbonit Vendor.103758.95.pdf,,,,,2024-07,U061
0c2cb882,holdings.office1@gmail.com,fb4521e2,0914,7/30/2024,0-925719,חשבון חשמל, ₪362.95,7/30/2024,שולם בשם הדייר הוא עשה העברה,Purchases_Files_/0c2cb882.Cheshbonit Vendor.103850.95.pdf,,,,,2024-07,
1399c286,holdings.office1@gmail.com,fb4521e2,2025,7/31/2024,0839647,חשבון חשמל, ₪91.54,7/31/2024,15.5-9.7,Purchases_Files_/1399c286.Cheshbonit Vendor.103948.54.pdf,,,,,2024-07,U095
fdf55bed,holdings.office1@gmail.com,fb4521e2,1815,8/6/2024,0132316,חשבון חשמל, ₪477.75,8/6/2024,שולם בשם הדייר לבקשת יורי,Purchases_Files_/fdf55bed.Cheshbonit Vendor.052845.75.pdf,,,,,2024-08,U052
4527b9e9,yuri@emmaleh.com,b3269088,1834,8/6/2024,,"Moving (Hovala) , Regualr Fridge"," ₪2,010.00",,,Purchases_Files_/4527b9e9.Cheshbonit Vendor.073331.pdf,,,,,2024-08,U052
54669670,yuri@emmaleh.com,b3269090,186dafa2a,8/6/2024,,OFFICE RENT," ₪2,488.70",,,Purchases_Files_/54669670.Cheshbonit Vendor.100204.pdf,,,,,2024-08,U094
723e84bc,yuri@emmaleh.com,6ad09e4d,186dafa2a,8/15/2024,,Food for Yuri, ₪43.00,,,Purchases_Files_/723e84bc.Cheshbonit Vendor.092808.425_66bdd1cbd9b20628e0707087.pdf,,,,,2024-08,U094
d1466cfa,yuri@emmaleh.com,b3269088,1922,8/20/2024,,Electric Burners, ₪260.10,,,Purchases_Images/d1466cfa.Cheshbonit Vendor.065756.jpg,,,,,2024-08,U095
1bf6b2e7,yuri@emmaleh.com,b3269088,1729,8/26/2024,,"Moving (Hovala) , Electric Burners , WM Side Door"," ₪1,712.10",,,Purchases_Files_/1bf6b2e7.Cheshbonit Vendor.092707.pdf,,,,,2024-08,U052
665b6926,holdings.office1@gmail.com,fb4521e2,1f59ee08d,8/18/2024,0-580910,חשבון חשמל, ₪59.34,8/18/2024,15.5-9.7,Purchases_Files_/665b6926.Cheshbonit Vendor.062243.34.pdf,,,,,2024-08,U095
94b61bb5,holdings.office1@gmail.com,fb4521e2,2060,8/18/2024,0-743997,חשבון חשמל, ₪17.37,8/18/2024,10.7-30.7,Purchases_Files_/94b61bb5.Cheshbonit Vendor.062350.37.pdf,,,,,2024-08,U097
cf22d4cc,holdings.office1@gmail.com,fb4521e2,1721,8/19/2024,0-159152,חשבון חשמל, ₪58.17,8/19/2024,15.6-13.8,Purchases_Files_/cf22d4cc.Cheshbonit Vendor.062443.17.pdf,,,,,2024-08,U052
b754d08a,holdings.office1@gmail.com,0596564a,2060,8/19/2024,0-523861,חשבון גז, ₪52.40,8/19/2024,6-7/8/24,Purchases_Files_/b754d08a.Cheshbonit Vendor.062540.40.pdf,,,,,2024-08,U097
83fbb338,holdings.office1@gmail.com,0596564a,0917,8/19/2024,0-006296,חשבון גז, ₪171.88,8/19/2024,"5-6/24, שולם בשם הדייר לבקשת יורי",Purchases_Files_/83fbb338.Cheshbonit Vendor.062636.88.pdf,,,,,2024-08,
2ca8268a,holdings.office1@gmail.com,fb4521e2,2805,8/19/2024,0-042267,חשבון חשמל, ₪577.24,8/19/2024,שולם לבקשת יורי הדיירים העבירו כסף,Purchases_Files_/2ca8268a.Cheshbonit Vendor.062737.24.pdf,,,,,2024-08,U102
52e08f7e,holdings.office1@gmail.com,9a38660a,2702,8/21/2024,6627654,ארנונה, ₪746.40,8/21/2024,7-8/24,Purchases_Files_/52e08f7e.Cheshbonit Vendor.062835.4.pdf,,,,,2024-08,U097
a78045fd,holdings.office1@gmail.com,9a38660a,1709,8/21/2024,6627651,ארנונה," ₪1,224.80",8/21/2024,"""204
201
202
203"" 
עבור חודשים 7-8/24",Purchases_Files_/a78045fd.Cheshbonit Vendor.062944.80.pdf,,,,,2024-08,U052
26afb36e,holdings.office1@gmail.com,9a38660a,1f59ee08d,8/21/2024,6627649,ארנונה," ₪16,961.70",8/21/2024,7-8/24,Purchases_Files_/26afb36e.Cheshbonit Vendor.063101.70.pdf,,,,,2024-08,U095
61b3db85,holdings.office1@gmail.com,9a38660a,3010,8/21/2024,6627650,ארנונה," ₪7,935.40",8/21/2024,7-8/24,Purchases_Files_/61b3db85.Cheshbonit Vendor.063204.4.pdf,,,,,2024-08,U102
86e1bec6,holdings.office1@gmail.com,fb4521e2,1834,8/22/2024,0-764050,חשבון חשמל, ₪97.89,8/22/2024,10.7-13.8,Purchases_Files_/86e1bec6.Cheshbonit Vendor.063303.89.pdf,,,,,2024-08,U052
62c51929,holdings.office1@gmail.com,fb4521e2,2130,8/26/2024,0-993774,חשבון חשמל, ₪60.41,8/26/2024,9.7-19.8,Purchases_Files_/62c51929.Cheshbonit Vendor.063847.41.pdf,,,,,2024-08,U097
961f4f81,holdings.office1@gmail.com,0596564a,2047,8/26/2024,273433,חשבון גז, ₪78.80,8/26/2024,6-7/24,Purchases_Files_/961f4f81.Cheshbonit Vendor.064039.8.pdf,,,,,2024-08,U095
38951ced,holdings.office1@gmail.com,0596564a,2031,8/26/2024,317529,חשבון גז, ₪52.11,8/26/2024,6-7/24,Purchases_Files_/38951ced.Cheshbonit Vendor.064227.11.pdf,,,,,2024-08,U095
8dd6ab3f,holdings.office1@gmail.com,0596564a,2038,8/26/2024,336859,חשבון גז, ₪39.31,8/26/2024,6-7/24,Purchases_Files_/8dd6ab3f.Cheshbonit Vendor.064323.31.pdf,,,,,2024-08,U095
251e040c,holdings.office1@gmail.com,0596564a,3225,8/26/2024,374355,חשבון גז, ₪39.31,8/26/2024,6-7/24,Purchases_Files_/251e040c.Cheshbonit Vendor.064431.31.pdf,,,,,2024-08,U102
6f3514e1,holdings.office1@gmail.com,0596564a,3220,8/26/2024,398842,חשבון גז, ₪39.31,8/26/2024,6-7/24,Purchases_Files_/6f3514e1.Cheshbonit Vendor.065230.31.pdf,,,,,2024-08,U102
317a6b07,holdings.office1@gmail.com,0596564a,3205,8/26/2024,421214,חשבון גז, ₪60.69,8/26/2024,6-7/24,Purchases_Files_/317a6b07.Cheshbonit Vendor.065342.69.pdf,,,,,2024-08,U102
3ecb2e62,holdings.office1@gmail.com,fb4521e2,0443,8/27/2024,0476887,חשבון חשמל, ₪73.31,8/27/2024,10.7-20.8,Purchases_Files_/3ecb2e62.Cheshbonit Vendor.070812.31.pdf,,,,,2024-08,
6b4dc143,yuri@emmaleh.com,b3269088,0917,9/3/2024,,Toaster Oven, ₪349.00,,,Purchases_Files_/6b4dc143.Cheshbonit Vendor.092807.pdf,,,,,2024-09,
a9ac5f0e,yuri@emmaleh.com,b3269090,186dafa2a,9/5/2024,,OFFICE RENT," ₪2,488.70",,,Purchases_Files_/a9ac5f0e.Cheshbonit Vendor.082736.pdf,,,,,2024-09,U094
490baa93,holdings.office1@gmail.com,fc46cf6f,927,8/27/2024,0-113092,חשבון מים, ₪149.12,8/27/2024,שולם עבור צריכה משותפת גבוהה באישור יורי,Purchases_Files_/490baa93.Cheshbonit Vendor.083949.12.pdf,,,,,2024-08,U102
ebbc2ef7,holdings.office1@gmail.com,fb4521e2,1308,8/28/2024,0-378067,חשבון חשמל, ₪70.94,8/28/2024,10.7-25.8,Purchases_Files_/ebbc2ef7.Cheshbonit Vendor.084124.94.pdf,,,,,2024-08,
8f1ccde3,holdings.office1@gmail.com,fb4521e2,1817,9/3/2024,0-454777,חשבון חשמל, ₪44.64,9/3/2024,6.8-30.8,Purchases_Files_/8f1ccde3.Cheshbonit Vendor.091355.64.pdf,,,,,2024-09,U052
7f5db1c9,holdings.office1@gmail.com,0596564a,1817,9/3/2024,0-148841,חשבון גז, ₪26.92,9/3/2024,גמר חשבון,Purchases_Files_/7f5db1c9.Cheshbonit Vendor.095237.92.pdf,,,,,2024-09,U052
6e461b67,holdings.office1@gmail.com,0596564a,2060,9/4/2024,524221,חשבון גז, ₪11.15,9/4/2024,גמר חשבון,Purchases_Files_/6e461b67.Cheshbonit Vendor.102846.15.pdf,,,,,2024-09,U097
baaf0982,holdings.office1@gmail.com,fb4521e2,2118,9/5/2024,0-785204,חשבון חשמל, ₪81.14,9/5/2024,9.7-3.9,Purchases_Files_/baaf0982.Cheshbonit Vendor.102946.14.pdf,,,,,2024-09,U097
fc5e2c69,holdings.office1@gmail.com,fb4521e2,0917,9/5/2024,0-720599,חשבון חשמל, ₪231.85,9/5/2024,10.7-3.9,Purchases_Files_/fc5e2c69.Cheshbonit Vendor.103049.85.pdf,,,,,2024-09,
29b9d347,holdings.office1@gmail.com,fb4521e2,3013,9/5/2024,0-796276,חשבון חשמל," ₪1,014.96",9/5/2024,9.7-3.9,Purchases_Files_/29b9d347.Cheshbonit Vendor.103232.96.pdf,,,,,2024-09,U102
32ba712d,holdings.office1@gmail.com,fb4521e2,2120,9/5/2024,0-872481,חשבון חשמל, ₪276.35,9/5/2024,9.7-3.9,Purchases_Files_/32ba712d.Cheshbonit Vendor.103353.35.pdf,,,,,2024-09,U097
e4c78490,holdings.office1@gmail.com,0596564a,1304,9/8/2024,,חשבון גז, ₪700.00,9/8/2024,2 בלוני גז קטנים והתקנה,Purchases_Files_/e4c78490.Cheshbonit Vendor.103447.pdf,,,,,2024-09,
c2e15aaf,holdings.office1@gmail.com,0596564a,1304,9/8/2024,,חשבון גז, ₪230.00,9/8/2024,התאמת כיריים,Purchases_Files_/c2e15aaf.Cheshbonit Vendor.103542.pdf,,,,,2024-09,
62e5f6d7,holdings.office1@gmail.com,0596564a,1721,9/8/2024,,חשבון גז, ₪470.00,9/8/2024,התקנת מונה גז,Purchases_Files_/62e5f6d7.Cheshbonit Vendor.103647.pdf,,,,,2024-09,U052
96622388,holdings.office1@gmail.com,0596564a,2025,9/8/2024,105007,חשבון גז, ₪64.86,9/8/2024,6/24-1/9,Purchases_Files_/96622388.Cheshbonit Vendor.103757.86.pdf,,,,,2024-09,U095
5351d9fd,holdings.office1@gmail.com,fb4521e2,1f59ee08d,9/8/2024,0426668,חשבון חשמל, ₪51.30,9/8/2024,10.7-4.9,Purchases_Files_/5351d9fd.Cheshbonit Vendor.103914.30.pdf,,,,,2024-09,U095
1db65d9a,holdings.office1@gmail.com,fb4521e2,1f59ee08d,9/8/2024,0467126,חשבון חשמל, ₪51.30,9/8/2024,10.7-4.9,Purchases_Files_/1db65d9a.Cheshbonit Vendor.104541.30 2.pdf,,,,,2024-09,U095
dfd84daf,holdings.office1@gmail.com,fb4521e2,0939,9/8/2024,0527911,חשבון חשמל, ₪68.89,9/8/2024,10.7-4.9,Purchases_Files_/dfd84daf.Cheshbonit Vendor.105202.89.pdf,,,,,2024-09,
27d5a750,holdings.office1@gmail.com,fb4521e2,1822,9/8/2024,0663195,חשבון חשמל, ₪77.84,9/8/2024,28.7-4.9,Purchases_Files_/27d5a750.Cheshbonit Vendor.105539.84.pdf,,,,,2024-09,U052
1428e27c,holdings.office1@gmail.com,fb4521e2,1825,9/8/2024,0758326,חשבון חשמל, ₪58.22,9/8/2024,10.7-4.9,Purchases_Files_/1428e27c.Cheshbonit Vendor.105639.22.pdf,,,,,2024-09,U052
c22742a5,holdings.office1@gmail.com,fb4521e2,2023,9/8/2024,0876714,חשבון חשמל, ₪568.23,9/8/2024,10.7-4.9,Purchases_Files_/c22742a5.Cheshbonit Vendor.110129.23.pdf,,,,,2024-09,U095
b5c954d9,holdings.office1@gmail.com,fb4521e2,1f59ee08d,9/8/2024,0557553,חשבון חשמל, ₪51.25,9/8/2024,10.7-4.9,Purchases_Files_/b5c954d9.Cheshbonit Vendor.110455.25.pdf,,,,,2024-09,U095
0a379857,holdings.office1@gmail.com,fb4521e2,1f59ee08d,9/8/2024,0611327,חשבון חשמל, ₪79.47,9/8/2024,1.3-4.9,Purchases_Files_/0a379857.Cheshbonit Vendor.111653.47.pdf,,,,,2024-09,U095
451bd049,holdings.office1@gmail.com,fb4521e2,1816,9/8/2024,0696120,חשבון חשמל, ₪838.61,9/8/2024,10.7-4.9,Purchases_Files_/451bd049.Cheshbonit Vendor.111924.61.pdf,,,,,2024-09,U052
7f38497e,holdings.office1@gmail.com,fb4521e2,1722,9/8/2024,0739300,חשבון חשמל, ₪97.19,9/8/2024,14.5-4.9,Purchases_Files_/7f38497e.Cheshbonit Vendor.112036.19.pdf,,,,,2024-09,U052
fc5df2a3,holdings.office1@gmail.com,fb4521e2,2008,9/8/2024,0139394,חשבון חשמל, ₪78.00,9/8/2024,13.6-4.9,Purchases_Files_/fc5df2a3.Cheshbonit Vendor.112151.pdf,,,,,2024-09,U095
e9ab0547,holdings.office1@gmail.com,fb4521e2,2025,9/8/2024,0697847,חשבון חשמל, ₪137.49,9/8/2024,10.7-4.9,Purchases_Files_/e9ab0547.Cheshbonit Vendor.112256.49.pdf,,,,,2024-09,U095
ce1f9606,holdings.office1@gmail.com,fb4521e2,1909,9/8/2024,0118414,חשבון חשמל, ₪125.19,9/8/2024,10.7-4.9,Purchases_Files_/ce1f9606.Cheshbonit Vendor.112936.19.pdf,,,,,2024-09,U094
43253932,holdings.office1@gmail.com,fb4521e2,1723,9/8/2024,0185645,חשבון חשמל, ₪266.53,9/8/2024,10.7-4.9,Purchases_Files_/43253932.Cheshbonit Vendor.113050.53.pdf,,,,,2024-09,U052
d1a2a8cd,holdings.office1@gmail.com,fb4521e2,3220,9/9/2024,0476622,חשבון חשמל, ₪106.14,9/9/2024,11.7-5.9,Purchases_Files_/d1a2a8cd.Cheshbonit Vendor.113207.14.pdf,,,,,2024-09,U102
584e44ad,holdings.office1@gmail.com,fb4521e2,3008,9/9/2024,0649418,חשבון חשמל, ₪676.39,9/9/2024,9.7-3.9,Purchases_Files_/584e44ad.Cheshbonit Vendor.113643.39.pdf,,,,,2024-09,U102
57e82cbe,holdings.office1@gmail.com,fb4521e2,3217,9/9/2024,0771063,חשבון חשמל," ₪1,285.34",9/9/2024,11.7-5.9,Purchases_Files_/57e82cbe.Cheshbonit Vendor.113747.34.pdf,,,,,2024-09,U102
93553962,holdings.office1@gmail.com,0596564a,1722,7/10/2024,0-824177,חשבון גז, ₪85.76,9/10/2024,1.7--5.9,Purchases_Files_/93553962.Cheshbonit Vendor.113856.76.pdf,,,,,2024-07,U052
9b1a4a92,yuri@emmaleh.com,b3269088,2050,9/17/2024,,"Moving (Hovala) , Electric Burners , WM Top Door"," ₪1,668.70",,,Purchases_Images/9b1a4a92.Cheshbonit Vendor.104839.jpg,,,,,2024-09,U095
babbcc90,yuri@emmaleh.com,b3269090,186dafa2a,10/6/2024,,OFFICE RENT," ₪2,493.61",,,Purchases_Files_/babbcc90.Cheshbonit Vendor.065459.pdf,,,,,2024-10,U094
026aa1cf,holdings.office1@gmail.com,fb4521e2,1722,9/10/2024,0-922104,חשבון חשמל, ₪1.66,9/10/2024,5.9-5.9,Purchases_Files_/026aa1cf.Cheshbonit Vendor.070229.66.pdf,,,,,2024-09,U052
ff782843,holdings.office1@gmail.com,fc46cf6f,1724,9/16/2024,0-038331,חשבון מים, ₪197.62,9/16/2024,"204
202
203
6-7/24 מים עבור כל רוקון",Purchases_Files_/ff782843.Cheshbonit Vendor.070401.62.pdf,,,,,2024-09,U052
af4da0de,holdings.office1@gmail.com,fc46cf6f,3010,9/16/2024,0-992842,חשבון מים," ₪2,729.24",9/16/2024,6-7/24,Purchases_Files_/af4da0de.Cheshbonit Vendor.074212.24.pdf,,,,,2024-09,U102
0f0b8c5f,holdings.office1@gmail.com,fc46cf6f,1f59ee08d,9/16/2024,315960,חשבון מים," ₪6,392.43",9/16/2024,6-7/24,Purchases_Files_/0f0b8c5f.Cheshbonit Vendor.070859.43.pdf,,,,,2024-09,U095
7e5e25a7,holdings.office1@gmail.com,fc46cf6f,2702,9/16/2024,0-5560011,חשבון מים, ₪627.47,9/16/2024,6-7/24,Purchases_Files_/7e5e25a7.Cheshbonit Vendor.071011.47.pdf,,,,,2024-09,U097
e9fdd3d3,holdings.office1@gmail.com,0596564a,1715,9/18/2024,,חשבון גז, ₪470.00,9/18/2024,התקנת מונה,Purchases_Files_/e9fdd3d3.Cheshbonit Vendor.071115.pdf,,,,,2024-09,U052
ae1fa1b4,holdings.office1@gmail.com,fb4521e2,2115,9/18/2024,,חשבון חשמל, ₪36.09,9/18/2024,14.8-5.9,Purchases_Files_/ae1fa1b4.Cheshbonit Vendor.071225.09.pdf,,,,,2024-09,U097
25280861,holdings.office1@gmail.com,fb4521e2,2013,9/18/2024,,חשבון חשמל, ₪6.26,9/18/2024,שולם לבקשת יורי,Purchases_Files_/25280861.Cheshbonit Vendor.071325.26.pdf,,,,,2024-09,U095
bbbfe593,holdings.office1@gmail.com,fb4521e2,2009,9/25/2024,,חשבון חשמל, ₪49.48,9/25/2024,23.8-18.9,Purchases_Files_/bbbfe593.Cheshbonit Vendor.071431.48.pdf,,,,,2024-09,U095
cf04db59,holdings.office1@gmail.com,fb4521e2,1413,9/26/2024,0-023564,חשבון חשמל, ₪9.70,9/26/2024,1.8-7.9,Purchases_Files_/cf04db59.Cheshbonit Vendor.071532.70.pdf,,,,,2024-09,U052
cace14d8,holdings.office1@gmail.com,fb4521e2,1304,9/29/2024,0-190801,חשבון חשמל, ₪107.44,9/29/2024,1.6-31.7,Purchases_Files_/cace14d8.Cheshbonit Vendor.071623.44.pdf,,,,,2024-09,
f971df9f,holdings.office1@gmail.com,0596564a,435,9/30/2024,0934554,חשבון גז, ₪103.79,9/30/2024,18.7-18.9,Purchases_Files_/f971df9f.Cheshbonit Vendor.071734.79.pdf,,,,,2024-09,U102
31368691,holdings.office1@gmail.com,0596564a,0953,9/30/2024,0319566,חשבון גז, ₪110.64,9/30/2024,18.7-18.9,Purchases_Files_/31368691.Cheshbonit Vendor.071911.64.pdf,,,,,2024-09,
40a0a331,holdings.office1@gmail.com,0596564a,0914,9/30/2024,0551887,חשבון גז, ₪81.27,9/30/2024,18.7-18.9,Purchases_Files_/40a0a331.Cheshbonit Vendor.072005.27.pdf,,,,,2024-09,
6b700bb0,holdings.office1@gmail.com,0596564a,2626,9/30/2024,0676320,חשבון גז, ₪254.10,9/30/2024,18.7-18.9,Purchases_Files_/6b700bb0.Cheshbonit Vendor.072405.10.pdf,,,,,2024-09,U097
9a84555d,holdings.office1@gmail.com,0596564a,1909,9/30/2024,0768432,חשבון גז, ₪69.70,9/30/2024,18.7-18.9,Purchases_Files_/9a84555d.Cheshbonit Vendor.073702.70.pdf,,,,,2024-09,U094
5a03be06,holdings.office1@gmail.com,0596564a,2614,9/30/2024,0240234,חשבון גז, ₪123.64,9/30/2024,18.7-18.9,Purchases_Files_/5a03be06.Cheshbonit Vendor.074511.64.pdf,,,,,2024-09,U097
7f0bd472,holdings.office1@gmail.com,0596564a,1405,9/30/2024,0123117,חשבון גז, ₪155.10,9/30/2024,18.7-18.9,Purchases_Files_/7f0bd472.Cheshbonit Vendor.074636.10.pdf,,,,,2024-09,U052
17c9b39c,holdings.office1@gmail.com,0596564a,2642,9/30/2024,0307934,חשבון גז, ₪114.97,9/30/2024,18.7-18.9,Purchases_Files_/17c9b39c.Cheshbonit Vendor.074736.97.pdf,,,,,2024-09,U097
520181d7,holdings.office1@gmail.com,0596564a,0424,9/30/2024,0758839,חשבון גז, ₪269.51,9/30/2024,18.7-18.9,Purchases_Files_/520181d7.Cheshbonit Vendor.074844.51.pdf,,,,,2024-09,
1e1fa803,holdings.office1@gmail.com,0596564a,0413,9/30/2024,0856963,חשבון גז, ₪214.15,9/30/2024,18.7-18.9,Purchases_Files_/1e1fa803.Cheshbonit Vendor.074937.15.pdf,,,,,2024-09,
751bec14,holdings.office1@gmail.com,0596564a,1922,9/30/2024,0988162,חשבון גז, ₪69.70,9/30/2024,18.7-18.9,Purchases_Files_/751bec14.Cheshbonit Vendor.075033.70.pdf,,,,,2024-09,U095
e8dba419,holdings.office1@gmail.com,0596564a,1841,9/30/2024,0557462,חשבון גז, ₪223.30,9/30/2024,18.7-18.9,Purchases_Files_/e8dba419.Cheshbonit Vendor.075132.30.pdf,,,,,2024-09,U061
fe1412dd,holdings.office1@gmail.com,0596564a,0917,9/30/2024,0396812,חשבון גז, ₪206.93,9/30/2024,18.7-18.9,Purchases_Files_/fe1412dd.Cheshbonit Vendor.075221.93.pdf,,,,,2024-09,
6c5b0b6a,holdings.office1@gmail.com,0596564a,0416,9/30/2024,0594168,חשבון גז, ₪67.29,9/30/2024,18.7-18.9,Purchases_Files_/6c5b0b6a.Cheshbonit Vendor.075319.29.pdf,,,,,2024-09,
f7e254c6,holdings.office1@gmail.com,0596564a,2008,10/6/2024,21618,חשבון גז, ₪50.05,10/6/2024,8-9/24,Purchases_Files_/f7e254c6.Cheshbonit Vendor.075439.05.pdf,,,,,2024-10,U095
bcb468ad,holdings.office1@gmail.com,0596564a,0939,10/7/2024,0-145292,חשבון גז, ₪58.77,10/7/2024,18/7-18/9,Purchases_Files_/bcb468ad.Cheshbonit Vendor.075648.77.pdf,,,,,2024-10,
2979a7ae,holdings.office1@gmail.com,fb4521e2,2008,10/8/2024,0-636126,חשבון חשמל, ₪25.81,10/8/2024,5.9-29.9,Purchases_Files_/2979a7ae.Cheshbonit Vendor.075759.81.pdf,,,,,2024-10,U095
d6ef6d9f,yuri@emmaleh.com,b3269088,0920,10/18/2024,,Microwave, ₪284.00,,,Purchases_Images/d6ef6d9f.Cheshbonit Vendor.100608.jpg,,,,,2024-10,
2f1f7bf9,yuri@emmaleh.com,b3269088,3234,10/30/2024,,Microwave, ₪249.00,,,Purchases_Images/2f1f7bf9.Cheshbonit Vendor.100701.jpg,,,,,2024-10,U102
70421b61,yuri@emmaleh.com,2575a173,3234,10/30/2024,,Couch Covers, ₪179.00,,,Purchases_Files_/70421b61.Cheshbonit Vendor.141951.pdf,,,,,2024-10,U102
fed6b7d8,yuri@emmaleh.com,b3269088,3234,11/4/2024,,"Moving (Hovala) , WM Top Door"," ₪1,660.00",,,Purchases_Images/fed6b7d8.Cheshbonit Vendor.100908.jpg,,,,,2024-11,U102
799e6e00,yuri@emmaleh.com,b3269090,186dafa2a,11/6/2024,,OFFICE RENT," ₪2,488.70",,,Purchases_Files_/799e6e00.Cheshbonit Vendor.104237.pdf,,,,,2024-11,U094
9dcc0246,yuri@emmaleh.com,5d50e1a6,2805,11/7/2024,,"Moving (Hovala) , Small Couch", ₪795.00,,,Purchases_Images/9dcc0246.Cheshbonit Vendor.132408.jpg,,,,,2024-11,U102
36eb1e8f,yuri@emmaleh.com,5d50e1a6,1826,11/7/2024,,Misc, ₪565.00,,,Purchases_Images/36eb1e8f.Cheshbonit Vendor.132458.jpg,,,,,2024-11,U052
18b22f12,holdings.office1@gmail.com,fb4521e2,1432,10/9/2024,0-177972,חשבון חשמל, ₪56.40,10/9/2024,22.9-7.10,Purchases_Files_/18b22f12.Cheshbonit Vendor.064756.40.pdf,,,,,2024-10,U052
c25adddf,holdings.office1@gmail.com,fb4521e2,1825,10/9/2024,0-330183,חשבון חשמל, ₪6.84,10/9/2024,5.9-13.9,Purchases_Files_/c25adddf.Cheshbonit Vendor.064910.84.pdf,,,,,2024-10,U052
509a762f,holdings.office1@gmail.com,fb4521e2,2060,10/15/2024,0-817023,חשבון חשמל, ₪33.32,10/15/2024,6.9-29.9,Purchases_Files_/509a762f.Cheshbonit Vendor.065027.32.pdf,,,,,2024-10,U097
58cc5a0c,holdings.office1@gmail.com,fb4521e2,2054,10/15/2024,0-899823,חשבון חשמל, ₪76.46,10/15/2024,10.7-29.9,Purchases_Files_/58cc5a0c.Cheshbonit Vendor.070149.46.pdf,,,,,2024-10,U095
99aa616e,holdings.office1@gmail.com,fb4521e2,1729,10/27/2024,0-594077,חשבון חשמל, ₪178.66,10/27/2024,14.5-4.9,Purchases_Files_/99aa616e.Cheshbonit Vendor.070301.66.pdf,,,,,2024-10,U052
4d6d82f9,holdings.office1@gmail.com,0596564a,2626,10/28/2024,172623,חשבון גז, ₪86.26,10/28/2024,8-9/24,Purchases_Files_/4d6d82f9.Cheshbonit Vendor.070639.26.pdf,,,,,2024-10,U097
8b123159,holdings.office1@gmail.com,0596564a,2031,10/28/2024,172625,חשבון גז, ₪99.06,10/28/2024,8-9/24,Purchases_Files_/8b123159.Cheshbonit Vendor.070737.06.pdf,,,,,2024-10,U095
75ebbc71,holdings.office1@gmail.com,0596564a,2038,10/28/2024,172630,חשבון גז, ₪39.31,10/28/2024,8-9/24,Purchases_Files_/75ebbc71.Cheshbonit Vendor.070921.31 8-9.pdf,,,,,2024-10,U095
95573b5d,holdings.office1@gmail.com,0596564a,3225,10/28/2024,172632,חשבון גז, ₪39.31,10/28/2024,8-9/24,Purchases_Files_/95573b5d.Cheshbonit Vendor.071015.31 8-9.pdf,,,,,2024-10,U102
5fd14534,holdings.office1@gmail.com,0596564a,3220,10/28/2024,172634,חשבון גז, ₪39.31,10/28/2024,8-9/24,Purchases_Files_/5fd14534.Cheshbonit Vendor.071118.31.pdf,,,,,2024-10,U102
075e2d2d,holdings.office1@gmail.com,0596564a,3205,10/28/2024,172637,חשבון גז, ₪82.06,10/28/2024,8-9/24,Purchases_Files_/075e2d2d.Cheshbonit Vendor.071259.06.pdf,,,,,2024-10,U102
ff7344c2,holdings.office1@gmail.com,fc46cf6f,0920,10/28/2024,0-873000,חשבון מים, ₪154.00,10/28/2024,שולם עבור צריכה גבוהה במשותפת,Purchases_Files_/ff7344c2.Cheshbonit Vendor.071536.pdf,,,,,2024-10,
2baa99c1,holdings.office1@gmail.com,9a38660a,3220,10/29/2024,0-456228,ארנונה, ₪371.00,10/29/2024,9-10/24,Purchases_Files_/2baa99c1.Cheshbonit Vendor.071732.pdf,,,,,2024-10,U102
935598b3,holdings.office1@gmail.com,9a38660a,2702,10/29/2024,0-581801,ארנונה, ₪711.60,10/29/2024,9-10/24,Purchases_Files_/935598b3.Cheshbonit Vendor.071921.60.pdf,,,,,2024-10,U097
e26df7a8,holdings.office1@gmail.com,9a38660a,3010,10/29/2024,0-77461,ארנונה," ₪9,826.60",10/29/2024,9-10/24,Purchases_Files_/e26df7a8.Cheshbonit Vendor.072357.60.pdf,,,,,2024-10,U102
fcd29051,holdings.office1@gmail.com,9a38660a,1f59ee08d,10/29/2024,0-298554,ארנונה," ₪16,654.40",10/29/2024,9-10/24,Purchases_Files_/fcd29051.Cheshbonit Vendor.072508.40.pdf,,,,,2024-10,U095
65aafac5,holdings.office1@gmail.com,fb4521e2,1330,11/5/2024,0-609230,חשבון חשמל, ₪67.66,11/5/2024,6.9-29.10,Purchases_Files_/65aafac5.Cheshbonit Vendor.072618.66.pdf,,,,,2024-11,
f9342f80,holdings.office1@gmail.com,fc46cf6f,3220,11/6/2024,0-772830,חשבון מים, ₪25.11,11/6/2024,8-9/24,Purchases_Files_/f9342f80.Cheshbonit Vendor.072752.11.pdf,,,,,2024-11,U102
ebda2d62,holdings.office1@gmail.com,fc46cf6f,2702,11/6/2024,0-114314,חשבון מים, ₪735.19,11/6/2024,8-9/24,Purchases_Files_/ebda2d62.Cheshbonit Vendor.072855.19.pdf,,,,,2024-11,U097
aebb3e17,holdings.office1@gmail.com,fb4521e2,3013,11/10/2024,0-965095,חשבון חשמל, ₪726.16,11/10/2024,4.9-6.11,Purchases_Files_/aebb3e17.Cheshbonit Vendor.072949.16.pdf,,,,,2024-11,U102
1a73bec1,holdings.office1@gmail.com,fb4521e2,2115,11/10/2024,0-061499,חשבון חשמל, ₪126.30,11/10/2024,6.9-6.11,Purchases_Files_/1a73bec1.Cheshbonit Vendor.073046.30.pdf,,,,,2024-11,U097
9bbc8160,holdings.office1@gmail.com,fb4521e2,2118,11/10/2024,0-143636,חשבון חשמל, ₪207.07,11/10/2024,4.9-6.11,Purchases_Files_/9bbc8160.Cheshbonit Vendor.073138.07.pdf,,,,,2024-11,U097
e5d20422,holdings.office1@gmail.com,fb4521e2,2120,11/10/2024,0-291054,חשבון חשמל, ₪383.89,11/10/2024,4.9-6.11,Purchases_Files_/e5d20422.Cheshbonit Vendor.073226.89.pdf,,,,,2024-11,U097
6863a24a,holdings.office1@gmail.com,fb4521e2,3008,11/11/2024,0631556,חשבון חשמל, ₪582.37,11/11/2024,4.9-6.11,Purchases_Files_/6863a24a.Cheshbonit Vendor.073329.37.pdf,,,,,2024-11,U102
e9d126ef,holdings.office1@gmail.com,fb4521e2,3220,11/11/2024,0707125,חשבון חשמל, ₪112.64,11/11/2024,6.9-7.11,Purchases_Files_/e9d126ef.Cheshbonit Vendor.073441.64.pdf,,,,,2024-11,U102
db196021,holdings.office1@gmail.com,fb4521e2,2023,11/11/2024,0880716,חשבון חשמל, ₪278.20,11/11/2024,5.9-7.11,Purchases_Files_/db196021.Cheshbonit Vendor.073535.20.pdf,,,,,2024-11,U095
54e7cd4c,holdings.office1@gmail.com,fb4521e2,0939,11/11/2024,0359638,חשבון חשמל, ₪55.14,11/11/2024,5.9-7.11,Purchases_Files_/54e7cd4c.Cheshbonit Vendor.073712.14.pdf,,,,,2024-11,
8f3c363b,holdings.office1@gmail.com,fb4521e2,3222,11/11/2024,0799452,חשבון חשמל, ₪262.84,11/11/2024,11.7-7.11,Purchases_Files_/8f3c363b.Cheshbonit Vendor.073920.84.pdf,,,,,2024-11,U102
a6145b14,holdings.office1@gmail.com,fb4521e2,3217,11/11/2024,0578401,חשבון חשמל, ₪867.84,11/11/2024,6.9-7.11,Purchases_Files_/a6145b14.Cheshbonit Vendor.074037.84.pdf,,,,,2024-11,U102
0760d611,holdings.office1@gmail.com,fb4521e2,1729,11/12/2024,0180794,חשבון חשמל, ₪356.24,11/12/2024,5.9-7.11,Purchases_Files_/0760d611.Cheshbonit Vendor.084539.24.pdf,,,,,2024-11,U052
774526d9,yuri@emmaleh.com,b3269088,1826,11/17/2024,,"WM Side Door , Moving (Hovala)"," ₪1,150.00",,,Purchases_Images/774526d9.Cheshbonit Vendor.100951.jpg,,,,,2024-11,U052
d89895dc,yuri@emmaleh.com,b3269088,3234,11/17/2024,,"Moving (Hovala) , Regualr Fridge"," ₪1,219.00",,,Purchases_Images/d89895dc.Cheshbonit Vendor.101101.jpg,,,,,2024-11,U102
82babd23,holdings.office1@gmail.com,fb4521e2,1729,11/12/2024,0180794,חשבון חשמל, ₪356.24,11/12/2024,5.9-7.11,Purchases_Files_/82babd23.Cheshbonit Vendor.064031.24.pdf,,,,,2024-11,U052
225a0170,holdings.office1@gmail.com,fb4521e2,0416,11/12/2024,0610436,חשבון חשמל, ₪99.65,11/12/2024,10.7-7.11,Purchases_Files_/225a0170.Cheshbonit Vendor.064209.65.pdf,,,,,2024-11,
6bd8743e,holdings.office1@gmail.com,fb4521e2,1909,11/12/2024,0647875,חשבון חשמל, ₪114.74,11/12/2024,5.9-7.11,Purchases_Files_/6bd8743e.Cheshbonit Vendor.064404.74.pdf,,,,,2024-11,U094
0d8ce4d1,holdings.office1@gmail.com,fb4521e2,1f59ee08d,11/12/2024,0276840,חשבון חשמל, ₪77.56,11/12/2024,5.9-7.11,Purchases_Files_/0d8ce4d1.Cheshbonit Vendor.064633.56.pdf,,,,,2024-11,U095
3affb3db,holdings.office1@gmail.com,fb4521e2,1f59ee08d,11/12/2024,0378067,חשבון חשמל, ₪77.56,11/12/2024,5.9-7.11,Purchases_Files_/3affb3db.Cheshbonit Vendor.064743.56 9-11.pdf,,,,,2024-11,U095
4170b73b,holdings.office1@gmail.com,fb4521e2,1f59ee08d,11/12/2024,0472282,חשבון חשמל, ₪77.56,11/12/2024,5.9-7.11,Purchases_Files_/4170b73b.Cheshbonit Vendor.064942.56.pdf,,,,,2024-11,U095
34f0f454,holdings.office1@gmail.com,fb4521e2,1f59ee08d,11/12/2024,0598698,חשבון חשמל, ₪77.56,11/12/2024,5.9-7.11,Purchases_Files_/34f0f454.Cheshbonit Vendor.065050.56.pdf,,,,,2024-11,U095
aba30a40,holdings.office1@gmail.com,fb4521e2,3242,11/12/2024,0687350,חשבון חשמל, ₪98.77,11/12/2024,11.7-7.11,Purchases_Files_/aba30a40.Cheshbonit Vendor.065156.77.pdf,,,,,2024-11,U102
abca3a19,holdings.office1@gmail.com,fb4521e2,2606,11/12/2024,0725382,חשבון חשמל, ₪98.77,11/12/2024,11.7-7.11,Purchases_Files_/abca3a19.Cheshbonit Vendor.065255.77.pdf,,,,,2024-11,U097
8e2f6075,holdings.office1@gmail.com,fb4521e2,2013,11/13/2024,0534651,חשבון חשמל, ₪9.70,11/13/2024,9.11-10.11,Purchases_Files_/8e2f6075.Cheshbonit Vendor.065350.70.pdf,,,,,2024-11,U095
139f7270,holdings.office1@gmail.com,fb4521e2,1822,11/14/2024,0885087,חשבון חשמל, ₪102.46,11/14/2024,5.9-7.11,Purchases_Files_/139f7270.Cheshbonit Vendor.065629.46.pdf,,,,,2024-11,U052
e000e25f,holdings.office1@gmail.com,fb4521e2,0443,11/14/2024,0976696,חשבון חשמל, ₪99.87,11/14/2024,5.10-7.11,Purchases_Files_/e000e25f.Cheshbonit Vendor.065816.87.pdf,,,,,2024-11,
9d7f0fbb,holdings.office1@gmail.com,fb4521e2,1332,11/14/2024,0231944,חשבון חשמל, ₪59.14,11/14/2024,1.10-7.11,Purchases_Files_/9d7f0fbb.Cheshbonit Vendor.070100.14.pdf,,,,,2024-11,U052
701b7d6b,holdings.office1@gmail.com,fb4521e2,1723,11/14/2024,0863373,חשבון חשמל, ₪141.17,11/14/2024,5.9-7.11,Purchases_Files_/701b7d6b.Cheshbonit Vendor.070206.17.pdf,,,,,2024-11,U052
95f52035,holdings.office1@gmail.com,fb4521e2,1816,11/14/2024,0915611,חשבון חשמל, ₪560.24,11/14/2024,5.9-7.11,Purchases_Files_/95f52035.Cheshbonit Vendor.070457.24.pdf,,,,,2024-11,U052
935d646f,holdings.office1@gmail.com,fb4521e2,3234,11/14/2024,0140426,חשבון חשמל, ₪144.86,11/14/2024,11.7-7.11,Purchases_Files_/935d646f.Cheshbonit Vendor.071729.86.pdf,,,,,2024-11,U102
db4cc3d4,holdings.office1@gmail.com,0596564a,0939,11/25/2024,0372912,חשבון גז, ₪57.67,11/25/2024,19.9-18.11,Purchases_Files_/db4cc3d4.Cheshbonit Vendor.072005.67.pdf,,,,,2024-11,
bb9d2371,holdings.office1@gmail.com,0596564a,1913,11/25/2024,0309450,חשבון גז, ₪67.48,11/25/2024,19.9-18.11,Purchases_Files_/bb9d2371.Cheshbonit Vendor.084852.48.pdf,,,,,2024-11,U095
58602140,holdings.office1@gmail.com,0596564a,1922,11/25/2024,0488221,חשבון גז, ₪55.75,11/25/2024,19.9-18.11,Purchases_Files_/58602140.Cheshbonit Vendor.072427.75.pdf,,,,,2024-11,U095
c913ae58,holdings.office1@gmail.com,0596564a,0416,11/25/2024,0589408,חשבון גז, ₪53.41,11/25/2024,19.9-18.11,Purchases_Files_/c913ae58.Cheshbonit Vendor.072532.41.pdf,,,,,2024-11,
74c7e35b,holdings.office1@gmail.com,0596564a,1909,11/25/2024,0655654,חשבון גז, ₪55.75,11/25/2024,19.9-18.11,Purchases_Files_/74c7e35b.Cheshbonit Vendor.072708.75.pdf,,,,,2024-11,U094
7cc118b0,holdings.office1@gmail.com,0596564a,1841,11/25/2024,0876409,חשבון גז, ₪227.64,11/25/2024,19.9-18.11,Purchases_Files_/7cc118b0.Cheshbonit Vendor.072821.64.pdf,,,,,2024-11,U061
e2fab119,holdings.office1@gmail.com,0596564a,0953,11/25/2024,0941377,חשבון גז, ₪92.83,11/25/2024,19.9-18.11,Purchases_Files_/e2fab119.Cheshbonit Vendor.072928.83.pdf,,,,,2024-11,
a18d622f,holdings.office1@gmail.com,0596564a,2626,11/25/2024,0012229,חשבון גז, ₪125.56,11/25/2024,19.9-18.11,Purchases_Files_/a18d622f.Cheshbonit Vendor.073034.56.pdf,,,,,2024-11,U097
9a737f0c,holdings.office1@gmail.com,0596564a,0917,11/25/2024,0095679,חשבון גז, ₪212.71,11/25/2024,19.9-18.11,Purchases_Files_/9a737f0c.Cheshbonit Vendor.073124.71.pdf,,,,,2024-11,
db55246c,holdings.office1@gmail.com,0596564a,1405,11/25/2024,0406561,חשבון גז, ₪224.23,11/25/2024,19.9-18.11,Purchases_Files_/db55246c.Cheshbonit Vendor.073218.23.pdf,,,,,2024-11,U052
f626ff12,holdings.office1@gmail.com,0596564a,2642,11/25/2024,0494559,חשבון גז, ₪55.75,11/25/2024,19.9-18.11,Purchases_Files_/f626ff12.Cheshbonit Vendor.074418.75.pdf,,,,,2024-11,U097
43e927b5,holdings.office1@gmail.com,0596564a,435,11/25/2024,0741108,חשבון גז, ₪63.68,11/25/2024,19.9-18.11,Purchases_Files_/43e927b5.Cheshbonit Vendor.074540.68.pdf,,,,,2024-11,U102
0eae10b8,holdings.office1@gmail.com,0596564a,2614,11/25/2024,0800094,חשבון גז, ₪55.75,11/25/2024,19.9-18.11,Purchases_Files_/0eae10b8.Cheshbonit Vendor.074717.75.pdf,,,,,2024-11,U097
6d745c0a,holdings.office1@gmail.com,fc46cf6f,3010,11/20/2024,0-766683,חשבון מים," ₪3,987.58",11/20/2024,8-9/24,Purchases_Files_/6d745c0a.Cheshbonit Vendor.074947.58.pdf,,,,,2024-11,U102
bca0df23,holdings.office1@gmail.com,fc46cf6f,1f59ee08d,11/20/2024,0-658245,חשבון מים," ₪5,106.22",11/20/2024,8-9/24,Purchases_Files_/bca0df23.Cheshbonit Vendor.075049.22.pdf,,,,,2024-11,U095
64a5ba69,holdings.office1@gmail.com,fb4521e2,1332,11/21/2024,0-899849,חשבון חשמל, ₪11.75,11/21/2024,8.11-9.11,Purchases_Files_/64a5ba69.Cheshbonit Vendor.075151.75.pdf,,,,,2024-11,U052
878139ff,holdings.office1@gmail.com,fb4521e2,2107,11/26/2024,0-059980,חשבון חשמל, ₪58.75,11/26/2024,19.10-19.11,Purchases_Files_/878139ff.Cheshbonit Vendor.075255.75.pdf,,,,,2024-11,U097
f7967925,holdings.office1@gmail.com,fb4521e2,1822,11/26/2024,0-138024,חשבון חשמל, ₪21.68,11/26/2024,8.11-21.11,Purchases_Files_/f7967925.Cheshbonit Vendor.075353.68.pdf,,,,,2024-11,U052
0b18c2dd,holdings.office1@gmail.com,0596564a,0914,11/26/2024,0-956888,"חשבון חשמל , חשבון גז", ₪749.06,11/26/2024,19.9-18.11 +הפרשי צריכה עקב הערכה בחצי שנה אחרונה,Purchases_Files_/0b18c2dd.Cheshbonit Vendor.075745.06.pdf,,,,,2024-11,
e51e09a3,holdings.office1@gmail.com,fc46cf6f,1849,11/27/2024,0-451658,חשבון מים, ₪397.85,11/27/2024,תשלום עבור נזילה,Purchases_Files_/e51e09a3.Cheshbonit Vendor.064718.85.pdf,,,,,2024-11,U061
60fb261e,yuri@emmaleh.com,b3269088,2107,12/4/2024,,Microwave, ₪379.00,,,Purchases_Images/60fb261e.Cheshbonit Vendor.101214.jpg,,,,,2024-12,U097
3c75d281,yuri@emmaleh.com,b3269090,186dafa2a,12/5/2024,,OFFICE RENT," ₪2,488.70",,December 2024 office rent,Purchases_Files_/3c75d281.Cheshbonit Vendor.111556.pdf,,,,,2024-12,U094
33db8f76,yuri@emmaleh.com,b3269088,2054,12/11/2024,,"Moving (Hovala) , Big Fridge"," ₪2,711.00",,,Purchases_Images/33db8f76.Cheshbonit Vendor.101258.jpg,,,,,2024-12,U095
4606dee0,holdings.office1@gmail.com,fb4521e2,0914,11/28/2024,0-910216,חשבון חשמל," ₪1,066.58",11/28/2024,שולם לבקשת יורי דיירים העבירו לחשבון של השקעות,Purchases_Files_/4606dee0.Cheshbonit Vendor.074913.58.pdf,,,,,2024-11,
20b71db6,holdings.office1@gmail.com,fb4521e2,0914,11/28/2024,0-635193,חשבון חשמל, ₪751.92,11/28/2024,שולם לבקשת יורי דיירים העבירו לחשבון של השקעות,Purchases_Files_/20b71db6.Cheshbonit Vendor.075019.92.pdf,,,,,2024-11,
6d0256e4,holdings.office1@gmail.com,9a38660a,1f59ee08d,12/10/2024,1277264,ארנונה," ₪2,240.40",12/10/2024,11-12/24 נילי מסחרי,Purchases_Files_/6d0256e4.Cheshbonit Vendor.071053.40.pdf,,,,,2024-12,U095
f4edc877,holdings.office1@gmail.com,0596564a,1822,12/10/2024,252304,חשבון גז, ₪150.29,12/10/2024,7-11/24,Purchases_Files_/f4edc877.Cheshbonit Vendor.071151.29.pdf,,,,,2024-12,U052
7b6f69fa,holdings.office1@gmail.com,fb4521e2,0920,12/10/2024,0-452540,חשבון חשמל, ₪93.35,12/10/2024,שולם לבקשת יורי דיירים העבירו לחשבון של השקעות,Purchases_Files_/7b6f69fa.Cheshbonit Vendor.071338.35.pdf,,,,,2024-12,
9c6e06d6,holdings.office1@gmail.com,fc46cf6f,0929,12/15/2024,0-941245,חשבון מים, ₪200.00,12/15/2024,תשלום עבור נזילה באישור יורי,Purchases_Files_/9c6e06d6.Cheshbonit Vendor.071505.pdf,,,,,2024-12,
510b58f1,holdings.office1@gmail.com,0596564a,3220,12/17/2024,0-209155,חשבון גז, ₪51.10,12/17/2024,10-11/24 וגמ״ח,Purchases_Files_/510b58f1.Cheshbonit Vendor.092113.10.pdf,,,,,2024-12,U102
fd357b70,holdings.office1@gmail.com,0596564a,0424,12/19/2024,0-683490,חשבון גז, ₪504.86,12/19/2024,תשלום גז בחצי שנה לאחר קריאת מונה שולם עד 18.12.24,Purchases_Files_/fd357b70.Cheshbonit Vendor.090645.86.pdf,,,,,2024-12,
c46603c3,holdings.office1@gmail.com,fb4521e2,1709,12/22/2024,0-279836,חשבון חשמל, ₪274.57,12/22/2024,"""201- 26.4-9.6
204- 1.1-28.2
202- 9.4-23.7
203- 8.11-14.12""",Purchases_Files_/c46603c3.Cheshbonit Vendor.090936.57.pdf,,,,,2024-12,U052
460762db,holdings.office1@gmail.com,9a38660a,1709,12/26/2024,6937946,ארנונה, ₪467.50,12/26/2024,"""201 - 6.4 - הפרשי חיוב
204 - 17.6 - הפרשי חיוב
202- 14.9 - הפרשי חיוב
203 - 428.6 - 11-12/24 כולל הפרשי חיוב""",Purchases_Files_/460762db.Cheshbonit Vendor.093826.5.pdf,,,,,2024-12,U052
b2b88869,holdings.office1@gmail.com,9a38660a,1f59ee08d,12/26/2024,6937945,ארנונה," ₪18,501.20",12/26/2024,11-12/24+הפרשי חיוב של כל השנה,Purchases_Files_/b2b88869.Cheshbonit Vendor.114334.20.pdf,,,,,2024-12,U095
d95411c2,holdings.office1@gmail.com,9a38660a,3010,12/26/2024,6937944,ארנונה," ₪11,281.40",12/26/2024,11-12/24+הפרשי חיוב של כל השנה,Purchases_Files_/d95411c2.Cheshbonit Vendor.114503.40.pdf,,,,,2024-12,U102
5c9fb9fb,holdings.office1@gmail.com,9a38660a,2702,12/26/2024,6937947,ארנונה, ₪829.50,12/26/2024,11-12/24+הפרשי חיוב של כל השנה,Purchases_Files_/5c9fb9fb.Cheshbonit Vendor.114836.5.pdf,,,,,2024-12,U097
4e828b48,holdings.office1@gmail.com,0596564a,2047,12/29/2024,216042,חשבון גז, ₪94.79,12/29/2024,10-11/24,Purchases_Files_/4e828b48.Cheshbonit Vendor.064010.79.pdf,,,,,2024-12,U095
79893c75,holdings.office1@gmail.com,0596564a,2031,12/29/2024,216047,חשבון גז, ₪167.36,12/29/2024,10-11/24,Purchases_Files_/79893c75.Cheshbonit Vendor.064042.36.pdf,,,,,2024-12,U095
dcb27b7d,holdings.office1@gmail.com,0596564a,3225,12/29/2024,216052,חשבון גז, ₪39.31,12/29/2024,10-11/24,Purchases_Files_/dcb27b7d.Cheshbonit Vendor.064159.31.pdf,,,,,2024-12,U102
1ef3d1b4,holdings.office1@gmail.com,0596564a,3205,12/29/2024,216056,חשבון גז, ₪64.96,12/29/2024,10-11/24,Purchases_Files_/1ef3d1b4.Cheshbonit Vendor.064221.96.pdf,,,,,2024-12,U102
2e541dd6,holdings.office1@gmail.com,fc46cf6f,3220,12/29/2024,0-701565,חשבון מים, ₪24.71,12/29/2024,10-11/24,Purchases_Files_/2e541dd6.Cheshbonit Vendor.115406.71.pdf,,,,,2024-12,U102
78becdf8,holdings.office1@gmail.com,fc46cf6f,2702,12/29/2024,0-220079,חשבון מים, ₪556.74,12/29/2024,10-11/24,Purchases_Files_/78becdf8.Cheshbonit Vendor.064351.74.pdf,,,,,2024-12,U097
bcdc2831,holdings.office1@gmail.com,fc46cf6f,1f59ee08d,12/31/2024,0-019323,חשבון מים," ₪12,631.91",12/31/2024,10-11/24,Purchases_Files_/bcdc2831.Cheshbonit Vendor.074643.91.pdf,,,,,2024-12,U095
78327566,holdings.office1@gmail.com,fc46cf6f,3010,12/31/2024,0-070417,חשבון מים," ₪4,812.61",12/31/2024,10-11/24,Purchases_Files_/78327566.Cheshbonit Vendor.115758.61.pdf,,,,,2024-12,U102
aa4163f7,yuri@emmaleh.com,b3269090,186dafa2a,1/14/2025,,OFFICE RENT," ₪2,509.97",,,Purchases_Files_/aa4163f7.Cheshbonit Vendor.103303.pdf,,,,,2025-01,U094
9e030e69,holdings.office1@gmail.com,fb4521e2,2115,1/9/2025,0-919340,חשבון חשמל, ₪148.63,1/9/2025,7.11-6.1,Purchases_Files_/9e030e69.Cheshbonit Vendor.072127.63.pdf,,,,,2025-01,U097
51aee67c,holdings.office1@gmail.com,fc46cf6f,0935,1/12/2025,0-464974,חשבון מים," ₪2,646.03",1/12/2025,תשלום בגין נזילה,Purchases_Files_/51aee67c.Cheshbonit Vendor.101939.03.pdf,,,,,2025-01,
b9c9135e,holdings.office1@gmail.com,fb4521e2,2120,1/15/2025,0-792739,חשבון חשמל, ₪206.48,1/15/2025,7.11-13.1,Purchases_Files_/b9c9135e.Cheshbonit Vendor.072315.48.pdf,,,,,2025-01,U097
a9d92921,holdings.office1@gmail.com,fb4521e2,2118,1/15/2025,0-924373,חשבון חשמל, ₪384.85,1/15/2025,7.11-13.1,Purchases_Files_/a9d92921.Cheshbonit Vendor.072406.85.pdf,,,,,2025-01,U097
595ad992,holdings.office1@gmail.com,fb4521e2,3239,1/16/2025,0-234674,חשבון חשמל, ₪126.78,1/16/2025,10.11-8.1,Purchases_Files_/595ad992.Cheshbonit Vendor.072454.78.pdf,,,,,2025-01,U102
9ec2bdf6,yuri@emmaleh.com,b3269088,3232,1/21/2025,,"Moving (Hovala) , Regualr Fridge , WM Top Door , Gas burners"," ₪4,342.00",,,Purchases_Files_/9ec2bdf6.Cheshbonit Vendor.082350.pdf,,,,,2025-01,U102
6e15a4b7,yuri@emmaleh.com,6ffe01d6,3232,1/22/2025,,"Moving (Hovala) , Small Couch"," ₪1,250.00",,,Purchases_Files_/6e15a4b7.Cheshbonit Vendor.081606.pdf,,,,,2025-01,U102
14229d51,yuri@emmaleh.com,f5e5f165,2031,1/22/2025,,"Moving (Hovala) , Big Couch"," ₪1,565.90",,,Purchases_Files_/14229d51.Cheshbonit Vendor.060217.90.pdf,,,,,2025-01,U095
b85b506a,yuri@emmaleh.com,5c006562,145A,1/23/2025,,"Misc , Closet"," ₪1,835.00",,Together with U49,Purchases_Images/b85b506a.Cheshbonit Vendor.080543.jpg,,,,,2025-01,U052
2d1ba215,holdings.office1@gmail.com,fb4521e2,3008,1/20/2025,0-839134,חשבון חשמל, ₪827.24,1/20/2025,7.11-15.1,Purchases_Files_/2d1ba215.Cheshbonit Vendor.091718.24.pdf,,,,,2025-01,U102
1120a154,holdings.office1@gmail.com,fb4521e2,1909,1/23/2025,0617928,חשבון חשמל, ₪65.19,1/23/2025,8.11-7.1,Purchases_Files_/1120a154.Cheshbonit Vendor.091821.19.pdf,,,,,2025-01,U094
dd57b228,holdings.office1@gmail.com,fb4521e2,1729,1/23/2025,0697334,חשבון חשמל, ₪76.55,1/23/2025,8.11-7.1,Purchases_Files_/dd57b228.Cheshbonit Vendor.091954.55.pdf,,,,,2025-01,U052
2dd5dc0c,holdings.office1@gmail.com,fb4521e2,1723,1/23/2025,0966697,חשבון חשמל, ₪424.54,1/23/2025,8.11-7.1,Purchases_Files_/2dd5dc0c.Cheshbonit Vendor.092144.54.pdf,,,,,2025-01,U052
aa4312e7,holdings.office1@gmail.com,fb4521e2,3242,1/23/2025,0787705,חשבון חשמל, ₪66.47,1/23/2025,8.11-21.1,Purchases_Files_/aa4312e7.Cheshbonit Vendor.092421.47.pdf,,,,,2025-01,U102
89f34fef,holdings.office1@gmail.com,fb4521e2,3222,1/23/2025,0852442,חשבון חשמל, ₪89.49,1/23/2025,8.11-21.1,Purchases_Files_/89f34fef.Cheshbonit Vendor.092559.49.pdf,,,,,2025-01,U102
dc042f66,holdings.office1@gmail.com,fb4521e2,0939,1/23/2025,0999235,חשבון חשמל, ₪107.19,1/23/2025,8.11-7.1,Purchases_Files_/dc042f66.Cheshbonit Vendor.092653.19.pdf,,,,,2025-01,
e075a0af,holdings.office1@gmail.com,fb4521e2,2606,1/23/2025,0169888,חשבון חשמל, ₪66.47,1/23/2025,8.11-21.1,Purchases_Files_/e075a0af.Cheshbonit Vendor.092744.47.pdf,,,,,2025-01,U097
f9cd23c2,holdings.office1@gmail.com,fb4521e2,2023,1/23/2025,0574640,חשבון חשמל, ₪259.08,1/23/2025,8.11-7.1,Purchases_Files_/f9cd23c2.Cheshbonit Vendor.092836.08.pdf,,,,,2025-01,U095
37afbde0,holdings.office1@gmail.com,0596564a,1909,1/27/2025,0767715,חשבון גז, ₪66.56,1/27/2025,19.11-17.1,Purchases_Files_/37afbde0.Cheshbonit Vendor.084454.56.pdf,,,,,2025-01,U094
f56b2f9e,holdings.office1@gmail.com,0596564a,0416,1/27/2025,0025064,חשבון גז, ₪64.26,1/27/2025,19.11-17.1,Purchases_Files_/f56b2f9e.Cheshbonit Vendor.081822.26.pdf,,,,,2025-01,
70f1dc3a,holdings.office1@gmail.com,0596564a,0454,1/27/2025,0134957,חשבון גז, ₪56.28,1/27/2025,19.11-17.1,Purchases_Files_/70f1dc3a.Cheshbonit Vendor.081944.38.pdf,,,,,2025-01,
12d15601,holdings.office1@gmail.com,0596564a,0914,1/27/2025,0360073,חשבון גז, ₪274.50,1/27/2025,19.11-17.1,Purchases_Files_/12d15601.Cheshbonit Vendor.082748.5.pdf,,,,,2025-01,
d61a619e,holdings.office1@gmail.com,0596564a,1922,1/27/2025,0247734,חשבון גז, ₪56.69,1/27/2025,19.11-17.1,Purchases_Files_/d61a619e.Cheshbonit Vendor.082911.69.pdf,,,,,2025-01,U095
d78c7052,holdings.office1@gmail.com,0596564a,1405,1/27/2025,0396143,חשבון גז, ₪279.32,1/27/2025,19.11-17.1,Purchases_Files_/d78c7052.Cheshbonit Vendor.083019.32.pdf,,,,,2025-01,U052
67dca54e,yuri@emmaleh.com,b3269088,2060,1/30/2025,,"WM Side Door , Moving (Hovala)"," ₪1,161.00",,,Purchases_Files_/67dca54e.Cheshbonit Vendor.085943.pdf,,,,,2025-01,U097
9111bb2f,holdings.office1@gmail.com,0596564a,435,1/27/2025,0472183,חשבון גז, ₪101.75,1/27/2025,19.11-17.1,Purchases_Files_/9111bb2f.Cheshbonit Vendor.085625.75.pdf,,,,,2025-01,U102
e5c7ce46,holdings.office1@gmail.com,0596564a,0939,1/27/2025,0575050,חשבון גז, ₪47.43,1/27/2025,19.11-17.1,Purchases_Files_/e5c7ce46.Cheshbonit Vendor.100715.43.pdf,,,,,2025-01,
0731fc38,holdings.office1@gmail.com,0596564a,0413,1/27/2025,0638759,חשבון גז, ₪44.27,1/27/2025,19.11-17.1,Purchases_Files_/0731fc38.Cheshbonit Vendor.100825.27.pdf,,,,,2025-01,
2f88e0e3,holdings.office1@gmail.com,0596564a,0953,1/27/2025,0017400,חשבון גז, ₪255.60,1/27/2025,19.11-17.1,Purchases_Files_/2f88e0e3.Cheshbonit Vendor.101108.60.pdf,,,,,2025-01,
5eef8c8a,holdings.office1@gmail.com,0596564a,2642,1/27/2025,0873000,חשבון גז, ₪70.12,1/27/2025,19.11-17.1,Purchases_Files_/5eef8c8a.Cheshbonit Vendor.101207.12.pdf,,,,,2025-01,U097
7410dfa3,holdings.office1@gmail.com,0596564a,2614,1/27/2025,0028332,חשבון גז, ₪56.69,1/27/2025,19.11-17.1,Purchases_Files_/7410dfa3.Cheshbonit Vendor.101303.69.pdf,,,,,2025-01,U097
2991841c,holdings.office1@gmail.com,0596564a,1841,1/27/2025,0665836,חשבון גז, ₪147.69,1/27/2025,19.11-17.1,Purchases_Files_/2991841c.Cheshbonit Vendor.101453.69.pdf,,,,,2025-01,U061
8c107a5a,holdings.office1@gmail.com,0596564a,2626,1/27/2025,0751388,חשבון גז, ₪248.14,1/27/2025,19.11-17.1,Purchases_Files_/8c107a5a.Cheshbonit Vendor.101649.14.pdf,,,,,2025-01,U097
30be1f28,holdings.office1@gmail.com,0596564a,3228,1/27/2025,874024,חשבון גז, ₪455.61,1/27/2025,2-11/24,Purchases_Files_/30be1f28.Cheshbonit Vendor.101820.61.pdf,,,,,2025-01,U102
0631609e,holdings.office1@gmail.com,0596564a,0917,1/27/2025,0899443,חשבון גז, ₪271.01,1/27/2025,19.11-17.1,Purchases_Files_/0631609e.Cheshbonit Vendor.101912.01.pdf,,,,,2025-01,
3e47f6d3,holdings.office1@gmail.com,0596564a,0424,1/27/2025,0969741,חשבון גז, ₪29.78,1/27/2025,18.12-17.1,Purchases_Files_/3e47f6d3.Cheshbonit Vendor.103002.78.pdf,,,,,2025-01,
67213676,holdings.office1@gmail.com,0596564a,1913,1/27/2025,0012294,חשבון גז, ₪56.69,1/27/2025,19.11-17.1,Purchases_Files_/67213676.Cheshbonit Vendor.103427.69.pdf,,,,,2025-01,U095
1830b68a,holdings.office1@gmail.com,fb4521e2,3013,1/29/2025,0-216523,חשבון חשמל," ₪2,331.97",1/29/2025,7.11-5.1,Purchases_Files_/1830b68a.Cheshbonit Vendor.103527.97.pdf,,,,,2025-01,U102
d6fb50b7,yuri@emmaleh.com,b3269090,186dafa2a,2/6/2025,,OFFICE RENT," ₪2,509.97",,,Purchases_Files_/d6fb50b7.Cheshbonit Vendor.120748.pdf,,,,,2025-02,U094
de6a8e46,holdings.office1@gmail.com,0596564a,0424,12/11/2024,,חשבון גז," ₪1,391.12",12/11/2024,תשלום גז אחרי עדכון קריאה,Purchases_Files_/de6a8e46.Cheshbonit Vendor.085049.12.pdf,,,,,2024-12,
c6b6f488,yuri@emmaleh.com,b3269088,1417,2/23/2025,,"WM Side Door , Moving (Hovala)"," ₪1,100.00",,,Purchases_Files_/c6b6f488.Cheshbonit Vendor.065250.pdf,,,,,2025-02,U052
6b0cfa37,yuri@emmaleh.com,5d50e1a6,2002,2/28/2025,,"Moving (Hovala) , Big Couch"," ₪2,440.00",,,Purchases_Files_/6b0cfa37.Cheshbonit Vendor.082804.pdf,,,,,2025-02,U095
89265ba3,yuri@emmaleh.com,b3269090,186dafa2a,3/6/2025,,OFFICE RENT," ₪2,509.97",,March 2025 office rent,Purchases_Files_/89265ba3.Cheshbonit Vendor.101828.pdf,,,,,2025-03,U094
c9b3a97f,holdings.office1@gmail.com,fb4521e2,0926,2/6/2025,0-168096,חשבון חשמל," ₪1,095.67",2/6/2025,שולם בשם אדל במקום החזר שכירות,Purchases_Files_/c9b3a97f.Cheshbonit Vendor.065457.67.pdf,,,,,2025-02,
f53e6d78,holdings.office1@gmail.com,fb4521e2,3232,2/9/2025,0-215582,חשבון חשמל, ₪62.94,2/9/2025,16.12.24-30.1.25,Purchases_Files_/f53e6d78.Cheshbonit Vendor.065547.94.pdf,,,,,2025-02,U102
cc165fda,holdings.office1@gmail.com,fb4521e2,0920,2/9/2025,0-292052,חשבון חשמל, ₪454.37,2/9/2025,שולם בשם הדייר לבקשת יורי עשה העברה,Purchases_Files_/cc165fda.Cheshbonit Vendor.065639.37.pdf,,,,,2025-02,
60eb1faa,holdings.office1@gmail.com,0596564a,0443,2/16/2025,0-1977566,חשבון גז, ₪145.58,2/16/2025,14.10-17.1,Purchases_Files_/60eb1faa.Cheshbonit Vendor.065732.58.pdf,,,,,2025-02,
d4f52a8f,holdings.office1@gmail.com,0596564a,0920,2/16/2025,0-2777756,חשבון גז, ₪414.87,2/16/2025,6.9-17.1,Purchases_Files_/d4f52a8f.Cheshbonit Vendor.065827.87.pdf,,,,,2025-02,
1c4253ed,holdings.office1@gmail.com,0596564a,2047,2/17/2025,255291,חשבון גז, ₪82.51,2/17/2025,12-1/25,Purchases_Files_/1c4253ed.Cheshbonit Vendor.065937.51.pdf,,,,,2025-02,U095
7ae01c0e,holdings.office1@gmail.com,0596564a,2031,2/17/2025,255314,חשבון גז, ₪129.75,2/17/2025,12-1/25,Purchases_Files_/7ae01c0e.Cheshbonit Vendor.070022.75.pdf,,,,,2025-02,U095
feb5492f,holdings.office1@gmail.com,0596564a,3228,2/17/2025,255327,חשבון גז, ₪121.30,2/17/2025,12-1/25,Purchases_Files_/feb5492f.Cheshbonit Vendor.070120.30.pdf,,,,,2025-02,U102
7db21e53,holdings.office1@gmail.com,0596564a,3225,2/17/2025,255331,חשבון גז, ₪39.56,2/17/2025,12-1/25,Purchases_Files_/7db21e53.Cheshbonit Vendor.070253.56.pdf,,,,,2025-02,U102
6c01923b,holdings.office1@gmail.com,0596564a,3205,2/17/2025,255350,חשבון גז, ₪65.36,2/17/2025,12-1/25,Purchases_Files_/6c01923b.Cheshbonit Vendor.070425.36.pdf,,,,,2025-02,U102
a9d3cba7,holdings.office1@gmail.com,0596564a,3202,2/18/2025,257193,חשבון גז, ₪194.30,2/18/2025,12-1/25,Purchases_Files_/a9d3cba7.Cheshbonit Vendor.070516.30.pdf,,,,,2025-02,U102
7bd24ba5,holdings.office1@gmail.com,0596564a,0427,2/19/2025,0-888321,חשבון גז, ₪530.44,2/19/2025,שולם בשם אדל במקום החזר שכירות,Purchases_Files_/7bd24ba5.Cheshbonit Vendor.070716.44.pdf,,,,,2025-02,
c21d3a90,holdings.office1@gmail.com,fb4521e2,1816,2/24/2025,0-767921,חשבון חשמל, ₪108.42,2/24/2025,8.11-7.1,Purchases_Files_/c21d3a90.Cheshbonit Vendor.070808.42.pdf,,,,,2025-02,U052
0bcb1c7e,holdings.office1@gmail.com,fb4521e2,0914,2/24/2025,0-399071,חשבון חשמל, ₪200.03,2/24/2025,שולם בשם הדייר הוא ביצע העברה לחשבון,Purchases_Files_/0bcb1c7e.Cheshbonit Vendor.070857.03.pdf,,,,,2025-02,
864d02a7,holdings.office1@gmail.com,9a38660a,1722,2/24/2025,6538884,ארנונה, ₪10.50,2/24/2025,שולם בשם הדייר לבקשת יורי,Purchases_Files_/864d02a7.Cheshbonit Vendor.070943.5.pdf,,,,,2025-02,U052
d580ab4f,holdings.office1@gmail.com,9a38660a,2702,2/25/2025,6538876,ארנונה, ₪740.60,2/25/2025,1-2/25,Purchases_Files_/d580ab4f.Cheshbonit Vendor.071030.60.pdf,,,,,2025-02,U097
9b8233ef,holdings.office1@gmail.com,9a38660a,1f59ee08d,2/25/2025,6538875,ארנונה," ₪19,036.90",2/25/2025,1-2/25,Purchases_Files_/9b8233ef.Cheshbonit Vendor.071143.90.pdf,,,,,2025-02,U095
f0bc3b32,holdings.office1@gmail.com,9a38660a,3010,2/25/2025,6538874,ארנונה," ₪10,570.00",2/25/2025,1-2/25,Purchases_Files_/f0bc3b32.Cheshbonit Vendor.071234.pdf,,,,,2025-02,U102
5c6af18a,holdings.office1@gmail.com,0596564a,1327,3/3/2025,952000486,חשבון גז, ₪29.90,3/3/2025,1-2/25,Purchases_Files_/5c6af18a.Cheshbonit Vendor.071330.90.pdf,,,,,2025-03,
5bbf88ba,holdings.office1@gmail.com,fc46cf6f,2702,3/4/2025,0-741504,חשבון מים, ₪555.08,3/4/2025,12.24-1.25,Purchases_Files_/5bbf88ba.Cheshbonit Vendor.071421.08.pdf,,,,,2025-03,U097
ab954656,holdings.office1@gmail.com,fc46cf6f,3220,3/4/2025,0-937441,חשבון מים, ₪8.85,3/4/2025,גמ״ח,Purchases_Files_/ab954656.Cheshbonit Vendor.071642.85.pdf,,,,,2025-03,U102
f2944844,holdings.office1@gmail.com,fb4521e2,1327,3/5/2025,67.1,חשבון גז, ₪67.10,3/5/2025,22.1-27.2,Purchases_Files_/f2944844.Cheshbonit Vendor.071750.10.pdf,,,,,2025-03,
5942b05d,holdings.office1@gmail.com,fc46cf6f,3010,3/6/2025,0-065433,חשבון מים," ₪5,500.65",3/6/2025,12-1/25,Purchases_Files_/5942b05d.Cheshbonit Vendor.073023.65.pdf,,,,,2025-03,U102
633f3c2f,holdings.office1@gmail.com,fc46cf6f,1f59ee08d,3/6/2025,0-030551,חשבון מים," ₪7,628.21",3/6/2025,12-1/25,Purchases_Files_/633f3c2f.Cheshbonit Vendor.073114.21.pdf,,,,,2025-03,U095
c85eeb32,yuri@emmaleh.com,b3269088,3239,3/10/2025,,"Moving (Hovala) , Regualr Fridge"," ₪2,231.00",,,Purchases_Files_/c85eeb32.Cheshbonit Vendor.065423.pdf,,,,,2025-03,U102
1e0f2b92,yuri@emmaleh.com,b3269088,2120,3/2/2025,,"WM Side Door , Moving (Hovala)"," ₪1,141.00",,,Purchases_Files_/1e0f2b92.Cheshbonit Vendor.085952.pdf,,,,,2025-03,U097
6d387407,holdings.office1@gmail.com,fb4521e2,2115,3/10/2025,0-365106,חשבון חשמל, ₪60.18,3/10/2025,7.1-5.3,Purchases_Files_/6d387407.Cheshbonit Vendor.094550.18.pdf,,,,,2025-03,U097
b6d13d5a,holdings.office1@gmail.com,fb4521e2,2620,3/12/2025,0905711,חשבון חשמל, ₪101.66,3/12/2025,31.1-10.3,Purchases_Files_/b6d13d5a.Cheshbonit Vendor.115332.66.pdf,,,,,2025-03,U097
3c9bc383,holdings.office1@gmail.com,fb4521e2,3013,3/12/2025,0133215,חשבון חשמל, ₪818.78,3/12/2025,16.1-10.3,Purchases_Files_/3c9bc383.Cheshbonit Vendor.122018.78.pdf,,,,,2025-03,U102
1bd4d9f6,holdings.office1@gmail.com,fb4521e2,2809,3/12/2025,0344770,חשבון חשמל, ₪318.07,3/12/2025,14.1-10.3,Purchases_Files_/1bd4d9f6.Cheshbonit Vendor.122145.07.pdf,,,,,2025-03,U102
9840a80b,holdings.office1@gmail.com,fb4521e2,2118,3/12/2025,0469734,חשבון חשמל, ₪358.51,3/12/2025,14.1-10.3,Purchases_Files_/9840a80b.Cheshbonit Vendor.122416.51.pdf,,,,,2025-03,U097
16693991,holdings.office1@gmail.com,fb4521e2,3217,3/12/2025,0413575,חשבון חשמל," ₪1,283.09",3/12/2025,22.1-10.3,Purchases_Files_/16693991.Cheshbonit Vendor.122522.09.pdf,,,,,2025-03,U102
68ec82a6,holdings.office1@gmail.com,fb4521e2,3217,3/12/2025,0531202,חשבון חשמל," ₪1,903.52",3/12/2025,8.11-21.1,Purchases_Files_/68ec82a6.Cheshbonit Vendor.123827.52.pdf,,,,,2025-03,U102
b7240ffd,holdings.office1@gmail.com,fb4521e2,2120,3/12/2025,337.38,חשבון חשמל, ₪337.38,3/12/2025,0967521,Purchases_Files_/b7240ffd.Cheshbonit Vendor.124131.38.pdf,,,,,2025-03,U097
622dc46b,holdings.office1@gmail.com,fc46cf6f,0921,3/13/2025,0-037200,חשבון מים, ₪450.13,3/13/2025,תשלום עבור נזילה,Purchases_Files_/622dc46b.Cheshbonit Vendor.124239.13.pdf,,,,,2025-03,
39fd5886,holdings.office1@gmail.com,fc46cf6f,1848,3/17/2025,0-161364,חשבון מים, ₪368.05,3/17/2025,תשלום עבור נזילה,Purchases_Files_/39fd5886.Cheshbonit Vendor.094838.05.pdf,,,,,2025-03,U061
f8b60642,holdings.office1@gmail.com,fb4521e2,1729,3/18/2025,0041855,חשבון חשמל, ₪296.09,3/18/2025,8.11-16.3,Purchases_Files_/f8b60642.Cheshbonit Vendor.090633.09.pdf,,,,,2025-03,U052
5b742544,holdings.office1@gmail.com,fb4521e2,1816,3/18/2025,0505032,חשבון חשמל," ₪1,446.20",3/18/2025,8.11-16.3,Purchases_Files_/5b742544.Cheshbonit Vendor.091042.20.pdf,,,,,2025-03,U052
e00d4039,holdings.office1@gmail.com,fb4521e2,1723,3/18/2025,0186486,חשבון חשמל, ₪389.69,3/18/2025,8.11-16.3,Purchases_Files_/e00d4039.Cheshbonit Vendor.091205.69.pdf,,,,,2025-03,U052
c52b79dc,holdings.office1@gmail.com,fb4521e2,0416,3/18/2025,0566042,חשבון חשמל, ₪107.36,3/18/2025,8.11-16.3,Purchases_Files_/c52b79dc.Cheshbonit Vendor.091300.36.pdf,,,,,2025-03,
b73ea752,yuri@emmaleh.com,b3269088,1858,3/30/2025,,"Moving (Hovala) , Regualr Fridge"," ₪1,950.00",,,Purchases_Files_/b73ea752.Cheshbonit Vendor.074247.pdf,,,,,2025-03,U094
009d77d3,yuri@emmaleh.com,5d50e1a6,1851,3/31/2025,,Misc, ₪842.00,,,Purchases_Files_/009d77d3.Cheshbonit Vendor.051555.pdf,,,,,2025-03,U061
ed16de51,yuri@emmaleh.com,b3269088,1332,4/1/2025,,"WM Side Door , Moving (Hovala)"," ₪1,231.00",,,Purchases_Files_/ed16de51.Cheshbonit Vendor.073918.pdf,,,,,2025-04,U052
6f4feb9b,yuri@emmaleh.com,b3269090,186dafa2a,4/6/2025,,OFFICE RENT," ₪2,509.97",,April 2025 office rent,Purchases_Files_/6f4feb9b.Cheshbonit Vendor.050252.pdf,,,,,2025-04,U094
be71a5e9,holdings.office1@gmail.com,fb4521e2,2023,3/19/2025,0-319962,חשבון חשמל, ₪632.67,3/19/2025,8.11-16.3,Purchases_Files_/be71a5e9.Cheshbonit Vendor.062514.67.pdf,,,,,2025-03,U095
d2928c64,holdings.office1@gmail.com,9a38660a,1405,3/24/2025,5605216,ארנונה, ₪753.70,3/24/2025,1-2/25,Purchases_Files_/d2928c64.Cheshbonit Vendor.063032.70.pdf,,,,,2025-03,U052
f9a7f225,holdings.office1@gmail.com,fb4521e2,3008,3/30/2025,0-165340,חשבון חשמל, ₪696.51,3/30/2025,0-165340,Purchases_Files_/f9a7f225.Cheshbonit Vendor.063132.51.pdf,,,,,2025-03,U102
135ba765,holdings.office1@gmail.com,fb4521e2,1f59ee08d,3/30/2025,0-364778,חשבון חשמל, ₪137.39,3/30/2025,8.11-24.3 נילי מסחרי,Purchases_Files_/135ba765.Cheshbonit Vendor.063337.39.pdf,,,,,2025-03,U095
1386b887,holdings.office1@gmail.com,fb4521e2,1f59ee08d,3/30/2025,0-450809,חשבון חשמל, ₪132.23,3/30/2025,8.11-24.3 נילי מסחרי,Purchases_Files_/1386b887.Cheshbonit Vendor.063557.23.pdf,,,,,2025-03,U095
8022c10e,holdings.office1@gmail.com,fb4521e2,1f59ee08d,3/30/2025,0-509182,חשבון חשמל, ₪132.21,3/30/2025,8.11-24.3 נילי מסחרי,Purchases_Files_/8022c10e.Cheshbonit Vendor.063711.21.pdf,,,,,2025-03,U095
23fe2770,holdings.office1@gmail.com,fb4521e2,3208,3/30/2025,0-577064,חשבון חשמל, ₪24.01,3/30/2025,13.3-22.3,Purchases_Files_/23fe2770.Cheshbonit Vendor.065308.01.pdf,,,,,2025-03,U102
c8677bf0,holdings.office1@gmail.com,9a38660a,1432,4/2/2025,1350571,ארנונה," ₪1,446.30",4/2/2025,14.9.24-30.4.25,Purchases_Files_/c8677bf0.Cheshbonit Vendor.075212.30.pdf,,,,,2025-04,U052
befbbe1f,holdings.office1@gmail.com,0596564a,1849,4/6/2025,600692,חשבון גז, ₪347.89,4/6/2025,18.1-2.4,Purchases_Files_/befbbe1f.Cheshbonit Vendor.080248.89.pdf,,,,,2025-04,U061
13ca6e30,holdings.office1@gmail.com,0596564a,0926,4/8/2025,0-780270,חשבון גז, ₪339.99,4/8/2025,11-8/4/25 כולל גמ״ח,Purchases_Files_/13ca6e30.Cheshbonit Vendor.080408.99.pdf,,,,,2025-04,
f55bcb2f,holdings.office1@gmail.com,fb4521e2,0920,4/9/2025,0-329615,חשבון חשמל, ₪440.68,4/9/2025,שולם בשם הדייר הוא ביצע העברה,Purchases_Files_/f55bcb2f.Cheshbonit Vendor.080504.68.pdf,,,,,2025-04,
c1408247,holdings.office1@gmail.com,fb4521e2,2115,4/10/2025,0-124008,חשבון חשמל, ₪31.16,4/10/2025,6.3-5.4,Purchases_Files_/c1408247.Cheshbonit Vendor.055237.16.pdf,,,,,2025-04,U097
3c400127,yuri@emmaleh.com,5c006562,1826,4/16/2025,,Miklahon, ₪652.80,,חשבונית אחת לשני התשלומים,Purchases_Images/3c400127.Cheshbonit Vendor.125328.jpg,,,,,2025-04,U052
ec0b6da1,yuri@emmaleh.com,b3269088,1849,4/22/2025,,"Moving (Hovala) , Built in Oven"," ₪1,059.00",,,Purchases_Files_/ec0b6da1.Cheshbonit Vendor.072715.pdf,,,,,2025-04,U061
424ac63d,yuri@emmaleh.com,5c006562,1826,4/22/2025,,Moving (Hovala), ₪259.20,,חשבונית אחת לשני התשלומים,Purchases_Images/424ac63d.Cheshbonit Vendor.125247.jpg,,,,,2025-04,U052
c4bcd049,yuri@emmaleh.com,b3269088,1909,4/25/2025,,Microwave, ₪269.00,,,Purchases_Files_/c4bcd049.Cheshbonit Vendor.073035.pdf,,,yurigaria@gmail.com,,2025-04,U094
8e87d2be,yuri@emmaleh.com,6ffe01d6,1819,4/28/2025,,"Moving (Hovala) , Big Couch"," ₪2,700.00",,,Purchases_Files_/8e87d2be.Cheshbonit Vendor.062706.pdf,,,,,2025-04,U052
b5ff8cb1,yuri@emmaleh.com,6ffe01d6,1841,4/28/2025,,"Moving (Hovala) , Small Couch"," ₪1,950.00",,,Purchases_Files_/b5ff8cb1.Cheshbonit Vendor.062635.pdf,,,,,2025-04,U061
e692c4a5,holdings.office1@gmail.com,9a38660a,2702,4/22/2025,1354292,ארנונה, ₪760.30,4/22/2025,3-4/25,Purchases_Files_/e692c4a5.Cheshbonit Vendor.055712.30.pdf,,,,,2025-04,U097
f751d244,holdings.office1@gmail.com,0596564a,3202,4/22/2025,304160,חשבון גז, ₪63.92,4/22/2025,2-3/25,Purchases_Files_/f751d244.Cheshbonit Vendor.060353.92.pdf,,,,,2025-04,U102
035b8324,holdings.office1@gmail.com,0596564a,3205,4/22/2025,304165,חשבון גז, ₪72.55,4/22/2025,2-3/25,Purchases_Files_/035b8324.Cheshbonit Vendor.060449.55.pdf,,,,,2025-04,U102
c4009982,holdings.office1@gmail.com,0596564a,3225,4/22/2025,304175,חשבון גז, ₪46.67,4/22/2025,2-3/25,Purchases_Files_/c4009982.Cheshbonit Vendor.060554.67.pdf,,,,,2025-04,U102
4abc2d99,holdings.office1@gmail.com,0596564a,3228,4/22/2025,304177,חשבון גז, ₪107.04,4/22/2025,2-3/25,Purchases_Files_/4abc2d99.Cheshbonit Vendor.060645.04.pdf,,,,,2025-04,U102
fcda9483,holdings.office1@gmail.com,0596564a,2031,4/22/2025,304180,חשבון גז, ₪218.85,4/22/2025,2-3/25,Purchases_Files_/fcda9483.Cheshbonit Vendor.060736.85.pdf,,,,,2025-04,U095
1017775b,holdings.office1@gmail.com,0596564a,2047,4/22/2025,304185,חשבון גז, ₪145.67,4/22/2025,2-3/25,Purchases_Files_/1017775b.Cheshbonit Vendor.060840.67.pdf,,,,,2025-04,U095
f62d130d,holdings.office1@gmail.com,9a38660a,3010,4/22/2025,1354286,ארנונה," ₪10,615.70",4/22/2025,3-4/25,Purchases_Files_/f62d130d.Cheshbonit Vendor.061209.70.pdf,,,,,2025-04,U102
27bcf154,holdings.office1@gmail.com,9a38660a,1f59ee08d,4/22/2025,1543291,ארנונה," ₪18,221.20",4/22/2025,3-4/25,Purchases_Files_/27bcf154.Cheshbonit Vendor.061337.20.pdf,,,,,2025-04,U095
8e843b2a,holdings.office1@gmail.com,fb4521e2,1909,4/27/2025,0-883694,חשבון חשמל, ₪238.22,4/27/2025,8.1-21.4,Purchases_Files_/8e843b2a.Cheshbonit Vendor.061511.22.pdf,,,,,2025-04,U094
3945fd4a,holdings.office1@gmail.com,fb4521e2,1729,4/27/2025,0-053439,חשבון חשמל, ₪50.37,4/27/2025,17.3-14.4,Purchases_Files_/3945fd4a.Cheshbonit Vendor.061606.37.pdf,,,,,2025-04,U052
3c4a1ae1,holdings.office1@gmail.com,0596564a,1841,4/27/2025,0479907,חשבון גז, ₪279.50,4/27/2025,18.1-17.3,Purchases_Files_/3c4a1ae1.Cheshbonit Vendor.061706.5.pdf,,,,,2025-04,U061
685a3749,holdings.office1@gmail.com,0596564a,1913,4/27/2025,0141473,חשבון גז, ₪65.86,4/27/2025,18.1-17.3,Purchases_Files_/685a3749.Cheshbonit Vendor.061901.86.pdf,,,,,2025-04,U095
6e23a73c,holdings.office1@gmail.com,0596564a,0953,4/27/2025,0559849,חשבון גז, ₪355.10,4/27/2025,18.1-17.3,Purchases_Files_/6e23a73c.Cheshbonit Vendor.062059.10.pdf,,,,,2025-04,
f97049c5,holdings.office1@gmail.com,0596564a,0917,4/27/2025,0658971,חשבון גז, ₪341.74,4/27/2025,18.1-17.3,Purchases_Files_/f97049c5.Cheshbonit Vendor.062202.74.pdf,,,,,2025-04,
31ccaebf,holdings.office1@gmail.com,0596564a,0920,4/27/2025,0811810,חשבון גז, ₪240.48,4/27/2025,18.1-17.3,Purchases_Files_/31ccaebf.Cheshbonit Vendor.062656.48.pdf,,,,,2025-04,
332a01ed,holdings.office1@gmail.com,0596564a,0914,4/27/2025,0320333,חשבון גז, ₪411.72,4/27/2025,18.1-17.3,Purchases_Files_/332a01ed.Cheshbonit Vendor.062836.72.pdf,,,,,2025-04,
254efb72,holdings.office1@gmail.com,0596564a,435,4/27/2025,0623678,חשבון גז, ₪118.72,4/27/2025,18.1-17.3,Purchases_Files_/254efb72.Cheshbonit Vendor.063054.72.pdf,,,,,2025-04,U102
c389058c,holdings.office1@gmail.com,0596564a,0454,4/27/2025,0751461,חשבון גז, ₪66.36,4/27/2025,18.1-17.3,Purchases_Files_/c389058c.Cheshbonit Vendor.063511.36.pdf,,,,,2025-04,
a1a66a59,holdings.office1@gmail.com,0596564a,0413,4/27/2025,0887679,חשבון גז, ₪379.03,4/27/2025,18.1-17.3,Purchases_Files_/a1a66a59.Cheshbonit Vendor.063621.03.pdf,,,,,2025-04,
6f311349,holdings.office1@gmail.com,0596564a,2620,4/27/2025,0996819,חשבון גז, ₪47.58,4/27/2025,18.1-17.3,Purchases_Files_/6f311349.Cheshbonit Vendor.063719.58.pdf,,,,,2025-04,U097
1c46f3aa,holdings.office1@gmail.com,0596564a,2614,4/27/2025,0022269,חשבון גז, ₪165.92,4/27/2025,18.1-17.3,Purchases_Files_/1c46f3aa.Cheshbonit Vendor.070017.92.pdf,,,,,2025-04,U097
beed47eb,holdings.office1@gmail.com,0596564a,2642,4/27/2025,0139808,חשבון גז, ₪113.89,4/27/2025,18.1-17.3,Purchases_Files_/beed47eb.Cheshbonit Vendor.070118.89.pdf,,,,,2025-04,U097
67d432f3,holdings.office1@gmail.com,0596564a,1405,4/27/2025,0209197,חשבון גז, ₪193.55,4/27/2025,18.1-17.3,Purchases_Files_/67d432f3.Cheshbonit Vendor.070217.55.pdf,,,,,2025-04,U052
97a66d9b,holdings.office1@gmail.com,0596564a,0939,4/27/2025,0316612,חשבון גז, ₪57.11,4/27/2025,18.1-17.3,Purchases_Files_/97a66d9b.Cheshbonit Vendor.070318.11.pdf,,,,,2025-04,
4df216bf,holdings.office1@gmail.com,0596564a,0443,4/27/2025,0643841,חשבון גז, ₪66.36,4/27/2025,18.1-17.3,Purchases_Files_/4df216bf.Cheshbonit Vendor.075017.36.pdf,,,,,2025-04,
e5c8a950,holdings.office1@gmail.com,0596564a,0427,4/27/2025,0826180,חשבון גז, ₪103.06,4/27/2025,18.1-17.3,Purchases_Files_/e5c8a950.Cheshbonit Vendor.075128.06.pdf,,,,,2025-04,
fb48359b,holdings.office1@gmail.com,0596564a,1909,4/27/2025,0207746,חשבון גז, ₪65.86,4/27/2025,18.1-17.3,Purchases_Files_/fb48359b.Cheshbonit Vendor.075246.86.pdf,,,,,2025-04,U094
1ba335d2,holdings.office1@gmail.com,0596564a,1922,4/27/2025,0827154,חשבון גז, ₪65.86,4/27/2025,18.1-17.3,Purchases_Files_/1ba335d2.Cheshbonit Vendor.075341.86.pdf,,,,,2025-04,U095
d9e11fcf,holdings.office1@gmail.com,0596564a,0416,4/27/2025,0929257,חשבון גז, ₪63.57,4/27/2025,18.1-17.3,Purchases_Files_/d9e11fcf.Cheshbonit Vendor.075435.57.pdf,,,,,2025-04,
bdac253d,holdings.office1@gmail.com,fb4521e2,3217,5/26/2025,0-498238,חשבון חשמל," ₪1,163.80",5/26/2025,11.3-19.5,Purchases_Files_/bdac253d.Cheshbonit Vendor.082509.80.pdf,,,,,2025-05,U102
665bcd2b,holdings.office1@gmail.com,fb4521e2,3013,5/26/2025,0-915470,חשבון חשמל, ₪627.66,5/26/2025,11.3-14.5,Purchases_Files_/665bcd2b.Cheshbonit Vendor.082623.66.pdf,,,,,2025-05,U102
5073828c,holdings.office1@gmail.com,fb4521e2,0914,5/26/2025,0-067793,חשבון חשמל," ₪3,112.47",5/26/2025,8.11-16.3,Purchases_Files_/5073828c.Cheshbonit Vendor.082728.47.pdf,,,,,2025-05,
1e471e8f,holdings.office1@gmail.com,fb4521e2,2606,5/26/2025,0-141689,חשבון חשמל, ₪106.25,5/26/2025,22.1-19.5,Purchases_Files_/1e471e8f.Cheshbonit Vendor.082825.25.pdf,,,,,2025-05,U097
2a6df1e9,holdings.office1@gmail.com,fb4521e2,1723,5/26/2025,0-333551,חשבון חשמל, ₪562.07,5/26/2025,17.3-15.5,Purchases_Files_/2a6df1e9.Cheshbonit Vendor.083048.07.pdf,,,,,2025-05,U052
083596f7,holdings.office1@gmail.com,fb4521e2,3008,5/26/2025,0-016196,חשבון חשמל, ₪273.02,5/26/2025,11.3-14.5,Purchases_Files_/083596f7.Cheshbonit Vendor.083225.02.pdf,,,,,2025-05,U102
f4eaa59b,holdings.office1@gmail.com,fb4521e2,3242,5/26/2025,0-128736,חשבון חשמל, ₪106.25,5/26/2025,22.1-19.5,Purchases_Files_/f4eaa59b.Cheshbonit Vendor.083343.25.pdf,,,,,2025-05,U102
8b946d99,holdings.office1@gmail.com,fb4521e2,3222,5/26/2025,0-222562,חשבון חשמל, ₪117.78,5/26/2025,22.1-19.5,Purchases_Files_/8b946d99.Cheshbonit Vendor.083453.78.pdf,,,,,2025-05,U102
878785f0,holdings.office1@gmail.com,fb4521e2,0416,5/26/2025,0-415828,חשבון חשמל, ₪59.20,5/26/2025,17.3-18.5,Purchases_Files_/878785f0.Cheshbonit Vendor.083605.20.pdf,,,,,2025-05,
5d4e9a8f,holdings.office1@gmail.com,fb4521e2,1816,5/26/2025,0-094482,חשבון חשמל, ₪512.14,5/20/2025,17.3-15.5,Purchases_Files_/5d4e9a8f.Cheshbonit Vendor.083840.14.pdf,,,,,2025-05,U052
0818ab00,holdings.office1@gmail.com,fb4521e2,0939,5/26/2025,0-200386,חשבון חשמל, ₪58.52,5/26/2025,8.1-18.5,Purchases_Files_/0818ab00.Cheshbonit Vendor.083955.52.pdf,,,,,2025-05,
76e9389f,holdings.office1@gmail.com,fb4521e2,1851,5/26/2025,0-826693,חשבון חשמל, ₪67.73,5/26/2025,18.3-29.4,Purchases_Files_/76e9389f.Cheshbonit Vendor.090029.73.pdf,,,,,2025-05,U061
9384a587,holdings.office1@gmail.com,fb4521e2,1f59ee08d,5/26/2025,0-018762,חשבון חשמל, ₪150.70,5/26/2025,8.11-24.3 נילי 1/2,Purchases_Files_/9384a587.Cheshbonit Vendor.102930.70.pdf,,,,,2025-05,U095
744b9b81,holdings.office1@gmail.com,fb4521e2,2118,5/26/2025,0-327262,חשבון חשמל, ₪242.93,5/26/2025,11.3-14.5,Purchases_Files_/744b9b81.Cheshbonit Vendor.103140.93.pdf,,,,,2025-05,U097
6b753e10,holdings.office1@gmail.com,fb4521e2,2120,5/26/2025,0-446849,חשבון חשמל, ₪289.02,5/26/2025,11.3-14.5,Purchases_Files_/6b753e10.Cheshbonit Vendor.103411.02.pdf,,,,,2025-05,U097
c43453a2,holdings.office1@gmail.com,fb4521e2,1849,5/26/2025,0-584508,חשבון חשמל, ₪52.41,5/26/2025,30.3-29.4,Purchases_Files_/c43453a2.Cheshbonit Vendor.103514.41.pdf,,,,,2025-05,U061
ad23fa5f,holdings.office1@gmail.com,fb4521e2,2023,5/26/2025,0-684456,חשבון חשמל, ₪218.95,5/26/2025,17.3-15.5,Purchases_Files_/ad23fa5f.Cheshbonit Vendor.103852.95.pdf,,,,,2025-05,U095
729e5eae,holdings.office1@gmail.com,0596564a,2642,5/27/2025,80513867,חשבון גז, ₪103.50,5/27/2025,18.3-16.5,Purchases_Files_/729e5eae.Cheshbonit Vendor.063510.5.pdf,,,,,2025-05,U097
9104351f,holdings.office1@gmail.com,0596564a,0914,5/27/2025,0-819961,חשבון גז, ₪352.08,5/27/2025,18.3-16.5,Purchases_Files_/9104351f.Cheshbonit Vendor.063622.08.pdf,,,,,2025-05,
3cc3c596,holdings.office1@gmail.com,0596564a,2620,6/3/2025,0-010884,חשבון גז, ₪137.52,5/27/2025,18.3-16.5,Purchases_Files_/3cc3c596.Cheshbonit Vendor.063732.52.pdf,,,,,2025-06,U097
9f928a4a,holdings.office1@gmail.com,0596564a,0443,5/27/2025,0-433276,חשבון גז, ₪66.98,5/27/2025,18.3-16.5,Purchases_Files_/9f928a4a.Cheshbonit Vendor.063837.98.pdf,,,,,2025-05,
11e29c28,holdings.office1@gmail.com,0596564a,0427,5/27/2025,0-615666,חשבון גז, ₪428.00,5/27/2025,18.3-16.5,Purchases_Files_/11e29c28.Cheshbonit Vendor.063936.pdf,,,,,2025-05,
5187ffbf,holdings.office1@gmail.com,0596564a,0917,5/27/2025,0-691154,חשבון גז, ₪344.70,5/27/2025,18.3-16.5,Purchases_Files_/5187ffbf.Cheshbonit Vendor.064033.70.pdf,,,,,2025-05,
8771b141,holdings.office1@gmail.com,0596564a,1913,5/27/2025,0-783613,חשבון גז, ₪104.01,5/27/2025,18.3-16.5,Purchases_Files_/8771b141.Cheshbonit Vendor.064126.01.pdf,,,,,2025-05,U095
526c4d22,holdings.office1@gmail.com,0596564a,435,5/27/2025,0-856922,חשבון גז, ₪95.83,5/27/2025,18.3-16.5,Purchases_Files_/526c4d22.Cheshbonit Vendor.064239.83.pdf,,,,,2025-05,U102
8d67bb39,holdings.office1@gmail.com,0596564a,1405,5/27/2025,0-960989,חשבון גז, ₪206.72,5/27/2025,18.3-16.5,Purchases_Files_/8d67bb39.Cheshbonit Vendor.064445.72.pdf,,,,,2025-05,U052
f38b9180,holdings.office1@gmail.com,0596564a,1841,5/27/2025,0-239020,חשבון גז, ₪264.11,5/27/2025,18.3-16.5,Purchases_Files_/f38b9180.Cheshbonit Vendor.064557.11.pdf,,,,,2025-05,U061
e6186085,holdings.office1@gmail.com,0596564a,0413,5/27/2025,0-269415,חשבון גז, ₪67.48,5/27/2025,18.3-16.5,Purchases_Files_/e6186085.Cheshbonit Vendor.064651.48.pdf,,,,,2025-05,
ec2e346f,yuri@emmaleh.com,b3269089,186dafa2a,6/3/2025,,Yad2, ₪700.00,,,Purchases_Files_/ec2e346f.Cheshbonit Vendor.083153.Pdf,,,,,2025-06,U094
ebec4db1,holdings.office1@gmail.com,0596564a,0920,6/5/2025,0199828,חשבון גז, ₪204.57,6/5/2025,18.3-16.5,Purchases_Files_/ebec4db1.Cheshbonit Vendor.095447.57.pdf,,,,,2025-06,
64c23d62,holdings.office1@gmail.com,0596564a,0939,6/5/2025,0375832,חשבון גז, ₪57.67,6/5/2025,18.3-16.5,Purchases_Files_/64c23d62.Cheshbonit Vendor.095548.67.pdf,,,,,2025-06,
831b947d,holdings.office1@gmail.com,0596564a,2614,6/5/2025,0450932,חשבון גז, ₪194.07,6/5/2025,18.3-16.5,Purchases_Files_/831b947d.Cheshbonit Vendor.095651.07.pdf,,,,,2025-06,U097
7402918f,yuri@emmaleh.com,b3269088,1922,6/9/2025,,"WM Side Door , Moving (Hovala)"," ₪1,190.00",,,Purchases_Files_/7402918f.Cheshbonit Vendor.072512.pdf,,,,,2025-06,U095
d12f1175,yuri@emmaleh.com,b3269088,1816,6/20/2025,,"Electric Burners , Toaster Oven", ₪880.09,,,Purchases_Files_/d12f1175.Cheshbonit Vendor.064135.09.pdf,,,,,2025-06,U052
048f9a1a,rickicohenlahav@gmail.com,7b918db5,186dafa2a,6/3/2025,,Office Safe for Checks, ₪120.00,,,Purchases_Images/048f9a1a.Cheshbonit Vendor.051932.jpg,,,Ricki,,,
7a690fc0,yuri@emmaleh.com,b3269088,2008,6/29/2025,,"Moving (Hovala) , Regualr Fridge"," ₪2,081.00",,,Purchases_Files_/7a690fc0.Cheshbonit Vendor.072226.pdf,,,yurigaria@gmail.com,,,
8d6fa772,yuri@emmaleh.com,b3269088,1715,7/2/2025,,Big fan, ₪365.00,,,Purchases_Files_/8d6fa772.Cheshbonit Vendor.071624.pdf,,,yurigaria@gmail.com,,,
f0cf5b0c,yuri@emmaleh.com,b3269089,186dafa2a,7/3/2025,,Yad2, ₪700.00,,,Purchases_Files_/f0cf5b0c.Cheshbonit Vendor.071138.Pdf,,,,,,
b646e0bb,yuri@emmaleh.com,b3269090,186dafa2a,7/6/2025,,OFFICE RENT," ₪2,709.93",,,Purchases_Files_/b646e0bb.Cheshbonit Vendor.091916.pdf,,,,,,
7e3cc87c,yuri@emmaleh.com,b3269088,0914,7/14/2025,,"Moving (Hovala) , Toaster Oven , Big Fridge"," ₪2,780.00",,,Purchases_Files_/7e3cc87c.Cheshbonit Vendor.082117.pdf,,,,,,
7e47c1c2,yuri@emmaleh.com,b3269088,3237,7/15/2025,,"Moving (Hovala) , WM Side Door"," ₪1,240.00",,,Purchases_Files_/7e47c1c2.Cheshbonit Vendor.070825.pdf,,,,,,
e266a30a,yuri@emmaleh.com,b3269088,2044,7/15/2025,,"Moving (Hovala) , Regualr Fridge"," ₪2,051.00",,,Purchases_Files_/e266a30a.Cheshbonit Vendor.071507.pdf,,,,,,
a50b39b6,holdings.office1@gmail.com,0596564a,1909,6/8/2025,0-768283,חשבון גז, ₪11.65,7/16/2025,18.3-16.5,Purchases_Files_/a50b39b6.Cheshbonit Vendor.062126.65.pdf,,,Zehavit,,,
6c0592aa,holdings.office1@gmail.com,0596564a,0953,6/8/2025,0-856427,חשבון גז, ₪366.35,6/8/2025,18.3-16.5,Purchases_Files_/6c0592aa.Cheshbonit Vendor.062320.35.pdf,,,Zehavit,,,
dd4f98a7,holdings.office1@gmail.com,0596564a,0416,6/8/2025,0-048371,חשבון גז, ₪64.65,6/8/0025,18.3-16.5,Purchases_Files_/dd4f98a7.Cheshbonit Vendor.062712.65.pdf,,,Zehavit,,,
2b8e40cd,holdings.office1@gmail.com,0596564a,1922,6/8/2025,0-108100,חשבון גז, ₪66.98,6/8/2025,18.3-16.5,Purchases_Files_/2b8e40cd.Cheshbonit Vendor.062938.98.pdf,,,Zehavit,,,
2874ba89,holdings.office1@gmail.com,0596564a,0454,6/8/2025,0-540005,חשבון גז, ₪66.98,6/8/2025,18.3-16.5,Purchases_Files_/2874ba89.Cheshbonit Vendor.063048.98.pdf,,,Zehavit,,,
9b7e5886,holdings.office1@gmail.com,0596564a,2626,6/8/2025,0-039412,חשבון גז, ₪920.27,6/8/2025,שולם לבקשת יורי הדיירים העבירו את הכסף לחשבון של השקעות,Purchases_Files_/9b7e5886.Cheshbonit Vendor.063148.27.pdf,,,Zehavit,,,
05261a20,holdings.office1@gmail.com,9a38660a,1f59ee08d,6/9/2025,1378962,ארנונה, ₪223.00,6/9/2025,איגרת מידע תכנוני שולם לבקשת יורי,Purchases_Files_/05261a20.Cheshbonit Vendor.063251.pdf,,,Zehavit,,,
7580201f,holdings.office1@gmail.com,fc46cf6f,1f59ee08d,6/9/2025,0-459206,חשבון מים," ₪8,660.85",6/9/2025,2-3/25,Purchases_Files_/7580201f.Cheshbonit Vendor.063403.85.pdf,,,Zehavit,,,
1b3008ac,holdings.office1@gmail.com,fc46cf6f,3010,6/9/2025,0-551531,חשבון מים," ₪5,497.55",6/9/2025,2-3/25,Purchases_Files_/1b3008ac.Cheshbonit Vendor.063458.55.pdf,,,Zehavit,,,
2fbb8cd8,holdings.office1@gmail.com,fc46cf6f,1304,6/9/2025,0-771071,חשבון מים, ₪0.19,6/9/2025,2-3/25,Purchases_Files_/2fbb8cd8.Cheshbonit Vendor.064001.19.pdf,,,Zehavit,,,
2a03f90a,holdings.office1@gmail.com,fb4521e2,1922,6/11/2025,0-484121,חשבון חשמל, ₪84.70,6/11/2025,24.4-6.6,Purchases_Files_/2a03f90a.Cheshbonit Vendor.064111.70.pdf,,,Zehavit,,,
ccd7b584,holdings.office1@gmail.com,fc46cf6f,2702,6/11/2025,0-810275,חשבון מים, ₪433.14,6/11/2025,2-3/25,Purchases_Files_/ccd7b584.Cheshbonit Vendor.064201.14.pdf,,,Zehavit,,,
7f998c6b,holdings.office1@gmail.com,fb4521e2,0920,6/16/2025,0-819102,חשבון חשמל, ₪167.09,6/16/2025,17.3-18.5 שולם לבקשת יורי,Purchases_Files_/7f998c6b.Cheshbonit Vendor.064355.09.pdf,,,Zehavit,,,
e6ed1302,holdings.office1@gmail.com,fb4521e2,2614,6/16/2025,0-988576,חשבון חשמל, ₪201.13,6/16/2025,11.3-19.5 שולם לבקשת יורי,Purchases_Files_/e6ed1302.Cheshbonit Vendor.054712.13.pdf,,,Zehavit,,,
4f648d54,holdings.office1@gmail.com,9a38660a,1807,6/18/2025,1381595,ארנונה, ₪98.80,6/18/2025,15.6-30.6,Purchases_Files_/4f648d54.Cheshbonit Vendor.071436.80.pdf,,,Zehavit,,,
91096c6d,holdings.office1@gmail.com,9a38660a,3242,6/18/2025,1281598,ארנונה, ₪199.70,6/18/2025,1.5-31.5,Purchases_Files_/91096c6d.Cheshbonit Vendor.071810.70.pdf,,,Zehavit,,,
db88d6a3,holdings.office1@gmail.com,5c006567,2047,6/18/2025,111765,חשבון גז, ₪81.10,6/18/2025,4-5/25,Purchases_Files_/db88d6a3.Cheshbonit Vendor.071949.10.pdf,,,Zehavit,,,
dbb5b27f,holdings.office1@gmail.com,5c006567,2031,6/18/2025,188.72,"חשבון חשמל , חשבון גז", ₪188.72,6/18/2025,4-5/25,Purchases_Files_/dbb5b27f.Cheshbonit Vendor.072145.72.pdf,,,Zehavit,,,
9698df4b,holdings.office1@gmail.com,5c006567,3228,6/18/2025,77658,חשבון גז, ₪98.41,6/18/2025,4-5/25,Purchases_Files_/9698df4b.Cheshbonit Vendor.072236.41.pdf,,,Zehavit,,,
137e73cc,holdings.office1@gmail.com,5c006567,3225,6/18/2025,190843,חשבון גז, ₪42.36,6/18/2025,4-5/25,Purchases_Files_/137e73cc.Cheshbonit Vendor.072334.36.pdf,,,Zehavit,,,
bcbf177a,holdings.office1@gmail.com,5c006567,3205,6/18/2025,215236,חשבון גז, ₪63.92,6/18/2025,4-5/25,Purchases_Files_/bcbf177a.Cheshbonit Vendor.072641.92.pdf,,,Zehavit,,,
933ab491,holdings.office1@gmail.com,9a38660a,3010,6/24/2025,1382276,ארנונה," ₪5,351.60",6/24/2025,5-6/25,Purchases_Files_/933ab491.Cheshbonit Vendor.073436.60.pdf,,,Zehavit,,,
f92ca866,holdings.office1@gmail.com,9a38660a,1f59ee08d,6/24/2025,1382283,ארנונה," ₪17,395.50",6/24/2025,5-6/25,Purchases_Files_/f92ca866.Cheshbonit Vendor.073634.5.pdf,,,Zehavit,,,
ef5ffb8a,holdings.office1@gmail.com,9a38660a,2702,6/24/2025,1382281,ארנונה, ₪758.50,6/24/2025,5-6/25,Purchases_Files_/ef5ffb8a.Cheshbonit Vendor.074314.50.pdf,,,Zehavit,,,
5195020f,holdings.office1@gmail.com,9a38660a,1724,6/24/2025,1382277,ארנונה, ₪283.90,6/24/2025,18.5-30.6,Purchases_Files_/5195020f.Cheshbonit Vendor.053926.90.pdf,,,Zehavit,,,
767d95e7,holdings.office1@gmail.com,fb4521e2,1816,6/29/2025,0-900704,חשבון חשמל, ₪274.41,6/29/2025,16.5-17.6,Purchases_Files_/767d95e7.Cheshbonit Vendor.054026.41.pdf,,,Zehavit,,,
84fd3371,holdings.office1@gmail.com,fb4521e2,1f59ee08d,6/29/2025,0-463158,חשבון חשמל, ₪50.74,6/29/2025,25.3-15.5 נילי 1/1,Purchases_Files_/84fd3371.Cheshbonit Vendor.054132.74.pdf,,,Zehavit,,,
a6cbea6e,holdings.office1@gmail.com,fb4521e2,1f59ee08d,6/29/2025,0-209478,חשבון חשמל, ₪50.74,6/29/2025,25.3-15.5 נילי 1/2,Purchases_Files_/a6cbea6e.Cheshbonit Vendor.054230.74.pdf,,,Zehavit,,,
7e6f8865,holdings.office1@gmail.com,fc46cf6f,1724,7/8/2025,0-961367,חשבון מים, ₪8.40,7/8/2025,4-5/25,Purchases_Files_/7e6f8865.Cheshbonit Vendor.054321.40.pdf,,,Zehavit,,,
6ce58469,holdings.office1@gmail.com,fc46cf6f,2702,7/8/2025,0-485532,חשבון מים, ₪728.04,7/8/2025,4-5/25,Purchases_Files_/6ce58469.Cheshbonit Vendor.091247.04.pdf,,,Zehavit,,,
e210922d,holdings.office1@gmail.com,9a38660a,1f59ee08d,7/13/2025,0-328039,ארנונה, ₪284.20,7/13/2025,"תשלום צו ניקיון 76,82,83",Purchases_Files_/e210922d.Cheshbonit Vendor.054622.20.pdf,,,Zehavit,,,
5ffe3835,holdings.office1@gmail.com,9a38660a,0416,7/13/2025,0-419051,ארנונה, ₪94.80,7/13/2025,תשלום צו ניקיון,Purchases_Files_/5ffe3835.Cheshbonit Vendor.054832.80.pdf,,,Zehavit,,,
19c9408e,holdings.office1@gmail.com,fb4521e2,1432,7/16/2025,0-520627,חשבון חשמל, ₪21.72,7/16/2025,4.7-11.7,Purchases_Files_/19c9408e.Cheshbonit Vendor.054922.72.pdf,,,Zehavit,,,
36b48d89,holdings.office1@gmail.com,fb4521e2,3013,7/20/2025,0287623,חשבון חשמל," ₪1,050.79",7/20/2025,15.5-16.7,Purchases_Files_/36b48d89.Cheshbonit Vendor.055144.79.pdf,,,Zehavit,,,
465fb898,holdings.office1@gmail.com,fb4521e2,2120,7/20/2025,0491597,חשבון חשמל, ₪536.11,7/20/2025,15.5-16.7,Purchases_Files_/465fb898.Cheshbonit Vendor.055256.11.pdf,,,Zehavit,,,
5025e03f,holdings.office1@gmail.com,fb4521e2,1723,7/20/2025,0568055,חשבון חשמל, ₪451.32,7/20/2025,16.5-16.7,Purchases_Files_/5025e03f.Cheshbonit Vendor.055415.32.pdf,,,Zehavit,,,
251c8fcb,holdings.office1@gmail.com,fb4521e2,2118,7/20/2025,0638460,חשבון חשמל, ₪214.13,7/20/2025,15.5-16.7,Purchases_Files_/251c8fcb.Cheshbonit Vendor.060101.13.pdf,,,Zehavit,,,
d39650a8,holdings.office1@gmail.com,fb4521e2,1807,7/20/2025,0748137,חשבון חשמל, ₪78.02,7/20/2025,16.6-16.7,Purchases_Files_/d39650a8.Cheshbonit Vendor.060210.02.pdf,,,Zehavit,,,
7184feea,holdings.office1@gmail.com,fb4521e2,0939,7/20/2025,0523167,חשבון חשמל, ₪56.02,7/20/2025,19.5-16.7,Purchases_Files_/7184feea.Cheshbonit Vendor.063542.02.pdf,,,Zehavit,,,
04a86918,holdings.office1@gmail.com,fb4521e2,3008,7/20/2025,0733444,חשבון חשמל, ₪160.99,7/20/2025,15.5-16.7,Purchases_Files_/04a86918.Cheshbonit Vendor.063757.99.pdf,,,Zehavit,,,
86171b6f,holdings.office1@gmail.com,fb4521e2,0416,7/20/2025,0998492,חשבון חשמל, ₪55.38,7/20/2025,19.5-16.7,Purchases_Files_/86171b6f.Cheshbonit Vendor.063956.38.pdf,,,Zehavit,,,
66375d48,holdings.office1@gmail.com,fb4521e2,0454,7/21/2025,0944801,חשבון חשמל, ₪75.96,7/21/2025,19.5-16.7,Purchases_Files_/66375d48.Cheshbonit Vendor.092123.96.pdf,,,Zehavit,,,
80ae22cc,yuri@emmaleh.com,b3269088,2056,7/24/2025,,"Moving (Hovala) , Regualr Fridge"," ₪2,051.00",,,Purchases_Files_/80ae22cc.Cheshbonit Vendor.082231.pdf,,,yurigaria@gmail.com,,,
e5ce7660,yuri@emmaleh.com,f5e5f165,1807,8/6/2025,,Closet," ₪1,299.00",,,Purchases_Files_/e5ce7660.Cheshbonit Vendor.082322.pdf,,,,,,
0f7a298b,yuri@emmaleh.com,b3269090,186dafa2a,8/7/2025,,OFFICE RENT," ₪2,640.60",,,Purchases_Files_/0f7a298b.Cheshbonit Vendor.100103.pdf,,,yurigaria@gmail.com,,,
19cb48bd,holdings.office1@gmail.com,5c006567,2013,7/21/2025,37549,חשבון גז, ₪587.41,7/21/2025,4.24-5.25,Purchases_Files_/19cb48bd.Cheshbonit Vendor.055406.41.pdf,,,Zehavit,,,
582791b5,holdings.office1@gmail.com,fb4521e2,1308,7/22/2025,0-470559,חשבון חשמל, ₪154.61,7/22/2025,גמר חשבון דיירים שולם לבקשת יורי,Purchases_Files_/582791b5.Cheshbonit Vendor.055459.61.pdf,,,Zehavit,,,
eb3e6098,holdings.office1@gmail.com,fb4521e2,3222,7/22/2025,0-929844,חשבון חשמל, ₪79.39,7/22/2025,20.5-18.7,Purchases_Files_/eb3e6098.Cheshbonit Vendor.055547.39.pdf,,,Zehavit,,,
79474f3d,holdings.office1@gmail.com,fb4521e2,2606,7/22/2025,0-400135,חשבון חשמל, ₪56.35,7/22/2025,20.5-18.7,Purchases_Files_/79474f3d.Cheshbonit Vendor.055651.35.pdf,,,Zehavit,,,
3bc71932,holdings.office1@gmail.com,fb4521e2,2023,7/22/2025,0-731141,חשבון חשמל, ₪485.55,7/22/2025,0-731141,Purchases_Files_/3bc71932.Cheshbonit Vendor.055840.55.pdf,,,Zehavit,,,
36d6a8a6,holdings.office1@gmail.com,fc46cf6f,1f59ee08d,7/23/2025,0-008367,חשבון מים," ₪9,733.63",7/23/2025,4-5/25,Purchases_Files_/36d6a8a6.Cheshbonit Vendor.055942.63.pdf,,,Zehavit,,,
5ec62507,holdings.office1@gmail.com,fc46cf6f,3010,7/23/2025,0-062109,חשבון מים," ₪5,672.32",7/23/2025,4-5/25,Purchases_Files_/5ec62507.Cheshbonit Vendor.060045.32.pdf,,,Zehavit,,,
a1035651,holdings.office1@gmail.com,fb4521e2,3242,7/23/2025,0-993188,חשבון חשמל, ₪56.35,7/23/2025,20.5-18.7,Purchases_Files_/a1035651.Cheshbonit Vendor.060133.35.pdf,,,Zehavit,,,
2ec93b3c,holdings.office1@gmail.com,fb4521e2,3217,7/23/2025,0-196626,חשבון חשמל," ₪1,417.31",7/23/2025,20.5-18.7,Purchases_Files_/2ec93b3c.Cheshbonit Vendor.060315.31.pdf,,,Zehavit,,,
a9177cc9,holdings.office1@gmail.com,0596564a,435,7/23/2025,0607028,חשבון גז, ₪99.20,7/23/2025,17.5-15.7,Purchases_Files_/a9177cc9.Cheshbonit Vendor.060507.20.pdf,,,Zehavit,,,
e2b1956b,holdings.office1@gmail.com,0596564a,2614,7/23/2025,0646729,חשבון גז, ₪67.48,7/23/2025,17.5-15.7,Purchases_Files_/e2b1956b.Cheshbonit Vendor.060603.48.pdf,,,Zehavit,,,
d17c5ef3,holdings.office1@gmail.com,0596564a,0920,7/23/2025,0734681,חשבון גז, ₪244.59,7/23/2025,17.5-15.7,Purchases_Files_/d17c5ef3.Cheshbonit Vendor.060706.59.pdf,,,Zehavit,,,
95842ffa,holdings.office1@gmail.com,0596564a,0914,7/23/2025,0783183,חשבון גז, ₪279.12,7/23/2025,17.5-15.7,Purchases_Files_/95842ffa.Cheshbonit Vendor.060756.12.pdf,,,Zehavit,,,
17b4e3f3,holdings.office1@gmail.com,0596564a,0413,7/23/2025,0722249,חשבון גז, ₪66.98,7/23/2025,17.5-15.7,Purchases_Files_/17b4e3f3.Cheshbonit Vendor.060853.98.pdf,,,Zehavit,,,
09174e4b,holdings.office1@gmail.com,0596564a,1405,7/23/2025,0782144,חשבון גז, ₪113.83,7/23/2025,17.5-15.7,Purchases_Files_/09174e4b.Cheshbonit Vendor.061004.83.pdf,,,Zehavit,,,
e00ae30b,holdings.office1@gmail.com,0596564a,0443,7/23/2025,0844043,חשבון גז, ₪66.98,7/23/2025,17.5-15.7,Purchases_Files_/e00ae30b.Cheshbonit Vendor.061104.98.pdf,,,Zehavit,,,
219e7eb9,holdings.office1@gmail.com,0596564a,0939,7/23/2025,0979302,חשבון גז, ₪61.16,7/23/2025,17.5-15.7,Purchases_Files_/219e7eb9.Cheshbonit Vendor.061159.16.pdf,,,Zehavit,,,
413bf309,holdings.office1@gmail.com,0596564a,2626,7/23/2025,0058354,חשבון גז, ₪296.12,7/23/2025,17.5-15.7,Purchases_Files_/413bf309.Cheshbonit Vendor.061303.12.pdf,,,Zehavit,,,
d3e3be11,holdings.office1@gmail.com,0596564a,0427,7/23/2025,0719104,חשבון גז, ₪495.21,7/23/2025,17.5-15.7,Purchases_Files_/d3e3be11.Cheshbonit Vendor.061411.21.pdf,,,Zehavit,,,
89d798cb,holdings.office1@gmail.com,0596564a,2620,7/23/2025,0077396,חשבון גז, ₪134.03,7/23/2025,17.5-15.7,Purchases_Files_/89d798cb.Cheshbonit Vendor.061514.03.pdf,,,Zehavit,,,
c4d384dc,holdings.office1@gmail.com,0596564a,0917,7/23/2025,0224923,חשבון גז, ₪296.12,7/23/2025,17.5-15.7,Purchases_Files_/c4d384dc.Cheshbonit Vendor.061606.12.pdf,,,Zehavit,,,
da10891d,holdings.office1@gmail.com,0596564a,1841,7/23/2025,0525204,חשבון גז, ₪236.59,7/23/2025,17.5-15.7,Purchases_Files_/da10891d.Cheshbonit Vendor.061707.59.pdf,,,Zehavit,,,
228495b2,holdings.office1@gmail.com,0596564a,2642,7/23/2025,0418699,חשבון גז, ₪82.99,7/23/2025,17.5-15.7,Purchases_Files_/228495b2.Cheshbonit Vendor.061755.99.pdf,,,Zehavit,,,
23dbf173,holdings.office1@gmail.com,0596564a,1913,7/23/2025,0507087,חשבון גז, ₪73.48,7/23/2025,17.5-15.7,Purchases_Files_/23dbf173.Cheshbonit Vendor.061859.48.pdf,,,Zehavit,,,
cbb29a97,holdings.office1@gmail.com,0596564a,0953,7/23/2025,0043117,חשבון גז, ₪215.58,7/23/2025,17.5-15.7,Purchases_Files_/cbb29a97.Cheshbonit Vendor.062008.58.pdf,,,Zehavit,,,
185f0bab,holdings.office1@gmail.com,0596564a,0454,7/23/2025,0162255,חשבון גז, ₪66.98,7/23/2025,17.5-15.7,Purchases_Files_/185f0bab.Cheshbonit Vendor.062104.98.pdf,,,Zehavit,,,
82c41498,yuri@emmaleh.com,b3269089,186dafa2a,7/7/2025,,Yad2, ₪303.00,,,Purchases_Files_/82c41498.Cheshbonit Vendor.080202.Pdf,,,,,,
61228141,yuri@emmaleh.com,b3269089,186dafa2a,7/6/2025,,Yad2, ₪315.00,,,Purchases_Files_/61228141.Cheshbonit Vendor.080313.Pdf,,,,,,
6fdd0b7c,yuri@emmaleh.com,b3269088,1925,8/12/2025,,"Regualr Fridge , Moving (Hovala)"," ₪2,250.00",,,Purchases_Files_/6fdd0b7c.Cheshbonit Vendor.082411.pdf,,,Yuri,,,
963b9829,yuri@emmaleh.com,b3269089,186dafa2a,8/13/2025,,Yad2, ₪245.00,,,Purchases_Files_/963b9829.Cheshbonit Vendor.102326.Pdf,,,Yuri,,,
0dc129ad,yuri@emmaleh.com,b3269088,1930,8/17/2025,,"Electric Burners , Toaster Oven", ₪691.00,,,Purchases_Files_/0dc129ad.Cheshbonit Vendor.072616.pdf,,,Yuri,,,
a87b2037,yuri@emmaleh.com,b3269088,1922,8/18/2025,,Electric Burners, ₪386.00,,,Purchases_Files_/a87b2037.Cheshbonit Vendor.082512.pdf,,,Yuri,,,
301ad01d,yuri@emmaleh.com,9a38660a,186dafa2a,8/19/2025,,ארנונה, ₪349.00,,היתר הריסה נילי 1,Purchases_Files_/301ad01d.Cheshbonit Vendor.070641.pdf,,,holdings.office1@gmail.com,,,
d249af9a,yuri@emmaleh.com,18164a49,1927,8/25/2025,,Electric Burners, ₪350.00,,,Purchases_Images/d249af9a.Cheshbonit Vendor.120403.jpg,,,Yuri,,,
5b85efc7,yuri@emmaleh.com,b3269088,2805,9/1/2025,,Electric Burners, ₪224.00,,,Purchases_Files_/5b85efc7.Cheshbonit Vendor.082647.pdf,,,Yuri,,,
28fbfbff,yuri@emmaleh.com,6ffe01d6,1807,9/8/2025,,Bed + Mattress," ₪1,000.00",,,Purchases_Files_/28fbfbff.Cheshbonit Vendor.071349.pdf,,,Yuri,,,
85dbcad1,yuri@emmaleh.com,6ffe01d6,1706,9/8/2025,,Bed + Mattress," ₪1,050.00",,,Purchases_Files_/85dbcad1.Cheshbonit Vendor.071431.pdf,,,Yuri,,,
0d113835,holdings.office1@gmail.com,fb4521e2,1807,8/18/2025,0-947713,חשבון חשמל, ₪37.93,8/18/2025,17.7-30.7,Purchases_Files_/0d113835.Cheshbonit Vendor.053558.93.pdf,,,Zehavit,,,
cfb500d3,holdings.office1@gmail.com,9a38660a,1f59ee08d,8/19/2025,1407176,ארנונה, ₪349.00,8/19/2025,שובר למהנדס שולם לבקשת יורי,Purchases_Files_/cfb500d3.Cheshbonit Vendor.053727.pdf,,,Zehavit,,,
8b2dc56f,holdings.office1@gmail.com,0596564a,1715,8/19/2025,0-979252,חשבון גז, ₪497.19,8/19/2025,9.24-6.25,Purchases_Files_/8b2dc56f.Cheshbonit Vendor.053929.19.pdf,,,Zehavit,,,
22b4531b,holdings.office1@gmail.com,fb4521e2,0914,8/19/2025,0-428557,חשבון חשמל," ₪1,015.11",8/19/2025,17.3-18.5 שולם באישור יורי,Purchases_Files_/22b4531b.Cheshbonit Vendor.054016.11.pdf,,,Zehavit,,,
92e354c1,holdings.office1@gmail.com,fb4521e2,0914,8/19/2025,0-514166,חשבון חשמל, ₪810.18,8/19/2025,19.5-16.7 שולם באישור יורי,Purchases_Files_/92e354c1.Cheshbonit Vendor.054103.18.pdf,,,Zehavit,,,
807aaf63,holdings.office1@gmail.com,0596564a,1433,8/21/2025,0-494971,חשבון גז, ₪425.00,8/21/2025,שינוי מיקום ברז גז,Purchases_Files_/807aaf63.Cheshbonit Vendor.054203.pdf,,,Zehavit,,,
33b1cdc1,holdings.office1@gmail.com,9a38660a,2702,8/21/2025,1407618,ארנונה, ₪787.70,8/21/2025,7-8/25,Purchases_Files_/33b1cdc1.Cheshbonit Vendor.054301.70.pdf,,,Zehavit,,,
bbbf3a9c,holdings.office1@gmail.com,9a38660a,1432,8/21/2025,1407607,ארנונה, ₪498.20,8/21/2025,1/5-3/7,Purchases_Files_/bbbf3a9c.Cheshbonit Vendor.054354.20.pdf,,,Zehavit,,,
27021050,holdings.office1@gmail.com,9a38660a,1724,8/21/2025,1407602,ארנונה, ₪307.90,8/21/2025,7-8/25,Purchases_Files_/27021050.Cheshbonit Vendor.054445.90.pdf,,,Zehavit,,,
c549ba89,holdings.office1@gmail.com,5c006567,3202,8/24/2025,396942,חשבון גז, ₪147.92,8/24/2025,4-7/25,Purchases_Files_/c549ba89.Cheshbonit Vendor.054551.92.pdf,,,Zehavit,,,
866f321a,holdings.office1@gmail.com,5c006567,3205,8/24/2025,396953,חשבון גז, ₪66.75,8/24/2025,6-7/25,Purchases_Files_/866f321a.Cheshbonit Vendor.054650.75.pdf,,,Zehavit,,,
eec92694,holdings.office1@gmail.com,5c006567,3225,8/24/2025,396960,חשבון גז, ₪45.19,8/24/2025,6-7/25,Purchases_Files_/eec92694.Cheshbonit Vendor.054746.19.pdf,,,Zehavit,,,
817aff78,holdings.office1@gmail.com,5c006567,3228,8/24/2025,396964,חשבון גז, ₪161.61,8/24/2025,6-7/25,Purchases_Files_/817aff78.Cheshbonit Vendor.055235.61.pdf,,,Zehavit,,,
f90c643b,holdings.office1@gmail.com,5c006567,2013,8/24/2025,396980,חשבון גז, ₪116.15,8/24/2025,6-7/25,Purchases_Files_/f90c643b.Cheshbonit Vendor.055331.15.pdf,,,Zehavit,,,
a5528019,holdings.office1@gmail.com,5c006567,2031,8/24/2025,397000,חשבון גז, ₪260.43,8/24/2025,6-7/25,Purchases_Files_/a5528019.Cheshbonit Vendor.055429.43.pdf,,,Zehavit,,,
187e28c1,holdings.office1@gmail.com,5c006567,2047,8/24/2025,397003,חשבון גז, ₪96.85,8/24/2025,6-7/25,Purchases_Files_/187e28c1.Cheshbonit Vendor.055527.85.pdf,,,Zehavit,,,
ada9e18d,holdings.office1@gmail.com,fb4521e2,1f59ee08d,8/25/2025,0-982231,חשבון חשמל, ₪73.86,8/25/2025,נילי 1/2 16.5-16.7,Purchases_Files_/ada9e18d.Cheshbonit Vendor.055627.86.pdf,,,Zehavit,,,
6d1cc687,holdings.office1@gmail.com,fb4521e2,1f59ee08d,8/25/2025,25.3-16.7,חשבון חשמל, ₪97.08,8/25/2025,נילי 1/5 25.3-16.7,Purchases_Files_/6d1cc687.Cheshbonit Vendor.055744.08.pdf,,,Zehavit,,,
b75e8e10,holdings.office1@gmail.com,fb4521e2,1f59ee08d,8/25/2025,0-192765,חשבון חשמל, ₪73.86,8/25/2025,נילי 1/1 16.5-16.7,Purchases_Files_/b75e8e10.Cheshbonit Vendor.055843.86.pdf,,,Zehavit,,,
64137cfd,holdings.office1@gmail.com,9a38660a,1f59ee08d,8/24/2025,1407896,ארנונה," ₪18,096.50",8/24/2025,7-8/25,Purchases_Files_/64137cfd.Cheshbonit Vendor.055937.50.pdf,,,Zehavit,,,
caedf58d,holdings.office1@gmail.com,9a38660a,3010,8/24/2025,1407900,ארנונה," ₪8,780.20",8/24/2025,7-8/25,Purchases_Files_/caedf58d.Cheshbonit Vendor.060029.20.pdf,,,Zehavit,,,
0175a875,holdings.office1@gmail.com,5c006567,2037,8/25/2025,35069,חשבון גז, ₪350.12,8/25/2025,12.24-7.25 שולם באישור יורי,Purchases_Files_/0175a875.Cheshbonit Vendor.060134.12.pdf,,,Zehavit,,,
87fc040c,holdings.office1@gmail.com,fc46cf6f,1724,8/27/2025,0-973453,חשבון מים, ₪67.34,8/27/2025,6-7/25,Purchases_Files_/87fc040c.Cheshbonit Vendor.094641.34.pdf,,,Zehavit,,,
4fb72561,holdings.office1@gmail.com,fc46cf6f,2702,8/27/2025,0-084582,חשבון מים, ₪929.85,8/27/2025,6-7/25,Purchases_Files_/4fb72561.Cheshbonit Vendor.070557.85.pdf,,,Zehavit,,,
072d00bb,holdings.office1@gmail.com,fb4521e2,0413,9/2/2025,0-261248,חשבון חשמל, ₪468.90,9/2/2025,17.3-18.5,Purchases_Files_/072d00bb.Cheshbonit Vendor.060508.90.pdf,,,Zehavit,,,
f4384538,holdings.office1@gmail.com,fb4521e2,0413,9/2/2025,0-217943,חשבון חשמל," ₪1,061.23",9/2/2025,19.5-16.7,Purchases_Files_/f4384538.Cheshbonit Vendor.060555.23.pdf,,,Zehavit,,,
dcdde270,holdings.office1@gmail.com,fc46cf6f,1825,9/3/2025,0-073080,חשבון מים, ₪49.63,9/3/2025,6-9/24,Purchases_Files_/dcdde270.Cheshbonit Vendor.070651.63.pdf,,,Zehavit,,,
ebae6dd5,holdings.office1@gmail.com,fc46cf6f,1432,9/3/2025,0-607358,חשבון מים," ₪3,786.76",9/3/2025,14.9.24-13.7.25,Purchases_Files_/ebae6dd5.Cheshbonit Vendor.060804.76.pdf,,,Zehavit,,,
87da36b9,holdings.office1@gmail.com,fb4521e2,1706,9/7/2025,0-394775,חשבון חשמל, ₪80.87,9/7/2025,26.7-30.8,Purchases_Files_/87da36b9.Cheshbonit Vendor.060853.87.pdf,,,Zehavit,,,
37b57dac,yuri@emmaleh.com,b3269090,186dafa2a,9/7/2025,,OFFICE RENT," ₪2,575.70",,,Purchases_Files_/37b57dac.Cheshbonit Vendor.084415.pdf,,,Yuri,,,
f8d032e8,yuri@emmaleh.com,b3269089,186dafa2a,9/3/2025,,Yad2, ₪700.00,,,Purchases_Files_/f8d032e8.Cheshbonit Vendor.084912.Pdf,,,Yuri,,,
23b150d3,yuri@emmaleh.com,5d50e1a6,3202,9/12/2025,,Misc, ₪890.00,,,Purchases_Images/23b150d3.Cheshbonit Vendor.074911.jpg,,,Yuri,,,
fb886bdd,yuri@emmaleh.com,f5e5f165,0929,9/16/2025,,Closet," ₪1,561.90",,,Purchases_Files_/fb886bdd.Cheshbonit Vendor.064826.90.pdf,,,Yuri,,,
54f86ef3,yuri@emmaleh.com,18164a49,0953,9/17/2025,,"Moving (Hovala) , Oven W Burners"," ₪1,350.00",,,Purchases_Images/54f86ef3.Cheshbonit Vendor.070403.jpg,,,Yuri,,,
6fa80123,yuri@emmaleh.com,18164a49,1433,9/17/2025,,"Moving (Hovala) , Regualr Fridge"," ₪1,600.00",,,Purchases_Images/6fa80123.Cheshbonit Vendor.130141.jpg,,,Yuri,,,
1c2d6890,yuri@emmaleh.com,18164a49,0946,9/17/2025,,"Moving (Hovala) , Regualr Fridge"," ₪1,600.00",,,Purchases_Images/1c2d6890.Cheshbonit Vendor.130531.jpg,,,Yuri,,,
c7332b9f,yuri@emmaleh.com,b3269089,186dafa2a,8/4/2025,,Yad2, ₪700.00,,,Purchases_Images/c7332b9f.Cheshbonit Vendor.184804.jpg,,,Yuri,,,
f91a52bd,holdings.office1@gmail.com,9a38660a,1309,9/10/2025,1419504,ארנונה, ₪80.80,9/10/2025,20.8-31.8,Purchases_Files_/f91a52bd.Cheshbonit Vendor.065553.80.pdf,,,Zehavit,,,
1def83ef,holdings.office1@gmail.com,fb4521e2,3013,9/10/2025,0326223,חשבון חשמל," ₪1,328.34",9/10/2025,17.7-8.9,Purchases_Files_/1def83ef.Cheshbonit Vendor.065733.34.pdf,,,Zehavit,,,
cb19fd09,holdings.office1@gmail.com,fb4521e2,0454,9/10/2025,0-390732,חשבון חשמל, ₪62.77,9/10/2025,17.7-8.9,Purchases_Files_/cb19fd09.Cheshbonit Vendor.065833.77.pdf,,,Zehavit,,,
aabea7d9,holdings.office1@gmail.com,fb4521e2,2118,9/10/2025,0456582,חשבון חשמל, ₪292.58,9/10/2025,17/7-8/9,Purchases_Files_/aabea7d9.Cheshbonit Vendor.065926.58.pdf,,,Zehavit,,,
c254d9d1,holdings.office1@gmail.com,fb4521e2,0416,9/10/2025,0591487,חשבון חשמל, ₪50.60,9/10/2025,17/7-8/9,Purchases_Files_/c254d9d1.Cheshbonit Vendor.070022.60.pdf,,,Zehavit,,,
5a633147,holdings.office1@gmail.com,fb4521e2,1723,9/10/2025,0740241,חשבון חשמל, ₪338.03,9/10/2025,17/7-8/9,Purchases_Files_/5a633147.Cheshbonit Vendor.070121.03.pdf,,,Zehavit,,,
599b009d,holdings.office1@gmail.com,fb4521e2,2120,9/10/2025,0822478,חשבון חשמל, ₪450.69,9/10/2025,17/7-8/9,Purchases_Files_/599b009d.Cheshbonit Vendor.070213.69.pdf,,,Zehavit,,,
72895d86,holdings.office1@gmail.com,fb4521e2,0939,9/10/2025,0018101,חשבון חשמל, ₪50.60,9/10/2025,17/7-8/9,Purchases_Files_/72895d86.Cheshbonit Vendor.070308.60.pdf,,,Zehavit,,,
e7aa3672,holdings.office1@gmail.com,fb4521e2,3217,9/10/2025,0347161,חשבון חשמל," ₪1,192.96",9/10/2025,17/7-8/9,Purchases_Files_/e7aa3672.Cheshbonit Vendor.070403.96.pdf,,,Zehavit,,,
724d45f0,holdings.office1@gmail.com,fb4521e2,2023,9/10/2025,0524553,חשבון חשמל, ₪537.12,9/10/2025,17/7-8/9,Purchases_Files_/724d45f0.Cheshbonit Vendor.070452.12.pdf,,,Zehavit,,,
23388c50,holdings.office1@gmail.com,fb4521e2,3222,9/10/2025,0456426,חשבון חשמל, ₪404.30,9/10/2025,17/7-8/9,Purchases_Files_/23388c50.Cheshbonit Vendor.070537.30.pdf,,,Zehavit,,,
eb1199ff,holdings.office1@gmail.com,fb4521e2,1925,9/10/2025,0824284,חשבון חשמל, ₪106.70,9/10/2025,17/7-8/9,Purchases_Files_/eb1199ff.Cheshbonit Vendor.070850.70.pdf,,,Zehavit,,,
b53006fb,holdings.office1@gmail.com,fb4521e2,3008,9/11/2025,0378034,חשבון חשמל, ₪141.51,9/11/2025,17/7-8/9,Purchases_Files_/b53006fb.Cheshbonit Vendor.070958.51.pdf,,,Zehavit,,,
d15e8d3c,holdings.office1@gmail.com,fb4521e2,0914,9/11/2025,0062588,חשבון חשמל, ₪939.02,9/11/2025,17/7-8/9,Purchases_Files_/d15e8d3c.Cheshbonit Vendor.071054.02.pdf,,,Zehavit,,,
b6a32aac,holdings.office1@gmail.com,fb4521e2,0953,9/11/2025,0220657,חשבון חשמל, ₪50.60,9/11/2025,17/7-8/9,Purchases_Files_/b6a32aac.Cheshbonit Vendor.071157.60.pdf,,,Zehavit,,,
c1af820d,holdings.office1@gmail.com,fb4521e2,2037,9/11/2025,507.21,חשבון חשמל, ₪507.21,9/11/2025,17.3-7.9,Purchases_Files_/c1af820d.Cheshbonit Vendor.071303.21.pdf,,,Zehavit,,,
3908bc7c,holdings.office1@gmail.com,fb4521e2,2013,9/11/2025,0575126,חשבון חשמל, ₪441.74,9/11/2025,16.7-7.9,Purchases_Files_/3908bc7c.Cheshbonit Vendor.071426.74.pdf,,,Zehavit,,,
ab881c45,holdings.office1@gmail.com,fb4521e2,0413,9/11/2025,0838896,חשבון חשמל, ₪978.90,9/11/2025,17.7-8.9,Purchases_Files_/ab881c45.Cheshbonit Vendor.071527.90.pdf,,,Zehavit,,,
ae1f14ba,holdings.office1@gmail.com,fc46cf6f,1f59ee08d,9/11/2025,0-791509,חשבון מים," ₪7,579.88",9/11/2025,6-7/25,Purchases_Files_/ae1f14ba.Cheshbonit Vendor.071631.88.pdf,,,Zehavit,,,
2fc4d8ad,holdings.office1@gmail.com,fc46cf6f,3010,9/11/2025,0-822056,חשבון מים," ₪7,261.87",9/11/2025,6-7/25,Purchases_Files_/2fc4d8ad.Cheshbonit Vendor.071735.87.pdf,,,Zehavit,,,
9682c891,holdings.office1@gmail.com,5c006567,2038,9/14/2025,145789,חשבון גז, ₪208.78,9/14/2025,10/24-7/25,Purchases_Files_/9682c891.Cheshbonit Vendor.071857.78.pdf,,,Zehavit,,,
471af26d,yuri@emmaleh.com,b3269088,1816,9/26/2025,,Electric Burners, ₪246.00,,,Purchases_Files_/471af26d.Cheshbonit Vendor.061418.pdf,,,Yuri,,,
ced113c4,yuri@emmaleh.com,b3269090,186dafa2a,10/9/2025,,OFFICE RENT," ₪2,701.67",,,Purchases_Files_/ced113c4.Cheshbonit Vendor.055832.pdf,,,Yuri,,,
745ae11e,yuri@emmaleh.com,b3269089,186dafa2a,10/3/2025,,Yad2, ₪700.00,,,Purchases_Files_/745ae11e.Cheshbonit Vendor.060003.Pdf,,,Yuri,,,
359e1f0f,yuri@emmaleh.com,18164a49,1721,10/22/2025,,"Moving (Hovala) , Regualr Fridge"," ₪1,600.00",,,Purchases_Images/359e1f0f.Cheshbonit Vendor.093231.jpg,,,Yuri,,,
3a37f97a,yuri@emmaleh.com,18164a49,1433,10/27/2025,,"Moving (Hovala) , WM Side Door"," ₪1,100.00",,,Purchases_Images/3a37f97a.Cheshbonit Vendor.093338.jpg,,,Yuri,,,
1fe73ced,yuri@emmaleh.com,b3269089,186dafa2a,11/2/2025,,Yad2, ₪700.00,,,Purchases_Files_/1fe73ced.Cheshbonit Vendor.103749.Pdf,,,Yuri,,,
d4c62be0,holdings.office1@gmail.com,0596564a,1925,10/20/2025,0-208827,חשבון גז, ₪65.70,10/20/2025,7-8/25,Purchases_Files_/d4c62be0.Cheshbonit Vendor.070922.70.pdf,,,Zehavit,,,
87790d12,holdings.office1@gmail.com,0596564a,1706,10/20/2025,0-875229,חשבון גז, ₪640.92,10/20/2025,8/24-9/25,Purchases_Files_/87790d12.Cheshbonit Vendor.071159.92.pdf,,,Zehavit,,,
24f14ea0,holdings.office1@gmail.com,9a38660a,2702,10/22/2025,1432800,ארנונה, ₪767.60,10/22/2025,9-10/25,Purchases_Files_/24f14ea0.Cheshbonit Vendor.071505.60.pdf,,,Zehavit,,,
29dd2561,holdings.office1@gmail.com,fb4521e2,0920,10/28/2025,0-186825,חשבון חשמל, ₪132.54,10/28/2025,19.5-16.7 שולם לבקשת יורי הדיירים עשו העברה,Purchases_Files_/29dd2561.Cheshbonit Vendor.071704.54.pdf,,,Zehavit,,,
69eaf5b0,holdings.office1@gmail.com,fb4521e2,0920,10/28/2025,0-249128,חשבון חשמל, ₪245.37,10/28/2025,17.7-8.9 שולם לבקשת יורי הדיירים עשו העברה,Purchases_Files_/69eaf5b0.Cheshbonit Vendor.072517.37.pdf,,,Zehavit,,,
a1f249b3,holdings.office1@gmail.com,0596564a,1922,10/28/2025,0864181,חשבון גז, ₪121.77,10/28/2025,16.7-14.9,Purchases_Files_/a1f249b3.Cheshbonit Vendor.073538.77.pdf,,,Zehavit,,,
f32a25f9,holdings.office1@gmail.com,0596564a,0953,10/28/2025,0966549,חשבון גז, ₪92.07,10/28/2025,16.7-14.9,Purchases_Files_/f32a25f9.Cheshbonit Vendor.073949.07.pdf,,,Zehavit,,,
057c9814,holdings.office1@gmail.com,0596564a,0454,10/28/2025,0097543,חשבון גז, ₪68.06,10/28/2025,16.7-14.9,Purchases_Files_/057c9814.Cheshbonit Vendor.074317.06.pdf,,,Zehavit,,,
28e0240f,holdings.office1@gmail.com,0596564a,0917,10/28/2025,0175471,חשבון גז, ₪348.09,10/28/2025,16.7-14.9,Purchases_Files_/28e0240f.Cheshbonit Vendor.074556.09.pdf,,,Zehavit,,,
f6470021,holdings.office1@gmail.com,0596564a,0443,10/28/2025,0248997,חשבון גז, ₪68.06,10/28/2025,16.7-14.9,Purchases_Files_/f6470021.Cheshbonit Vendor.074812.06.pdf,,,Zehavit,,,
7afde771,holdings.office1@gmail.com,0596564a,1841,10/28/2025,0336446,חשבון גז, ₪286.70,10/28/2025,16.7-14.9,Purchases_Files_/7afde771.Cheshbonit Vendor.075113.70.pdf,,,Zehavit,,,
84a6df16,holdings.office1@gmail.com,0596564a,1913,10/28/2025,0249680,חשבון גז, ₪95.58,10/28/2025,16.7-14.9,Purchases_Files_/84a6df16.Cheshbonit Vendor.075420.58.pdf,,,Zehavit,,,
0d281b0b,holdings.office1@gmail.com,0596564a,1715,10/28/2025,0685362,חשבון גז, ₪53.14,10/28/2025,16.7-14.9,Purchases_Files_/0d281b0b.Cheshbonit Vendor.075542.14.pdf,,,Zehavit,,,
ba39e81c,holdings.office1@gmail.com,0596564a,2614,10/28/2025,0899567,חשבון גז, ₪112.09,10/28/2025,16.7-14.9,Purchases_Files_/ba39e81c.Cheshbonit Vendor.084302.09.pdf,,,Zehavit,,,
ceeee9f4,holdings.office1@gmail.com,0596564a,2642,10/28/2025,0126011,חשבון גז, ₪98.57,10/28/2025,16.7-14.9,Purchases_Files_/ceeee9f4.Cheshbonit Vendor.084357.57.pdf,,,Zehavit,,,
ef0f3ba7,holdings.office1@gmail.com,0596564a,2626,10/28/2025,0217711,חשבון גז, ₪349.01,10/28/2025,16.7-14.9,Purchases_Files_/ef0f3ba7.Cheshbonit Vendor.084724.01.pdf,,,Zehavit,,,
994e8f9d,holdings.office1@gmail.com,0596564a,2620,10/28/2025,0331363,חשבון גז, ₪174.13,10/28/2025,16.7-14.9,Purchases_Files_/994e8f9d.Cheshbonit Vendor.084843.13.pdf,,,Zehavit,,,
1222c5fd,holdings.office1@gmail.com,0596564a,0939,10/28/2025,0629410,חשבון גז, ₪62.15,10/28/2025,16.7-14.9,Purchases_Files_/1222c5fd.Cheshbonit Vendor.085148.15.pdf,,,Zehavit,,,
fea3918e,holdings.office1@gmail.com,0596564a,0413,10/28/2025,0859454,חשבון גז, ₪68.06,10/28/2025,16.7-14.9,Purchases_Files_/fea3918e.Cheshbonit Vendor.085254.06.pdf,,,Zehavit,,,
c2272e9f,holdings.office1@gmail.com,0596564a,1405,10/28/2025,0934315,חשבון גז, ₪163.59,10/28/2025,16.7-14.9,Purchases_Files_/c2272e9f.Cheshbonit Vendor.085358.59.pdf,,,Zehavit,,,
7ef76c75,holdings.office1@gmail.com,0596564a,435,10/28/2025,003541,חשבון גז, ₪136.75,10/28/2025,16.7-14.9,Purchases_Files_/7ef76c75.Cheshbonit Vendor.085503.75.pdf,,,Zehavit,,,
d14cfb43,holdings.office1@gmail.com,0596564a,0424,10/28/2025,0257113,חשבון גז, ₪299.71,10/28/2025,16.7-14.9,Purchases_Files_/d14cfb43.Cheshbonit Vendor.085553.71.pdf,,,Zehavit,,,
f8327485,holdings.office1@gmail.com,9a38660a,3010,10/28/2025,0-311258,ארנונה," ₪8,224.60",10/28/2025,9-10/25,Purchases_Files_/f8327485.Cheshbonit Vendor.090450.60.pdf,,,Zehavit,,,
dbf87179,holdings.office1@gmail.com,9a38660a,1f59ee08d,10/28/2025,0-244244,ארנונה," ₪21,465.50",10/28/2025,9-10/25,Purchases_Files_/dbf87179.Cheshbonit Vendor.090550.5.pdf,,,Zehavit,,,
e5c20465,holdings.office1@gmail.com,5c006567,3228,10/28/2025,447418,חשבון גז, ₪160.42,10/28/2025,8-9/25,Purchases_Files_/e5c20465.Cheshbonit Vendor.090945.42.pdf,,,Zehavit,,,
01f0e120,holdings.office1@gmail.com,5c006567,3225,10/28/2025,447425,חשבון גז, ₪45.19,10/28/2025,8-9/25,Purchases_Files_/01f0e120.Cheshbonit Vendor.091049.25.pdf,,,Zehavit,,,
6c1b73e0,holdings.office1@gmail.com,5c006567,3205,10/28/2025,447430,חשבון גז, ₪72.85,10/28/2025,8-9/25,Purchases_Files_/6c1b73e0.Cheshbonit Vendor.091214.85.pdf,,,Zehavit,,,
1b2629ec,holdings.office1@gmail.com,5c006567,3202,10/28/2025,447434,חשבון גז, ₪155.81,10/28/2025,8-9/25,Purchases_Files_/1b2629ec.Cheshbonit Vendor.091332.81.pdf,,,Zehavit,,,
f610f1cc,holdings.office1@gmail.com,5c006567,2047,10/28/2025,447438,חשבון גז, ₪114.22,10/28/2025,8-9/25,Purchases_Files_/f610f1cc.Cheshbonit Vendor.091548.22.pdf,,,Zehavit,,,
a089deac,holdings.office1@gmail.com,5c006567,2037,10/28/2025,447441,חשבון גז, ₪45.19,10/28/2025,8-9/25,Purchases_Files_/a089deac.Cheshbonit Vendor.091729.19.pdf,,,Zehavit,,,
57bab833,holdings.office1@gmail.com,5c006567,2031,10/28/2025,447443,חשבון גז, ₪266.09,10/28/2025,8-9/25,Purchases_Files_/57bab833.Cheshbonit Vendor.091832.09.pdf,,,Zehavit,,,
e31f70e3,holdings.office1@gmail.com,5c006567,2013,10/28/2025,447446,חשבון גז, ₪85.28,10/28/2025,8-9/25,Purchases_Files_/e31f70e3.Cheshbonit Vendor.091921.28.pdf,,,Zehavit,,,
7ceef936,holdings.office1@gmail.com,0596564a,1433,11/2/2025,0-465187,חשבון גז, ₪54.69,11/2/2025,גמר חשבון שולם לבקשת יורי,Purchases_Files_/7ceef936.Cheshbonit Vendor.092023.69.pdf,,,Zehavit,,,
3985cf71,holdings.office1@gmail.com,fb4521e2,1721,11/4/2025,0543884,חשבון חשמל, ₪158.36,11/4/2025,21.9-20.10,Purchases_Files_/3985cf71.Cheshbonit Vendor.080805.36.pdf,,,Zehavit,,,
e851c807,yuri@emmaleh.com,b3269090,186dafa2a,11/6/2025,,OFFICE RENT," ₪2,575.70",,,Purchases_Files_/e851c807.Cheshbonit Vendor.115654.pdf,,,Yuri,,,
c009c44e,yuri@emmaleh.com,18164a49,1826,11/9/2025,,"Oven W Burners , Moving (Hovala)"," ₪1,300.00",,,Purchases_Images/c009c44e.Cheshbonit Vendor.081901.jpg,,,Yuri,,,
49d777eb,holdings.office1@gmail.com,fb4521e2,2037,11/9/2025,,חשבון חשמל, ₪152.16,11/9/2025,שולם בשם הדייר לבקשת יורי,Purchases_Files_/49d777eb.Cheshbonit Vendor.071450.16.pdf,,,Zehavit,,,
f3b8f410,holdings.office1@gmail.com,fb4521e2,1724,11/9/2025,0-042390,חשבון חשמל, ₪297.28,11/9/2025,19.5-16.7,Purchases_Files_/f3b8f410.Cheshbonit Vendor.071542.28.pdf,,,Zehavit,,,
9ab47f84,holdings.office1@gmail.com,fb4521e2,1724,11/9/2025,0-088278,חשבון חשמל, ₪340.33,11/9/2025,17.7-8.9,Purchases_Files_/9ab47f84.Cheshbonit Vendor.071707.33.pdf,,,Zehavit,,,
a1cd36a8,holdings.office1@gmail.com,fb4521e2,3246,11/9/2025,0-728535,חשבון חשמל, ₪467.23,11/9/2025,21.9-21.10,Purchases_Files_/a1cd36a8.Cheshbonit Vendor.071757.23.pdf,,,Zehavit,,,
6873664f,holdings.office1@gmail.com,fb4521e2,1f59ee08d,11/10/2025,0-634204,חשבון חשמל, ₪213.37,11/10/2025,25.3-21.9 מסחרי 1/3,Purchases_Files_/6873664f.Cheshbonit Vendor.071909.37.pdf,,,Zehavit,,,
2e9717de,holdings.office1@gmail.com,fc46cf6f,1724,11/12/2025,0-005041,חשבון מים, ₪64.85,11/12/2025,8-9/25,Purchases_Files_/2e9717de.Cheshbonit Vendor.070920.85.pdf,,,Zehavit,,,
ce257928,holdings.office1@gmail.com,fc46cf6f,2702,11/12/2025,0-924167,חשבון מים, ₪820.14,11/12/2025,8-9/25,Purchases_Files_/ce257928.Cheshbonit Vendor.071144.14.pdf,,,Zehavit,,,
ad333aeb,holdings.office1@gmail.com,fb4521e2,3013,11/17/0025,0-704858,חשבון חשמל, ₪884.04,11/17/2025,9.9-13.11,Purchases_Files_/ad333aeb.Cheshbonit Vendor.071236.04.pdf,,,Zehavit,,,
b53c95d1,holdings.office1@gmail.com,fb4521e2,2118,11/17/2025,0-909432,חשבון חשמל, ₪241.96,11/17/2025,9.9-13.11,Purchases_Files_/b53c95d1.Cheshbonit Vendor.071326.96.pdf,,,Zehavit,,,
1df8c795,holdings.office1@gmail.com,fb4521e2,2120,11/17/2025,0-163238,חשבון חשמל, ₪287.42,11/17/2025,9.9-13.11,Purchases_Files_/1df8c795.Cheshbonit Vendor.071420.42.pdf,,,Zehavit,,,
b8d7ca24,yuri@emmaleh.com,18164a49,1819,11/17/2025,,"WM Side Door , Moving (Hovala)"," ₪1,100.00",,,Purchases_Images/b8d7ca24.Cheshbonit Vendor.104308.jpg,,,Yuri,,,
d4d9c27c,yuri@emmaleh.com,b3269089,186dafa2a,11/17/2025,,Yad2, ₪222.00,,,Purchases_Images/d4d9c27c.Cheshbonit Vendor.075747.jpg,,,Yuri,,,
ed4ae183,yuri@emmaleh.com,6ffe01d6,0926,11/18/2025,,"Moving (Hovala) , Small Couch", ₪850.00,,,Purchases_Images/ed4ae183.Cheshbonit Vendor.081559.jpg,,,Yuri,,,
e8f65326,holdings.office1@gmail.com,fb4521e2,2606,11/18/2025,0-140707,חשבון חשמל, ₪109.11,11/18/2025,19.7-16.11,Purchases_Files_/e8f65326.Cheshbonit Vendor.100842.11.pdf,,,Zehavit,,,
d7f10034,holdings.office1@gmail.com,fb4521e2,3242,11/18/2025,0-314120,חשבון חשמל, ₪109.11,11/18/2025,19.7-16.11,Purchases_Files_/d7f10034.Cheshbonit Vendor.102710.11.pdf,,,Zehavit,,,
b2c8a93c,holdings.office1@gmail.com,fb4521e2,3008,11/18/2025,0-38079-0,חשבון חשמל, ₪165.79,11/18/2025,9.9-13.11,Purchases_Files_/b2c8a93c.Cheshbonit Vendor.102817.79.pdf,,,Zehavit,,,
720ec9c5,holdings.office1@gmail.com,fb4521e2,3217,11/18/2025,0-846642,חשבון חשמל," ₪1,072.22",11/18/2025,8.9-16.11,Purchases_Files_/720ec9c5.Cheshbonit Vendor.102920.22.pdf,,,Zehavit,,,
b27d3609,yuri@emmaleh.com,5c006579,186dafa2a,11/20/2025,,Tabu Forms, ₪238.00,,,Purchases_Files_/b27d3609.Cheshbonit Vendor.072948.html,,,Yuri,,,
3d9fbc00,holdings.office1@gmail.com,fb4521e2,2037,11/23/2025,0-623629,חשבון חשמל, ₪101.85,11/23/2025,8.9-19.11,Purchases_Files_/3d9fbc00.Cheshbonit Vendor.132437.85.pdf,,,Zehavit,,,
40ce5498,holdings.office1@gmail.com,fb4521e2,2023,11/23/2025,0-446856,חשבון חשמל, ₪389.50,11/23/2025,8.9-19.11,Purchases_Files_/40ce5498.Cheshbonit Vendor.132532.5.pdf,,,Zehavit,,,
8d00c460,holdings.office1@gmail.com,fb4521e2,1714,11/23/2025,0-314393,חשבון חשמל, ₪163.45,11/23/2025,13.10-19.11,Purchases_Files_/8d00c460.Cheshbonit Vendor.132634.45.pdf,,,Zehavit,,,
961c3a3e,holdings.office1@gmail.com,fc46cf6f,3010,11/23/2025,0-825638,חשבון מים," ₪6,568.55",11/23/2025,8-9/25,Purchases_Files_/961c3a3e.Cheshbonit Vendor.132845.55.pdf,,,Zehavit,,,
6d84842c,holdings.office1@gmail.com,0596564a,1826,11/24/2025,0-481879,חשבון גז, ₪380.00,11/24/2025,התקנת כיריים,Purchases_Files_/6d84842c.Cheshbonit Vendor.132936.pdf,,,Zehavit,,,
aa8ca030,holdings.office1@gmail.com,fb4521e2,0939,11/24/2025,0180927,חשבון חשמל, ₪68.79,11/24/2025,9.9-20.11,Purchases_Files_/aa8ca030.Cheshbonit Vendor.133037.79.pdf,,,Zehavit,,,
85667ac7,holdings.office1@gmail.com,fb4521e2,0416,11/24/2025,0381582,חשבון חשמל, ₪68.79,11/24/2025,9.9-20.11,Purchases_Files_/85667ac7.Cheshbonit Vendor.133136.79.pdf,,,Zehavit,,,
ecb3a82c,holdings.office1@gmail.com,fb4521e2,0953,11/24/2025,0584797,חשבון חשמל, ₪103.36,11/24/2025,9.9-20.11,Purchases_Files_/ecb3a82c.Cheshbonit Vendor.133235.36.pdf,,,Zehavit,,,
5936ee90,holdings.office1@gmail.com,fb4521e2,1f59ee08d,11/24/2025,0820233,חשבון חשמל, ₪150.62,11/24/2025,נילי מסחרי 1/1 17.7-20.11,Purchases_Files_/5936ee90.Cheshbonit Vendor.133336.62.pdf,,,Zehavit,,,
0c5a73a7,holdings.office1@gmail.com,fb4521e2,1f59ee08d,11/24/2025,0993055,חשבון חשמל, ₪58.71,11/24/2025,נילי מסחרי 1/3 22.9-20.11,Purchases_Files_/0c5a73a7.Cheshbonit Vendor.133609.71.pdf,,,Zehavit,,,
f3efb70f,holdings.office1@gmail.com,fb4521e2,1f59ee08d,11/24/2025,0051326,חשבון חשמל, ₪150.62,11/24/2025,נילי מסחרי 1/2 17.7-20.11,Purchases_Files_/f3efb70f.Cheshbonit Vendor.133722.2.pdf,,,Zehavit,,,
a222f325,holdings.office1@gmail.com,fb4521e2,1f59ee08d,11/24/2025,0172189,חשבון חשמל, ₪150.62,11/24/2025,נילי מסחרי1/5 17.7-20.11,Purchases_Files_/a222f325.Cheshbonit Vendor.133902.5.pdf,,,Zehavit,,,
20105507,holdings.office1@gmail.com,fc46cf6f,1f59ee08d,11/25/2025,0-991653,חשבון מים," ₪9,174.85",11/25/2025,8-9/25,Purchases_Files_/20105507.Cheshbonit Vendor.133953.85.pdf,,,Zehavit,,,
3ca8c561,holdings.office1@gmail.com,0596564a,1922,11/25/2025,0420182,חשבון גז, ₪35.49,11/25/2025,15.9-14.11,Purchases_Files_/3ca8c561.Cheshbonit Vendor.065025.49.pdf,,,Zehavit,,,
f9eb3789,holdings.office1@gmail.com,0596564a,0953,11/25/2025,0551770,חשבון גז, ₪68.06,11/25/2025,15.9-14.11,Purchases_Files_/f9eb3789.Cheshbonit Vendor.065136.06.pdf,,,Zehavit,,,
9539318b,holdings.office1@gmail.com,0596564a,2642,11/25/2025,0602458,חשבון גז, ₪104.58,11/25/2025,15.9-14.11,Purchases_Files_/9539318b.Cheshbonit Vendor.065233.58.pdf,,,Zehavit,,,
ccc49ffd,holdings.office1@gmail.com,0596564a,1714,11/25/2025,0790097,חשבון גז, ₪23.77,11/25/2025,20.10-14.11,Purchases_Files_/ccc49ffd.Cheshbonit Vendor.070330.77.pdf,,,Zehavit,,,
2a5dad82,holdings.office1@gmail.com,0596564a,0443,11/25/2025,0256610,חשבון גז, ₪68.06,11/25/2025,15.9-14.11,Purchases_Files_/2a5dad82.Cheshbonit Vendor.070625.06.pdf,,,Zehavit,,,
d28e69ce,holdings.office1@gmail.com,0596564a,0413,11/25/2025,0680967,חשבון גז, ₪68.06,11/25/2025,15.9-14.11,Purchases_Files_/d28e69ce.Cheshbonit Vendor.070712.06.pdf,,,Zehavit,,,
a0ceb660,holdings.office1@gmail.com,0596564a,2602,11/25/2025,0867234,חשבון גז, ₪210.65,11/25/2025,15.9-14.11,Purchases_Files_/a0ceb660.Cheshbonit Vendor.070804.65.pdf,,,Zehavit,,,
bb4c42c1,holdings.office1@gmail.com,0596564a,2626,11/25/2025,0002220,חשבון גז, ₪360.06,11/25/2025,15.9-14.11,Purchases_Files_/bb4c42c1.Cheshbonit Vendor.071001.06.pdf,,,Zehavit,,,
2f990165,holdings.office1@gmail.com,0596564a,1913,11/25/2025,0101253,חשבון גז, ₪120.59,11/25/2025,15.9-14.11,Purchases_Files_/2f990165.Cheshbonit Vendor.071058.59.pdf,,,Zehavit,,,
816b378f,holdings.office1@gmail.com,0596564a,2614,11/25/2025,0176099,חשבון גז, ₪114.59,11/25/2025,15.9-14.11,Purchases_Files_/816b378f.Cheshbonit Vendor.071148.59.pdf,,,Zehavit,,,
abe642b0,holdings.office1@gmail.com,0596564a,2620,11/25/2025,0255349,חשבון גז, ₪151.62,11/25/2025,15.9-14.11,Purchases_Files_/abe642b0.Cheshbonit Vendor.071253.62.pdf,,,Zehavit,,,
df631532,holdings.office1@gmail.com,0596564a,0939,11/25/2025,0493015,חשבון גז, ₪62.15,11/25/2025,15.9-14.11,Purchases_Files_/df631532.Cheshbonit Vendor.071340.15.pdf,,,Zehavit,,,
dcc53903,holdings.office1@gmail.com,0596564a,435,11/25/2025,0667782,חשבון גז, ₪77.27,11/25/2025,15.9-14.11,Purchases_Files_/dcc53903.Cheshbonit Vendor.071426.27.pdf,,,Zehavit,,,
f94ed233,holdings.office1@gmail.com,0596564a,1405,11/25/2025,0903559,חשבון גז, ₪256.12,11/25/2025,15.9-14.11,Purchases_Files_/f94ed233.Cheshbonit Vendor.071519.12.pdf,,,Zehavit,,,
a8416baf,holdings.office1@gmail.com,0596564a,1841,11/25/2025,0031476,חשבון גז, ₪225.17,11/25/2025,15.9-14.11,Purchases_Files_/a8416baf.Cheshbonit Vendor.071618.17.pdf,,,Zehavit,,,
cb4d1df0,holdings.office1@gmail.com,0596564a,0917,11/25/2025,0035048,חשבון גז, ₪370.19,11/25/2025,15.9-14.11,Purchases_Files_/cb4d1df0.Cheshbonit Vendor.071702.19.pdf,,,Zehavit,,,
515a82ef,holdings.office1@gmail.com,0596564a,1715,11/25/2025,0105072,חשבון גז, ₪46.56,11/25/2025,15.9-14.11,Purchases_Files_/515a82ef.Cheshbonit Vendor.071756.56.pdf,,,Zehavit,,,
d82352dd,holdings.office1@gmail.com,0596564a,1817,11/25/2025,0740464,חשבון גז, ₪57.96,11/25/2025,15.9-14.11,Purchases_Files_/d82352dd.Cheshbonit Vendor.071844.96.pdf,,,Zehavit,,,
0fa13e2f,yuri@emmaleh.com,18164a49,2038,11/28/2025,,Electric Burners, ₪300.00,,,Purchases_Images/0fa13e2f.Cheshbonit Vendor.104226.jpg,,,Yuri,,,
bca90c86,yuri@emmaleh.com,b3269090,186dafa2a,12/7/2025,,OFFICE RENT," ₪2,575.70",,,Purchases_Files_/bca90c86.Cheshbonit Vendor.103903.pdf,,,Yuri,,,
e0fdb725,yuri@emmaleh.com,b3269089,186dafa2a,12/9/2025,,Yad2," ₪1,050.00",,,Purchases_Files_/e0fdb725.Cheshbonit Vendor.074630.Pdf,,,Yuri,,,
05d5741c,holdings.office1@gmail.com,9a38660a,1709,10/22/2025,1432831,ארנונה, ₪737.70,10/22/2025,"10/9-31/10 201
9-10/25 202",Purchases_Files_/05d5741c.Cheshbonit Vendor.060752.70.pdf,,,Zehavit,,,
7e82b43f,yuri@emmaleh.com,18164a49,3234,12/22/2025,,Electric Burners, ₪300.00,,,Purchases_Images/7e82b43f.Cheshbonit Vendor.091619.jpg,,,Yuri,,,
65995782,yuri@emmaleh.com,18164a49,2002,12/22/2025,,"Dryer , Moving (Hovala)"," ₪1,150.00",,,Purchases_Images/65995782.Cheshbonit Vendor.091708.jpg,,,Yuri,,,
2ec9d7e0,yuri@emmaleh.com,18164a49,3201,12/31/2025,,"WM Side Door , Moving (Hovala)"," ₪1,100.00",,,Purchases_Images/2ec9d7e0.Cheshbonit Vendor.091528.jpg,,,Yuri,,,
87fa425b,yuri@emmaleh.com,b3269089,186dafa2a,1/5/2026,,Yad2," ₪1,050.00",,,Purchases_Files_/87fa425b.Cheshbonit Vendor.081544.Pdf,,,Yuri,,,
d6323cca,holdings.office1@gmail.com,fb4521e2,1723,12/23/2025,0-702100,חשבון חשמל, ₪475.60,12/23/2025,9.9-19.11,Purchases_Files_/d6323cca.Cheshbonit Vendor.075133.60.pdf,,,Zehavit,,,
ad2a5465,holdings.office1@gmail.com,5c006567,3228,12/24/2025,498352,חשבון גז, ₪151.21,12/24/2025,10-11/25,Purchases_Files_/ad2a5465.Cheshbonit Vendor.075255.21.pdf,,,Zehavit,,,
5e4df622,holdings.office1@gmail.com,5c006567,3225,12/24/2025,498369,חשבון גז, ₪45.19,12/24/2025,10-11/25,Purchases_Files_/5e4df622.Cheshbonit Vendor.075508.19.pdf,,,Zehavit,,,
59dde3d6,holdings.office1@gmail.com,5c006567,3205,12/24/2025,498377,חשבון גז, ₪77.46,12/24/2025,10-11/25,Purchases_Files_/59dde3d6.Cheshbonit Vendor.075839.46.pdf,,,Zehavit,,,
d3842218,holdings.office1@gmail.com,5c006567,3202,12/24/2025,498415,חשבון גז, ₪132.76,12/24/2025,10-11/25,Purchases_Files_/d3842218.Cheshbonit Vendor.080009.76.pdf,,,Zehavit,,,
bcc3d6e1,holdings.office1@gmail.com,5c006567,2047,12/24/2025,498429,חשבון גז, ₪95.82,12/24/2025,10-11/25,Purchases_Files_/bcc3d6e1.Cheshbonit Vendor.080143.82.pdf,,,Zehavit,,,
a53e0a44,holdings.office1@gmail.com,5c006567,2037,12/24/2025,498462,חשבון גז, ₪45.19,12/24/2025,10-11/25,Purchases_Files_/a53e0a44.Cheshbonit Vendor.080245.19.pdf,,,Zehavit,,,
278a1988,holdings.office1@gmail.com,5c006567,2031,12/24/2025,498472,חשבון גז, ₪178.65,12/24/2025,10-11/25,Purchases_Files_/278a1988.Cheshbonit Vendor.080346.65.pdf,,,Zehavit,,,
7fd3a6d3,holdings.office1@gmail.com,5c006567,2013,12/24/2025,498481,חשבון גז, ₪82.01,12/24/2025,10-11/25,Purchases_Files_/7fd3a6d3.Cheshbonit Vendor.080443.01.pdf,,,Zehavit,,,
5415de1e,holdings.office1@gmail.com,9a38660a,1f59ee08d,12/24/2025,0-577494,ארנונה," ₪19,508.10",12/24/2025,11-12/25,Purchases_Files_/5415de1e.Cheshbonit Vendor.080818.10.pdf,,,Zehavit,,,
65bac9ef,holdings.office1@gmail.com,9a38660a,3010,12/24/2025,1460998,ארנונה," ₪10,553.60",12/24/2025,11-12/25,Purchases_Files_/65bac9ef.Cheshbonit Vendor.080914.60.pdf,,,Zehavit,,,
b4688036,holdings.office1@gmail.com,9a38660a,2702,12/24/2025,1461002,ארנונה, ₪793.00,12/24/2025,11-12/25,Purchases_Files_/b4688036.Cheshbonit Vendor.081000.pdf,,,Zehavit,,,
a0adc4ad,holdings.office1@gmail.com,9a38660a,1709,12/24/2025,1461007,ארנונה, ₪822.40,12/24/2025,יחידות 201+202 11-12/25,Purchases_Files_/a0adc4ad.Cheshbonit Vendor.081106.40.pdf,,,Zehavit,,,
a0c0b344,holdings.office1@gmail.com,fb4521e2,2602,12/28/2025,0-657684,חשבון חשמל, ₪360.24,12/28/2025,21.9-16.11 שולם לבקשת יורי,Purchases_Files_/a0c0b344.Cheshbonit Vendor.081156.24.pdf,,,Zehavit,,,
def55501,yuri@emmaleh.com,18164a49,1848,1/8/2026,,"Moving (Hovala) , WM Side Door"," ₪1,100.00",,,Purchases_Images/def55501.Cheshbonit Vendor.093406.jpg,,,Yuri,,,
0630f85e,yuri@emmaleh.com,18164a49,0917,1/8/2026,,Gas burners, ₪400.00,,,Purchases_Images/0630f85e.Cheshbonit Vendor.091434.jpg,,,Yuri,,,
7150c659,holdings.office1@gmail.com,9a38660a,2037,1/11/2026,1476289,ארנונה," ₪1,192.10",1/11/2026,9-12/25+1-2/26,Purchases_Files_/7150c659.Cheshbonit Vendor.071856.10.pdf,,,Zehavit,,,
a0ba1645,holdings.office1@gmail.com,fb4521e2,2118,1/11/2026,0-261446,חשבון חשמל, ₪245.07,1/11/2026,14.11-7.1,Purchases_Files_/a0ba1645.Cheshbonit Vendor.072132.07.pdf,,,Zehavit,,,
77f6a8e0,holdings.office1@gmail.com,fb4521e2,3013,1/11/2026,0-479956,חשבון חשמל, ₪419.28,1/11/2026,14.11-7.1,Purchases_Files_/77f6a8e0.Cheshbonit Vendor.072317.28.pdf,,,Zehavit,,,
97e57eec,holdings.office1@gmail.com,fb4521e2,3008,1/11/2026,0-265348,חשבון חשמל, ₪269.27,1/11/2026,14.11-7.1,Purchases_Files_/97e57eec.Cheshbonit Vendor.072630.27.pdf,,,Zehavit,,,
9c1d41c3,holdings.office1@gmail.com,fb4521e2,2120,1/11/2026,0-580373,חשבון חשמל, ₪302.71,1/11/2026,14.11-7.1,Purchases_Files_/9c1d41c3.Cheshbonit Vendor.072718.71.pdf,,,Zehavit,,,
65ce3f90,holdings.office1@gmail.com,fc46cf6f,2702,1/11/2026,0-692970,חשבון מים, ₪637.92,1/11/2026,10-11/25,Purchases_Files_/65ce3f90.Cheshbonit Vendor.072807.92.pdf,,,Zehavit,,,
e8e2ff41,holdings.office1@gmail.com,fc46cf6f,1724,1/11/2026,0-858639,חשבון מים, ₪48.97,1/11/2026,10-11/25,Purchases_Files_/e8e2ff41.Cheshbonit Vendor.072857.97.pdf,,,Zehavit,,,
80b0dc74,holdings.office1@gmail.com,fb4521e2,2606,1/12/2026,0-265504,חשבון חשמל, ₪50.44,1/12/2026,17.11-8.1,Purchases_Files_/80b0dc74.Cheshbonit Vendor.072940.44.pdf,,,Zehavit,,,
034ae136,holdings.office1@gmail.com,fb4521e2,3242,1/12/2026,0-547554,חשבון חשמל, ₪50.44,1/12/2026,17.11-8.1,Purchases_Files_/034ae136.Cheshbonit Vendor.073022.44.pdf,,,Zehavit,,,
96818ad0,holdings.office1@gmail.com,fb4521e2,3217,1/12/2025,0-053082,חשבון חשמל," ₪1,057.48",1/12/2026,17.11-8.1,Purchases_Files_/96818ad0.Cheshbonit Vendor.073109.48.pdf,,,Zehavit,,,
a52699fb,holdings.office1@gmail.com,fb4521e2,2037,1/13/2026,0-464693,חשבון חשמל, ₪50.74,1/13/2026,20.11-11.1,Purchases_Files_/a52699fb.Cheshbonit Vendor.073158.74.pdf,,,Zehavit,,,
fb6a7d7c,holdings.office1@gmail.com,fb4521e2,2023,1/13/2026,0-535567,חשבון חשמל, ₪267.97,1/13/2026,20.11-11.1,Purchases_Files_/fb6a7d7c.Cheshbonit Vendor.073246.97.pdf,,,Zehavit,,,
201adb60,holdings.office1@gmail.com,fb4521e2,1723,1/13/2026,0-797837,חשבון חשמל, ₪479.85,1/13/2026,20.11-11.1,Purchases_Files_/201adb60.Cheshbonit Vendor.073341.85.pdf,,,Zehavit,,,
0200a94d,holdings.office1@gmail.com,fb4521e2,1849,1/13/2026,0-914101,חשבון חשמל, ₪101.82,1/13/2026,21.11-11.1,Purchases_Files_/0200a94d.Cheshbonit Vendor.073427.82.pdf,,,Zehavit,,,
a0c4cc01,holdings.office1@gmail.com,fb4521e2,435,1/13/2026,0-012278,חשבון חשמל, ₪105.63,1/13/2026,17.11-11.1,Purchases_Files_/a0c4cc01.Cheshbonit Vendor.073520.63.pdf,,,Zehavit,,,
d9f80c58,yuri@emmaleh.com,4850101d,186dafa2a,1/13/2026,,Catering for Vatmal Meeting," ₪1,300.00",,,Purchases_Files_/d9f80c58.Cheshbonit Vendor.104553.Pdf,,,Yuri,,,
839b9b26,yuri@emmaleh.com,b3269090,186dafa2a,1/13/2026,,OFFICE RENT," ₪2,575.70",,January office rent,Purchases_Files_/839b9b26.Cheshbonit Vendor.074407.pdf,,,Yuri,,,
5c1907ec,holdings.office1@gmail.com,0596564a,0917,1/13/2026,0-283978,חשבון גז, ₪380.00,1/13/2026,חיבור כיריים חדשות,Purchases_Files_/5c1907ec.Cheshbonit Vendor.072920.pdf,,,Zehavit,,,
e35a18d9,holdings.office1@gmail.com,fb4521e2,2614,1/13/2026,0-557355,חשבון חשמל, ₪813.53,1/13/2026,לבקשת יורי שולם הדייר בתמורה השאיר מוצרי חשמל וריהוט,Purchases_Files_/e35a18d9.Cheshbonit Vendor.073030.53.pdf,,,Zehavit,,,
03593f2e,holdings.office1@gmail.com,fb4521e2,2602,1/14/2026,0-327015,חשבון חשמל, ₪223.53,1/14/2026,17.11-8.1 שולם לבקשת יורי דיירים עשו העברה,Purchases_Files_/03593f2e.Cheshbonit Vendor.073127.53.pdf,,,Zehavit,,,
7425273d,holdings.office1@gmail.com,fc46cf6f,2602,1/14/2026,997288,חשבון מים, ₪121.75,1/14/2026,9-11/25,Purchases_Files_/7425273d.Cheshbonit Vendor.073217.75.pdf,,,Zehavit,,,
2fd78491,yuri@emmaleh.com,18164a49,1837,1/21/2026,,"Regualr Fridge , Moving (Hovala)"," ₪1,600.00",,,Purchases_Images/2fd78491.Cheshbonit Vendor.090451.jpg,,,Yuri,,,
48922a00,yuri@emmaleh.com,5b7d4b35,186dafa2a,1/21/2026,,Screen for Office, ₪699.00,,,Purchases_Files_/48922a00.Cheshbonit Vendor.083039.pdf,,,Yuri,,,
9cad8fe9,yuri@emmaleh.com,5d50e1a6,1859,1/30/2026,,"Misc , Carpet , Lights"," ₪1,150.00",,,Purchases_Files_/9cad8fe9.Cheshbonit Vendor.101723.pdf,,,Yuri,,,
d0c632f0,yuri@emmaleh.com,b3269089,186dafa2a,2/2/2026,,Yad2," ₪1,050.00",,,Purchases_Files_/d0c632f0.Cheshbonit Vendor.101547.Pdf,,,Yuri,,,
8a1bbce8,holdings.office1@gmail.com,fc46cf6f,1f59ee08d,1/14/2026,925636,חשבון מים," ₪7,585.10",1/14/2026,10-11/25,Purchases_Files_/8a1bbce8.Cheshbonit Vendor.064415.10.pdf,,,Zehavit,,,
f2c90d06,holdings.office1@gmail.com,fc46cf6f,3010,1/14/2026,838888,חשבון מים," ₪5,347.72",1/14/2026,10-11/25,Purchases_Files_/f2c90d06.Cheshbonit Vendor.064559.72.pdf,,,Zehavit,,,
83a9db99,holdings.office1@gmail.com,fb4521e2,2805,1/15/2026,0-684381,חשבון חשמל," ₪1,059.83",1/15/2026,14.11-7.1 שולם לבקשת יורי עשו העברה,Purchases_Files_/83a9db99.Cheshbonit Vendor.064645.83.pdf,,,Zehavit,,,
e42499d3,holdings.office1@gmail.com,fb4521e2,2011,1/21/2026,0-830646,חשבון חשמל, ₪0.04,1/21/2026,שולמה יתרה קטנה שנשארה פתוחה,Purchases_Files_/e42499d3.Cheshbonit Vendor.064847.04.pdf,,,Zehavit,,,
83926db1,holdings.office1@gmail.com,fb4521e2,1f59ee08d,1/25/2026,0-810796,חשבון חשמל, ₪52.77,1/25/2026,21.11-11.1 נילי 1.2 מסחרי,Purchases_Files_/83926db1.Cheshbonit Vendor.065014.77.pdf,,,Zehavit,,,
5255c2b4,holdings.office1@gmail.com,fb4521e2,1f59ee08d,1/25/2026,0-947515,חשבון חשמל, ₪52.78,1/25/2026,21.11-11.1 נילי 1/5 מסחרי,Purchases_Files_/5255c2b4.Cheshbonit Vendor.065108.78.pdf,,,Zehavit,,,
567207bd,holdings.office1@gmail.com,fb4521e2,1f59ee08d,1/25/2026,0-047670,חשבון חשמל, ₪52.77,1/25/2026,21.11-11.1 נילי 1/1 מסחרי,Purchases_Files_/567207bd.Cheshbonit Vendor.065302.77.pdf,,,Zehavit,,,
0d8843a4,holdings.office1@gmail.com,fb4521e2,1f59ee08d,1/25/2026,0-511923,חשבון חשמל, ₪52.04,1/25/2026,21.11-11.1 נילי 1/3 מסחרי,Purchases_Files_/0d8843a4.Cheshbonit Vendor.065407.04.pdf,,,Zehavit,,,
0761e2f7,holdings.office1@gmail.com,fb4521e2,0914,1/25/2026,0-487587,חשבון חשמל," ₪1,289.25",1/25/2026,21.11-11.1,Purchases_Files_/0761e2f7.Cheshbonit Vendor.070512.25.pdf,,,Zehavit,,,
fc1d1e2b,holdings.office1@gmail.com,fb4521e2,0413,1/25/2026,0-550178,חשבון חשמל," ₪1,498.79",1/25/2026,21.11-11.1,Purchases_Files_/fc1d1e2b.Cheshbonit Vendor.070910.79.pdf,,,Zehavit,,,
91c5c6e9,holdings.office1@gmail.com,9a38660a,3004,1/26/2026,1488417,ארנונה, ₪342.90,1/26/2026,21.1-28.2,Purchases_Files_/91c5c6e9.Cheshbonit Vendor.071005.90.pdf,,,Zehavit,,,
71cbb92a,holdings.office1@gmail.com,0596564a,1922,1/26/2026,0-590513,חשבון גז, ₪35.49,1/26/2026,16.11-15.1,Purchases_Files_/71cbb92a.Cheshbonit Vendor.071112.49.pdf,,,Zehavit,,,
fe7535dc,holdings.office1@gmail.com,0596564a,2620,1/26/2026,0058404,חשבון גז, ₪161.26,1/26/2026,16.11-15.1,Purchases_Files_/fe7535dc.Cheshbonit Vendor.072857.26.pdf,,,Zehavit,,,
9c9317d9,holdings.office1@gmail.com,0596564a,2642,1/26/2026,0890327,חשבון גז, ₪129.19,1/26/2026,16.11-15.1,Purchases_Files_/9c9317d9.Cheshbonit Vendor.072956.19.pdf,,,Zehavit,,,
cec35a7f,holdings.office1@gmail.com,0596564a,1714,1/26/2026,0102004,חשבון גז, ₪188.72,1/26/2026,16.11-15.1,Purchases_Files_/cec35a7f.Cheshbonit Vendor.073050.73.pdf,,,Zehavit,,,
fbce6e6f,holdings.office1@gmail.com,0596564a,0443,1/26/2026,0173781,חשבון גז, ₪81.08,1/26/2026,16.11-15.1,Purchases_Files_/fbce6e6f.Cheshbonit Vendor.073205.08.pdf,,,Zehavit,,,
ffbf4180,holdings.office1@gmail.com,0596564a,1913,1/26/2026,0437152,חשבון גז, ₪309.87,1/26/2026,16.11-15.1,Purchases_Files_/ffbf4180.Cheshbonit Vendor.073328.87.pdf,,,Zehavit,,,
8507bebd,holdings.office1@gmail.com,0596564a,1715,1/26/2026,0639575,חשבון גז, ₪50.92,1/26/2026,16.11-15.1,Purchases_Files_/8507bebd.Cheshbonit Vendor.073505.92.pdf,,,Zehavit,,,
cd4f75ba,holdings.office1@gmail.com,0596564a,1405,1/26/2026,0798686,חשבון גז, ₪271.72,1/26/2025,16.11-15.1,Purchases_Files_/cd4f75ba.Cheshbonit Vendor.073702.72.pdf,,,Zehavit,,,
d24aee3b,holdings.office1@gmail.com,0596564a,2602,1/26/2026,0660431,חשבון גז, ₪206.16,1/26/2026,206.16,Purchases_Files_/d24aee3b.Cheshbonit Vendor.075531.16.pdf,,,Zehavit,,,
7f5b8ec3,holdings.office1@gmail.com,0596564a,0413,1/26/2026,0964452,חשבון גז, ₪68.25,1/26/2026,16.11-15.1,Purchases_Files_/7f5b8ec3.Cheshbonit Vendor.075832.25.pdf,,,Zehavit,,,
1dc4b050,holdings.office1@gmail.com,0596564a,0920,1/26/2026,0145524,חשבון גז, ₪362.52,1/26/2026,16.11-15.1,Purchases_Files_/1dc4b050.Cheshbonit Vendor.080452.52.pdf,,,Zehavit,,,
7d414d80,holdings.office1@gmail.com,0596564a,2626,1/26/2026,0312942,חשבון גז, ₪406.28,1/26/2026,16.11-15.1,Purchases_Files_/7d414d80.Cheshbonit Vendor.080621.28.pdf,,,Zehavit,,,
012d4d64,holdings.office1@gmail.com,0596564a,1817,1/26/2026,0444174,חשבון גז, ₪68.25,1/26/2026,16.11-15.1,Purchases_Files_/012d4d64.Cheshbonit Vendor.081146.25.pdf,,,Zehavit,,,
b9a544b1,holdings.office1@gmail.com,0596564a,1841,1/26/2026,0526830,חשבון גז, ₪235.03,1/26/2026,16.11-15.1,Purchases_Files_/b9a544b1.Cheshbonit Vendor.081241.03.pdf,,,Zehavit,,,
d20c9624,holdings.office1@gmail.com,0596564a,435,1/26/2026,0642488,חשבון גז, ₪62.72,1/26/2026,16.11-15.1,Purchases_Files_/d20c9624.Cheshbonit Vendor.081515.72.pdf,,,Zehavit,,,
55932549,holdings.office1@gmail.com,0596564a,0939,1/26/2026,67.06,חשבון גז, ₪67.06,1/26/2026,16.11-15.1,Purchases_Files_/55932549.Cheshbonit Vendor.081625.06.pdf,,,Zehavit,,,
01546e9c,holdings.office1@gmail.com,fb4521e2,3217,1/28/2026,0-477539,חשבון חשמל, ₪476.24,1/27/2026,9.1-19.1,Purchases_Files_/01546e9c.Cheshbonit Vendor.081914.24.pdf,,,Zehavit,,,
80deb0e4,holdings.office1@gmail.com,fb4521e2,1849,2/2/2026,0-128462,חשבון חשמל, ₪22.68,2/2/2026,12.1-28.1,Purchases_Files_/80deb0e4.Cheshbonit Vendor.082017.68.pdf,,,Zehavit,,,
df3a9f19,holdings.office1@gmail.com,fb4521e2,0914,2/2/2026,0-780734,חשבון חשמל, ₪881.13,2/2/2026,9.9-20.11 שולם לבקשת יורי הדיירים ביצעו העברה,Purchases_Files_/df3a9f19.Cheshbonit Vendor.082601.13.pdf,,,Zehavit,,,
2cdbe072,holdings.office1@gmail.com,fb4521e2,0413,2/2/2026,0-510834,חשבון חשמל," ₪1,363.18",2/2/2026,9.9-20.11 שולם לבקשת יורי הדיירים ביצעו העברה,Purchases_Files_/2cdbe072.Cheshbonit Vendor.085052.18.pdf,,,Zehavit,,,
24da0028,holdings.office1@gmail.com,9a38660a,3217,2/4/2025,1491512,ארנונה, ₪190.00,2/4/2026,גמר חשבון ארנונה,Purchases_Files_/24da0028.Cheshbonit Vendor.085525.pdf,,,Zehavit,,,
85862b2d,holdings.office1@gmail.com,fb4521e2,1724,2/4/2026,0-038117,חשבון חשמל, ₪256.51,2/4/2026,9.9-19.11,Purchases_Files_/85862b2d.Cheshbonit Vendor.085620.51.pdf,,,Zehavit,,,
a015d9ea,holdings.office1@gmail.com,fb4521e2,1724,2/4/2026,0-088765,חשבון חשמל, ₪199.77,2/4/2026,20.11-11.1,Purchases_Files_/a015d9ea.Cheshbonit Vendor.085703.77.pdf,,,Zehavit,,,
62e6b381,yuri@emmaleh.com,b3269088,1858,2/12/2026,,WM Top Door," ₪1,350.00",,,Purchases_Files_/62e6b381.Cheshbonit Vendor.072552.pdf,,,Yuri,,,
c85ccfef,yuri@emmaleh.com,b3269090,186dafa2a,2/11/2026,,OFFICE RENT," ₪2,575.94",,,Purchases_Files_/c85ccfef.Cheshbonit Vendor.074425.pdf,,,Yuri,,,
94f5356c,holdings.office1@gmail.com,9a38660a,1849,2/9/2026,1492559,ארנונה, ₪194.50,2/9/2026,1/26,Purchases_Files_/94f5356c.Cheshbonit Vendor.104233.5.pdf,,,Zehavit,,,
addcecc6,holdings.office1@gmail.com,9a38660a,1859,2/11/2026,1493160,ארנונה, ₪175.60,2/11/2026,1.2-28.2,Purchases_Files_/addcecc6.Cheshbonit Vendor.104352.60.pdf,,,Zehavit,,,
ab3b9677,holdings.office1@gmail.com,5c006567,3228,2/24/2026,553186,חשבון גז, ₪211.12,2/24/2026,12.25-1.26,Purchases_Files_/ab3b9677.Cheshbonit Vendor.104527.13.pdf,,,Zehavit,,,
6be27500,holdings.office1@gmail.com,5c006567,3225,2/24/2026,553194,חשבון גז, ₪45.19,2/24/2026,12.25-1.26,Purchases_Files_/6be27500.Cheshbonit Vendor.104705.19 12-1.pdf,,,Zehavit,,,
55aacfb2,holdings.office1@gmail.com,5c006567,3205,2/24/2026,553212,חשבון גז, ₪128.16,2/24/2026,12.25-1.26,Purchases_Files_/55aacfb2.Cheshbonit Vendor.104843.16.pdf,,,Zehavit,,,
63227bac,holdings.office1@gmail.com,5c006567,3202,2/24/2026,553226,חשבון גז, ₪201.90,2/24/2026,12.25-1.26,Purchases_Files_/63227bac.Cheshbonit Vendor.104936.90.pdf,,,Zehavit,,,
3615b5aa,holdings.office1@gmail.com,5c006567,2047,2/24/2026,553235,חשבון גז, ₪160.24,2/24/2026,12.25-1.26,Purchases_Files_/3615b5aa.Cheshbonit Vendor.105041.24.pdf,,,Zehavit,,,
42db18f3,holdings.office1@gmail.com,5c006567,2037,2/24/2026,553245,חשבון גז, ₪45.19,2/24/2026,12.25-1.26,Purchases_Files_/42db18f3.Cheshbonit Vendor.105216.19 12-1.pdf,,,Zehavit,,,
2b7d59ca,holdings.office1@gmail.com,5c006567,2031,2/24/2026,553256,חשבון גז, ₪266.09,2/24/2026,12.25-1.26,Purchases_Files_/2b7d59ca.Cheshbonit Vendor.105517.09.pdf,,,Zehavit,,,
42a5f759,holdings.office1@gmail.com,5c006567,2013,2/24/2026,553261,חשבון גז, ₪82.01,2/24/2026,12.25-1.26,Purchases_Files_/42a5f759.Cheshbonit Vendor.105717.01 12-1.pdf,,,Zehavit,,,
fcfc9aab,holdings.office1@gmail.com,fc46cf6f,1849,2/24/2026,0-388389,חשבון מים, ₪32.72,2/24/2026,12-1/26,Purchases_Files_/fcfc9aab.Cheshbonit Vendor.093918.72.pdf,,,Zehavit,,,
559ddcfc,holdings.office1@gmail.com,5c006567,186dafa2a,2/24/2026,553418,חשבון גז, ₪433.45,2/24/2026,שולם מהשקעות במקום אמאלה בטיפול יורי לקיזוז,Purchases_Files_/559ddcfc.Cheshbonit Vendor.110415.45.pdf,,,Zehavit,,,
709c5886,holdings.office1@gmail.com,9a38660a,2702,2/25/2026,1495665,ארנונה," ₪1,513.20",2/25/2026,1-4/26,Purchases_Files_/709c5886.Cheshbonit Vendor.110540.20.pdf,,,Zehavit,,,
851f57cc,holdings.office1@gmail.com,9a38660a,1709,2/25/2026,1495690,ארנונה," ₪1,570.40",2/25/2026,U201+202 ארנונה 1-4/26,Purchases_Files_/851f57cc.Cheshbonit Vendor.110650.40.pdf,,,Zehavit,,,
7324db6b,holdings.office1@gmail.com,9a38660a,3010,2/25/2026,1495855,ארנונה," ₪18,019.40",2/25/2026,1-4/26,Purchases_Files_/7324db6b.Cheshbonit Vendor.110746.40.pdf,,,Zehavit,,,
fa7f1545,holdings.office1@gmail.com,9a38660a,1f59ee08d,2/25/2026,6686974,ארנונה," ₪41,521.00",2/25/2026,1-4/26,Purchases_Files_/fa7f1545.Cheshbonit Vendor.110832.pdf,,,Zehavit,,,
1e79695e,holdings.office1@gmail.com,0596564a,1841,3/3/2026,0-610618,חשבון גז, ₪145.60,3/3/2026,16.1-3.3,Purchases_Files_/1e79695e.Cheshbonit Vendor.110949.60.pdf,,,Zehavit,,,
496b268c,holdings.office1@gmail.com,0596564a,0454,3/3/2026,0-725283,חשבון גז, ₪176.12,3/3/2026,9-12/25,Purchases_Files_/496b268c.Cheshbonit Vendor.111046.12.pdf,,,Zehavit,,,
06a3d84a,holdings.office1@gmail.com,0596564a,0953,3/3/2026,0-796524,חשבון גז, ₪68.25,3/3/2026,11-12/25,Purchases_Files_/06a3d84a.Cheshbonit Vendor.111146.25.pdf,,,Zehavit,,,
462a6f0b,holdings.office1@gmail.com,fc46cf6f,1724,3/4/2026,0-260588,חשבון מים, ₪82.27,3/4/2026,12.25-1.26,Purchases_Files_/462a6f0b.Cheshbonit Vendor.111250.27.pdf,,,Zehavit,,,
dd582d39,holdings.office1@gmail.com,fc46cf6f,1709,3/4/2026,0-312793,חשבון מים, ₪122.32,3/4/2026,12.25-1.26,Purchases_Files_/dd582d39.Cheshbonit Vendor.111455.32.pdf,,,Zehavit,,,
2aacb468,holdings.office1@gmail.com,fc46cf6f,2702,3/4/2026,0-376582,חשבון מים, ₪447.28,3/4/2026,12.25-1.26,Purchases_Files_/2aacb468.Cheshbonit Vendor.111554.28.pdf,,,Zehavit,,,
932fd1e0,holdings.office1@gmail.com,0596564a,1849,3/4/2026,0-820654,חשבון גז, ₪99.76,3/4/2026,11-12/25+1-2/26 וגמר חשבון,Purchases_Files_/932fd1e0.Cheshbonit Vendor.131040.76.pdf,,,Zehavit,,,
fbefd01b,yuri@emmaleh.com,b3269089,186dafa2a,3/8/2026,,ADVERTISEMENT," ₪1,050.00",,,Purchases_Files_/fbefd01b.Cheshbonit Vendor.103627.Pdf,,,Yuri,,,
00b3acfb,yuri@emmaleh.com,8475f4c8,2646,3/8/2026,,השתתפות עצמית בביטוח, ₪320.00,,החלפת דוד שמש,Purchases_Images/00b3acfb.Cheshbonit Vendor.104040.jpg,,,Yuri,,,
218a9fbb,yuri@emmaleh.com,e02b8b86,2806,3/31/2026,,השתתפות עצמית בביטוח, ₪400.00,,,Purchases_Files_/218a9fbb.Cheshbonit Vendor.073354.pdf,,,Yuri,,,
e42797d9,yuri@emmaleh.com,b3269088,0427,3/17/2026,,Misc, ₪79.00,,,Purchases_Images/e42797d9.Cheshbonit Vendor.143936.jpg,,,Yuri,,,
bd0cbc41,holdings.office1@gmail.com,fc46cf6f,1f59ee08d,3/10/2026,0-050518,חשבון מים," ₪6,939.38",3/10/2026,12/25-1/26,Purchases_Files_/bd0cbc41.Cheshbonit Vendor.071857.38.pdf,,,Zehavit,,,
7d535c75,holdings.office1@gmail.com,fc46cf6f,3010,3/12/2026,0-499855,חשבון מים," ₪5,608.67",3/12/2026,12/25-1/26,Purchases_Files_/7d535c75.Cheshbonit Vendor.072006.67.pdf,,,Zehavit,,,
56f31fad,holdings.office1@gmail.com,fb4521e2,2023,3/15/2026,0-724104,חשבון חשמל, ₪279.94,3/15/2026,12.1-11.3,Purchases_Files_/56f31fad.Cheshbonit Vendor.072400.94.pdf,,,Zehavit,,,
76052a1a,holdings.office1@gmail.com,fb4521e2,2037,3/15/2026,0-823823,חשבון חשמל, ₪61.25,3/15/2026,12.1-11.3,Purchases_Files_/76052a1a.Cheshbonit Vendor.072634.25.pdf,,,Zehavit,,,
8520e0a3,holdings.office1@gmail.com,fb4521e2,2118,3/16/2026,0-923862,חשבון חשמל, ₪291.02,3/16/2026,8/1-12/3,Purchases_Files_/8520e0a3.Cheshbonit Vendor.073912.02.pdf,,,Zehavit,,,
41cc80f1,holdings.office1@gmail.com,fb4521e2,435,3/16/2026,0086686,חשבון חשמל, ₪104.76,3/16/2026,12.1-12.3,Purchases_Files_/41cc80f1.Cheshbonit Vendor.075132.76.pdf,,,Zehavit,,,
e09e6dc2,holdings.office1@gmail.com,fb4521e2,3013,3/16/2026,0-846428,חשבון חשמל, ₪735.47,3/16/2026,8/1-12/3,Purchases_Files_/e09e6dc2.Cheshbonit Vendor.075326.47.pdf,,,Zehavit,,,
dedb7f7f,holdings.office1@gmail.com,fb4521e2,3008,3/16/2026,0890079,חשבון חשמל, ₪661.51,3/16/2026,8/1-12/3,Purchases_Files_/dedb7f7f.Cheshbonit Vendor.080226.51.pdf,,,Zehavit,,,
88c04169,holdings.office1@gmail.com,fb4521e2,0953,3/16/2026,0-065797,חשבון חשמל, ₪107.57,3/16/2026,21/11-12/3,Purchases_Files_/88c04169.Cheshbonit Vendor.080330.57.pdf,,,Zehavit,,,
de20a89c,holdings.office1@gmail.com,fb4521e2,2120,3/16/2026,0-351999,חשבון חשמל, ₪349.54,3/16/2026,8/1-12/3,Purchases_Files_/de20a89c.Cheshbonit Vendor.080431.54.pdf,,,Zehavit,,,
cdacc7fa,holdings.office1@gmail.com,fb4521e2,0939,3/16/2026,0-542373,חשבון חשמל, ₪107.57,3/16/2026,12/1-12/3,Purchases_Files_/cdacc7fa.Cheshbonit Vendor.080528.57.pdf,,,Zehavit,,,
5627d884,holdings.office1@gmail.com,fb4521e2,2606,3/17/2026,0-172015,חשבון חשמל, ₪66.53,3/17/2026,9/1-13/3,Purchases_Files_/5627d884.Cheshbonit Vendor.080621.53.pdf,,,Zehavit,,,
9d9c3b5e,holdings.office1@gmail.com,fb4521e2,3242,3/17/2026,0-225136,חשבון חשמל, ₪66.53,3/17/2026,9/1-13/3,Purchases_Files_/9d9c3b5e.Cheshbonit Vendor.080716.53.pdf,,,Zehavit,,,
b2dfe82f,holdings.office1@gmail.com,fb4521e2,0416,3/17/2026,0-459024,חשבון חשמל, ₪110.79,3/17/2026,21/11-12/3,Purchases_Files_/b2dfe82f.Cheshbonit Vendor.080815.79.pdf,,,Zehavit,,,
94dd24b1,holdings.office1@gmail.com,0596564a,0914,3/19/2026,0-494567,חשבון גז," ₪1,562.07",3/19/2026,16.7.25-28.2.26,Purchases_Files_/94dd24b1.Cheshbonit Vendor.082544.07.pdf,,,Zehavit,,,
815a0e6f,yuri@emmaleh.com,b3269088,0935,3/29/2026,,"Moving (Hovala) , Small Fridge"," ₪1,990.00",,,Purchases_Images/815a0e6f.Cheshbonit Vendor.072423.jpg,,,Yuri,,,
3c2a9fa7,yuri@emmaleh.com,b3269088,3203,4/15/2026,,"Moving (Hovala) , WM Top Door"," ₪1,349.00",,,Purchases_Files_/3c2a9fa7.Cheshbonit Vendor.072732.pdf,,,Yuri,,,
454fd971,holdings.office1@gmail.com,fb4521e2,2805,3/26/0026,0-956870,חשבון חשמל," ₪1,627.63",3/26/2026,8.1-12.3 שולם לבקשת יורי הדיירים העבירו לו כסף,Purchases_Files_/454fd971.Cheshbonit Vendor.073840.63.pdf,,,Zehavit,,,
8be37db0,holdings.office1@gmail.com,fb4521e2,2038,3/26/2026,0-843292,חשבון חשמל, ₪329.47,3/26/2026,12.1-11.3 שולם לבקשת יורי דיירים עשו העברה,Purchases_Files_/8be37db0.Cheshbonit Vendor.074014.47.pdf,,,Zehavit,,,
021bcce6,holdings.office1@gmail.com,0596564a,0953,4/14/2026,0-639658,חשבון גז, ₪68.25,4/14/2026,16.1-17.3,Purchases_Files_/021bcce6.Cheshbonit Vendor.081620.25 1-3.pdf,,,Zehavit,,,
5fc6543d,yuri@emmaleh.com,b3269090,186dafa2a,4/9/2026,,OFFICE RENT," ₪2,575.94",,,Purchases_Files_/5fc6543d.Cheshbonit Vendor.092852.pdf,,,Yuri,,,
27c7e1d7,yuri@emmaleh.com,b3269089,186dafa2a,4/9/2026,,Yad2, ₪700.00,,,Purchases_Files_/27c7e1d7.Cheshbonit Vendor.093159.Pdf,,,Yuri,,,
2061eb65,holdings.office1@gmail.com,0596564a,2602,4/14/2025,0-433334,חשבון גז, ₪243.57,4/14/2026,16.1-17.3,Purchases_Files_/2061eb65.Cheshbonit Vendor.113017.57.pdf,,,Zehavit,,,
57945421,holdings.office1@gmail.com,0596564a,2620,4/14/2026,0-619023,חשבון גז, ₪87.50,4/14/2026,16.1-17.3,Purchases_Files_/57945421.Cheshbonit Vendor.113143.5.pdf,,,Zehavit,,,
294140d4,holdings.office1@gmail.com,0596564a,1922,4/14/2026,0-705160,חשבון גז, ₪35.49,4/14/2026,0-705160,Purchases_Files_/294140d4.Cheshbonit Vendor.113238.49 1-3.pdf,,,Zehavit,,,
f613d2e8,holdings.office1@gmail.com,0596564a,1913,4/14/2026,0-782375,חשבון גז, ₪192.80,4/14/2026,16.1-17.3,Purchases_Files_/f613d2e8.Cheshbonit Vendor.113424.80.pdf,,,Zehavit,,,
4dab1d23,holdings.office1@gmail.com,0596564a,0454,4/14/2026,0102558,חשבון גז, ₪68.25,4/14/2026,16.1-17.3,Purchases_Files_/4dab1d23.Cheshbonit Vendor.113536.25.pdf,,,Zehavit,,,
2270042d,holdings.office1@gmail.com,0596564a,2642,4/14/2026,0694885,חשבון גז, ₪130.26,4/14/2026,16.1-17.3,Purchases_Files_/2270042d.Cheshbonit Vendor.113706.26.pdf,,,Zehavit,,,
3023a617,holdings.office1@gmail.com,0596564a,1405,4/14/2026,0771964,חשבון גז, ₪216.56,4/14/2026,16.1-17.3,Purchases_Files_/3023a617.Cheshbonit Vendor.113818.56.pdf,,,Zehavit,,,
478441b5,holdings.office1@gmail.com,0596564a,0413,4/14/2026,0017945,חשבון גז, ₪68.25,4/14/2026,16.1-17.3,Purchases_Files_/478441b5.Cheshbonit Vendor.113933.25 1-3.pdf,,,Zehavit,,,
d601daec,holdings.office1@gmail.com,0596564a,2626,4/14/2026,0234567,חשבון גז, ₪447.11,4/14/2026,16.1-17.3,Purchases_Files_/d601daec.Cheshbonit Vendor.114050.11.pdf,,,Zehavit,,,
081c898c,holdings.office1@gmail.com,0596564a,0920,4/14/2026,0305052,חשבון גז, ₪301.83,4/14/2026,16.1-17.3,Purchases_Files_/081c898c.Cheshbonit Vendor.114415.83.pdf,,,Zehavit,,,
657dd4f3,holdings.office1@gmail.com,0596564a,435,4/14/2026,0380345,חשבון גז, ₪62.72,4/14/2026,16.1-17.3,Purchases_Files_/657dd4f3.Cheshbonit Vendor.114517.72 1-3.pdf,,,Zehavit,,,
86f22272,holdings.office1@gmail.com,0596564a,0917,4/14/2026,0508838,חשבון גז, ₪541.71,4/14/2026,16.1-17.3,Purchases_Files_/86f22272.Cheshbonit Vendor.114643.71.pdf,,,Zehavit,,,
5c46e597,holdings.office1@gmail.com,0596564a,1817,4/14/2026,0875295,חשבון גז, ₪68.25,4/14/2026,16.1-17.3,Purchases_Files_/5c46e597.Cheshbonit Vendor.114843.25 1-3.pdf,,,Zehavit,,,
0d617da2,holdings.office1@gmail.com,0596564a,1714,4/14/2025,0002303,חשבון גז, ₪179.25,4/14/2025,16.1-17.3,Purchases_Files_/0d617da2.Cheshbonit Vendor.115143.25.pdf,,,Zehavit,,,
4073ec76,holdings.office1@gmail.com,0596564a,1715,4/14/2026,0071449,חשבון גז, ₪50.92,4/14/2026,0071449,Purchases_Files_/4073ec76.Cheshbonit Vendor.115333.92 1-3.pdf,,,Zehavit,,,
65648f4f,holdings.office1@gmail.com,0596564a,0443,4/14/2026,0147587,חשבון גז, ₪180.50,4/14/2026,16.1-17.3,Purchases_Files_/65648f4f.Cheshbonit Vendor.115448.5.pdf,,,Zehavit,,,
c603f615,holdings.office1@gmail.com,0596564a,0914,4/14/2026,0276295,חשבון גז, ₪277.37,4/14/2026,16.1-17.3,Purchases_Files_/c603f615.Cheshbonit Vendor.115600.37.pdf,,,Zehavit,,,
eb9133ef,holdings.office1@gmail.com,fb4521e2,1723,4/16/2026,0-400135,חשבון חשמל, ₪569.17,4/16/2026,12.1-12.3,Purchases_Files_/eb9133ef.Cheshbonit Vendor.115739.17.pdf,,,Zehavit,,,
543f299e,holdings.office1@gmail.com,fb4521e2,0914,4/16/2026,0-684852,חשבון חשמל," ₪1,610.50",4/16/2026,12.1-12.3 שולם בשם הדיירים ביצעו העברה,Purchases_Files_/543f299e.Cheshbonit Vendor.115850.5.pdf,,,Zehavit,,,
6e43ae91,holdings.office1@gmail.com,fb4521e2,0413,4/16/2026,0-742536,חשבון חשמל," ₪1,613.59",4/16/2026,12.1-12.3 שולם בשם הדיירים ביצעו העברה,Purchases_Files_/6e43ae91.Cheshbonit Vendor.120101.59.pdf,,,Zehavit,,,
02527a0a,yuri@emmaleh.com,18164a49,0914,5/4/2026,,"WM Side Door , Moving (Hovala)"," ₪1,050.00",,,Purchases_Images/02527a0a.Cheshbonit Vendor.090711.jpg,,,Yuri,,,
1f212f46,yuri@emmaleh.com,18164a49,3220,5/4/2026,,"WM Side Door , Moving (Hovala)"," ₪1,050.00",,,Purchases_Images/1f212f46.Cheshbonit Vendor.140302.jpg,,,Yuri,,,
113e64a6,holdings.office1@gmail.com,fb4521e2,1709,4/26/2026,0-984096,חשבון חשמל, ₪803.77,4/26/2026,2/11-11/1 שולם בשם הדייר הוא עשה העברה,Purchases_Files_/113e64a6.Cheshbonit Vendor.053029.77.pdf,,,Zehavit,,,
f4522f28,holdings.office1@gmail.com,fb4521e2,1709,4/26/2026,0-148600,חשבון חשמל, ₪281.32,4/26/2026,12/1-12/3 שולם בשם הדייר הוא עשה העברה,Purchases_Files_/f4522f28.Cheshbonit Vendor.053143.32.pdf,,,Zehavit,,,
83566f86,holdings.office1@gmail.com,fb4521e2,1f59ee08d,4/26/2026,0-333484,חשבון חשמל, ₪65.78,4/26/2026,12/1-12/3 מסחרי 1/5,Purchases_Files_/83566f86.Cheshbonit Vendor.053300.78.pdf,,,Zehavit,,,
2c2d7620,holdings.office1@gmail.com,fb4521e2,1f59ee08d,4/26/2026,0-371112,חשבון חשמל, ₪65.78,4/26/2026,12/1-12/3 מסחרי 1.2,Purchases_Files_/2c2d7620.Cheshbonit Vendor.053355.78.pdf,,,Zehavit,,,
fd58ead2,holdings.office1@gmail.com,fb4521e2,1f59ee08d,4/26/2026,0-405753,חשבון חשמל, ₪65.78,4/26/2026,12/1-12/3 מסחרי 1/3,Purchases_Files_/fd58ead2.Cheshbonit Vendor.053446.78.pdf,,,Zehavit,,,
f4aad2a6,holdings.office1@gmail.com,fb4521e2,1f59ee08d,4/26/2026,0-451369,חשבון חשמל, ₪65.78,4/26/2026,12/1-12/3 מסחרי 1/1,Purchases_Files_/f4aad2a6.Cheshbonit Vendor.053605.78.pdf,,,Zehavit,,,
08ee10bb,holdings.office1@gmail.com,0596564a,2620,4/27/2026,0-193912,חשבון גז, ₪45.89,4/27/2026,19.3-27.4,Purchases_Files_/08ee10bb.Cheshbonit Vendor.053654.89.pdf,,,Zehavit,,,
2a239123,holdings.office1@gmail.com,9a38660a,3232,4/29/2026,1521661,ארנונה, ₪381.60,4/29/2026,3-4/26,Purchases_Files_/2a239123.Cheshbonit Vendor.053741.60.pdf,,,Zehavit,,,
100a8765,holdings.office1@gmail.com,9a38660a,1930,4/29/2026,1521662,ארנונה, ₪384.20,4/29/2026,3-4/26,Purchases_Files_/100a8765.Cheshbonit Vendor.053832.20.pdf,,,Zehavit,,,
456c10df,holdings.office1@gmail.com,9a38660a,3204,4/29/2026,1521663,ארנונה, ₪131.66,4/29/2026,13.4-30.4,Purchases_Files_/456c10df.Cheshbonit Vendor.053920.66.pdf,,,Zehavit,,,
02384bdd,holdings.office1@gmail.com,9a38660a,1417,4/29/2026,1521664,ארנונה, ₪188.90,4/26/2026,4/26,Purchases_Files_/02384bdd.Cheshbonit Vendor.054019.90.pdf,,,Zehavit,,,
e91d0af0,holdings.office1@gmail.com,fb4521e2,2620,5/3/2026,0-698563,חשבון חשמל, ₪22.18,5/3/2026,14.3-4.4,Purchases_Files_/e91d0af0.Cheshbonit Vendor.054113.18.pdf,,,Zehavit,,,
140263fb,holdings.office1@gmail.com,5c006567,2013,5/4/2026,615839,חשבון גז, ₪151.57,5/4/2026,2-3/26,Purchases_Files_/140263fb.Cheshbonit Vendor.054214.57.pdf,,,Zehavit,,,
b6c14f48,holdings.office1@gmail.com,5c006567,2031,5/4/2026,615843,חשבון גז, ₪230.28,5/4/2026,2-3/26,Purchases_Files_/b6c14f48.Cheshbonit Vendor.054317.28.pdf,,,Zehavit,,,
e7602f0b,holdings.office1@gmail.com,5c006567,2037,5/4/2026,615851,חשבון גז, ₪48.26,5/4/2026,2-3/26,Purchases_Files_/e7602f0b.Cheshbonit Vendor.054405.26.pdf,,,Zehavit,,,
cf5f1b6a,holdings.office1@gmail.com,5c006567,2047,5/4/2026,615861,חשבון גז, ₪117.14,5/4/2026,2-3/26,Purchases_Files_/cf5f1b6a.Cheshbonit Vendor.054454.14.pdf,,,Zehavit,,,
5118d90b,holdings.office1@gmail.com,5c006567,3202,5/4/2026,615870,חשבון גז, ₪176.39,5/4/2026,2-3/26,Purchases_Files_/5118d90b.Cheshbonit Vendor.054542.39.pdf,,,Zehavit,,,
6dcd0851,holdings.office1@gmail.com,5c006567,3205,5/4/2026,615965,חשבון גז, ₪166.52,5/4/2026,2-3/26,Purchases_Files_/6dcd0851.Cheshbonit Vendor.054628.52.pdf,,,Zehavit,,,
e8b9a3ee,holdings.office1@gmail.com,5c006567,3225,5/4/2026,615968,חשבון גז, ₪48.26,5/4/2026,2-3/26,Purchases_Files_/e8b9a3ee.Cheshbonit Vendor.054721.26.pdf,,,Zehavit,,,
95492e4e,holdings.office1@gmail.com,5c006567,3228,5/4/2026,616002,חשבון גז, ₪205.95,5/4/2026,2-3/26,Purchases_Files_/95492e4e.Cheshbonit Vendor.054804.95.pdf,,,Zehavit,,,
ef40397c,holdings.office1@gmail.com,fc46cf6f,1930,5/5/2026,0-962803,חשבון מים, ₪18.46,5/5/2026,1.3-13.4,Purchases_Files_/ef40397c.Cheshbonit Vendor.054851.46.pdf,,,Zehavit,,,
000c746f,holdings.office1@gmail.com,fc46cf6f,1715,5/5/2026,0-099796,חשבון מים, ₪982.56,5/5/2026,1.2-16.3,Purchases_Files_/000c746f.Cheshbonit Vendor.055032.56.pdf,,,Zehavit,,,
21744ef6,holdings.office1@gmail.com,fb4521e2,1724,5/5/2026,0-238964,חשבון חשמל, ₪263.25,5/5/2026,12.1-12.3,Purchases_Files_/21744ef6.Cheshbonit Vendor.055318.25.pdf,,,Zehavit,,,
885fa9c2,holdings.office1@gmail.com,fc46cf6f,1724,5/6/2026,0-962738,חשבון מים, ₪57.62,5/6/2026,2-3/26,Purchases_Files_/885fa9c2.Cheshbonit Vendor.055403.62.pdf,,,Zehavit,,,
edaf4d23,holdings.office1@gmail.com,fc46cf6f,1709,5/6/2026,0-000943,חשבון מים, ₪80.59,5/6/2026,2-3/26,Purchases_Files_/edaf4d23.Cheshbonit Vendor.055450.59.pdf,,,Zehavit,,,
fc72251f,holdings.office1@gmail.com,fc46cf6f,2702,5/6/2026,0-703827,חשבון מים, ₪420.01,5/6/2026,2-3/26,Purchases_Files_/fc72251f.Cheshbonit Vendor.055542.01.pdf,,,Zehavit,,,
f3e17d08,holdings.office1@gmail.com,fc46cf6f,2620,5/6/2026,0-962829,חשבון מים, ₪44.07,5/6/2026,1.2-6.4,Purchases_Files_/f3e17d08.Cheshbonit Vendor.055646.07.pdf,,,Zehavit,,,
ea9ba990,holdings.office1@gmail.com,fc46cf6f,2060,5/13/2026,0-142620,חשבון מים, ₪203.89,5/13/2026,8.3-28.4,Purchases_Files_/ea9ba990.Cheshbonit Vendor.055735.89.pdf,,,Zehavit,,,
0dbbe743,holdings.office1@gmail.com,fb4521e2,435,5/13/2026,0-627836,חשבון חשמל, ₪107.97,5/13/2026,13.3-11.5,Purchases_Files_/0dbbe743.Cheshbonit Vendor.055833.97.pdf,,,Zehavit,,,
a2cad295,holdings.office1@gmail.com,fb4521e2,0939,5/13/2026,0713271,חשבון חשמל, ₪62.31,5/13/2026,13.3-11.5,Purchases_Files_/a2cad295.Cheshbonit Vendor.055935.31.pdf,,,Zehavit,,,
336be82c,holdings.office1@gmail.com,fb4521e2,2118,5/13/2026,0806083,חשבון חשמל, ₪200.01,5/13/2026,13.3-8.5,Purchases_Files_/336be82c.Cheshbonit Vendor.060026.01.pdf,,,Zehavit,,,
2dc34426,holdings.office1@gmail.com,fb4521e2,2120,5/13/2026,0873687,חשבון חשמל, ₪295.85,5/13/2026,13.3-8.5,Purchases_Files_/2dc34426.Cheshbonit Vendor.060124.85.pdf,,,Zehavit,,,
dda36b98,holdings.office1@gmail.com,fb4521e2,2023,5/13/2026,0133645,חשבון חשמל, ₪263.64,5/13/2026,12.3-10.5,Purchases_Files_/dda36b98.Cheshbonit Vendor.060232.64.pdf,,,Zehavit,,,
17038795,holdings.office1@gmail.com,fb4521e2,3008,5/13/2026,0500447,חשבון חשמל, ₪328.66,5/13/2026,13.3-8.5,Purchases_Files_/17038795.Cheshbonit Vendor.060334.66.pdf,,,Zehavit,,,
654c92ed,holdings.office1@gmail.com,fb4521e2,3013,5/13/2026,0652362,חשבון חשמל, ₪576.94,5/13/2026,13.3-8.5,Purchases_Files_/654c92ed.Cheshbonit Vendor.060444.94.pdf,,,Zehavit,,,
56949130,holdings.office1@gmail.com,fb4521e2,2038,5/13/2026,0818443,חשבון חשמל, ₪162.01,5/13/2026,12.3-10.5,Purchases_Files_/56949130.Cheshbonit Vendor.060543.01.pdf,,,Zehavit,,,
70015265,holdings.office1@gmail.com,fb4521e2,2060,5/13/2026,0103853,חשבון חשמל, ₪61.47,5/13/2026,9.3-27.4,Purchases_Files_/70015265.Cheshbonit Vendor.060651.47.pdf,,,Zehavit,,,
1a22848d,holdings.office1@gmail.com,fb4521e2,2037,5/13/2026,0684423,חשבון חשמל, ₪62.31,5/13/2026,12.3-10.5,Purchases_Files_/1a22848d.Cheshbonit Vendor.060752.31.pdf,,,Zehavit,,,
44fe9f38,holdings.office1@gmail.com,fb4521e2,2119,5/13/2026,0781641,חשבון חשמל, ₪46.96,5/13/2026,9/2-12.3,Purchases_Files_/44fe9f38.Cheshbonit Vendor.060907.96.pdf,,,Zehavit,,,
a1556952,holdings.office1@gmail.com,fb4521e2,1417,5/17/2026,0783555,חשבון חשמל, ₪67.17,5/17/2026,31.3-11.5,Purchases_Files_/a1556952.Cheshbonit Vendor.061010.17.pdf,,,Zehavit,,,
360316bc,holdings.office1@gmail.com,fb4521e2,0416,5/17/2026,0847624,חשבון חשמל, ₪62.31,5/17/2026,13.3-11.5,Purchases_Files_/360316bc.Cheshbonit Vendor.061124.31.pdf,,,Zehavit,,,
c9fbb478,holdings.office1@gmail.com,fb4521e2,0953,5/17/2026,0962977,חשבון חשמל, ₪62.31,5/17/2026,13.3-11.5,Purchases_Files_/c9fbb478.Cheshbonit Vendor.061236.31.pdf,,,Zehavit,,,
cff8dd91,holdings.office1@gmail.com,fb4521e2,1723,5/17/2026,0013565,חשבון חשמל, ₪326.64,5/17/2026,13.3-11.5,Purchases_Files_/cff8dd91.Cheshbonit Vendor.061413.64.pdf,,,Zehavit,,,
bb83e0f7,holdings.office1@gmail.com,fb4521e2,3242,5/18/2026,0-559450,חשבון חשמל, ₪64.42,5/18/2026,14.3-14.5,Purchases_Files_/bb83e0f7.Cheshbonit Vendor.063353.42.pdf,,,Zehavit,,,
a6ea8766,holdings.office1@gmail.com,fb4521e2,2606,5/18/2026,0822619,חשבון חשמל, ₪64.42,5/18/2026,14.3-14.5,Purchases_Files_/a6ea8766.Cheshbonit Vendor.065704.42.pdf,,,Zehavit,,,
cdc524e1,yuri@emmaleh.com,3c055975,0914,5/31/2026,,השתתפות עצמית בביטוח, ₪190.00,,,Purchases_Files_/cdc524e1.Cheshbonit Vendor.072316.pdf,,,Yuri,,,
f5ffc7b4,yuri@emmaleh.com,18164a49,2051,5/28/2026,,"Moving (Hovala) , Regualr Fridge"," ₪1,600.00",,,,,,Yuri,,,
f8536a50,yuri@emmaleh.com,18164a49,3208,5/28/2026,,Electric Burners, ₪320.00,,,,,,Yuri,,,
98aba726,yuri@emmaleh.com,18164a49,0946,6/3/2026,,"Moving (Hovala) , Oven W Burners"," ₪1,300.00",,,,,,Yuri,,,
d71b220b,yuri@emmaleh.com,89bb8b5f,2038,6/4/2026,,Tap for shower, ₪238.00,,,Purchases_Images/d71b220b.Cheshbonit Vendor.064542.jpg,,,Yuri,,,
622bbdd0,yuri@emmaleh.com,6ffe01d6,1433,6/7/2026,,"Moving (Hovala) , Bed Base", ₪620.00,,,Purchases_Files_/622bbdd0.Cheshbonit Vendor.142737.pdf,,,Yuri,,,
d9625615,yuri@emmaleh.com,8475f4c8,3208,6/7/2026,,השתתפות עצמית בביטוח, ₪320.00,,,Purchases_Files_/d9625615.Cheshbonit Vendor.121506.pdf,,,Yuri,,,
f664f070,yuri@emmaleh.com,8475f4c8,0914,6/4/2026,,השתתפות עצמית בביטוח, ₪320.00,,,Purchases_Files_/f664f070.Cheshbonit Vendor.122226.pdf,,,Yuri,,,
5f4afcb1,yuri@emmaleh.com,b3269090,186dafa2a,6/7/2026,,OFFICE RENT," ₪1,481.12",,,Purchases_Files_/5f4afcb1.Cheshbonit Vendor.123503.pdf,,,Yuri,,,
b1ebc28b,yuri@emmaleh.com,5d50e1a6,1850,6/12/2026,,Ikea Closet, ₪295.00,,,Purchases_Images/b1ebc28b.Cheshbonit Vendor.063437.jpg,,,Yuri,,,
fd7cf623,yuri@emmaleh.com,3c055975,2038,6/30/2026,,השתתפות עצמית בביטוח, ₪750.00,,,Purchases_Files_/fd7cf623.Cheshbonit Vendor.115447.pdf,,,Yuri,,,
ae60df6c,yuri@emmaleh.com,f5e5f165,1834,6/14/2026,,Closet, ₪579.00,,,Purchases_Images/ae60df6c.Cheshbonit Vendor.075025.jpg,,,Yuri,,,
334e74c3,yuri@emmaleh.com,f5e5f165,1834,6/14/2026,,Moving (Hovala), ₪300.00,,,Purchases_Images/334e74c3.Cheshbonit Vendor.075202.jpg,,,Yuri,,,
85f9f89a,yuri@emmaleh.com,b3269089,186dafa2a,6/14/2026,,Yad2, ₪500.00,,,Purchases_Files_/85f9f89a.Cheshbonit Vendor.142654.Pdf,,,Yuri,,,
33c97025,yuri@emmaleh.com,3c055975,435,4/30/2026,,השתתפות עצמית בביטוח, ₪750.00,,,Purchases_Files_/33c97025.Cheshbonit Vendor.081008.pdf,,,Yuri,,,
19a34bbe,yuri@emmaleh.com,65f78428,3208,4/14/2026,,השתתפות עצמית בביטוח, ₪320.00,,,Purchases_Images/19a34bbe.Cheshbonit Vendor.081758.jpg,,,Yuri,,,
279e1b0c,yuri@emmaleh.com,3c055975,3206,4/16/2026,,השתתפות עצמית בביטוח, ₪190.00,,,Purchases_Files_/279e1b0c.Cheshbonit Vendor.082250.pdf,,,Yuri,,,
3d2c15c4,yuri@emmaleh.com,b3269088,1826,6/16/2026,,"Moving (Hovala) , Regualr Fridge"," ₪1,990.00",,,,,,Yuri,,,
4304b869,yuri@emmaleh.com,b3269088,1427,6/16/2026,,Toaster Oven, ₪149.00,,,,,,Yuri,,,
e8658f10,yuri@emmaleh.com,6162ce50,186dafa2a,6/23/2026,,Buisness Lunch, ₪280.00,,,Purchases_Images/e8658f10.Cheshbonit Vendor.122645.jpg,,,Yuri,,,
d7bd3f7c,yuri@emmaleh.com,18164a49,1724,6/29/2026,,WM Side Door, ₪950.00,,,,,,Yuri,,,
fdf1b485,yuri@emmaleh.com,3c055975,0914,5/19/2026,,השתתפות עצמית בביטוח, ₪190.00,,,Purchases_Files_/fdf1b485.Cheshbonit Vendor.090005.pdf,,,Yuri,,,
b310272c,yuri@emmaleh.com,3c055975,2805,5/7/2026,,השתתפות עצמית בביטוח, ₪400.00,,,Purchases_Files_/b310272c.Cheshbonit Vendor.090133.pdf,,,Yuri,,,
9918b306,yuri@emmaleh.com,18164a49,0926,7/7/2026,,"WM Side Door , Moving (Hovala)", ₪950.00,,,,,,Yuri,,,
3e4f2384,yuri@emmaleh.com,18164a49,435,7/7/2026,,"WM Side Door , Moving (Hovala)", ₪950.00,,,,,,Yuri,,,
d2069f9f,yuri@emmaleh.com,18164a49,1707,7/7/2026,,"WM Side Door , Moving (Hovala)", ₪950.00,,,,,,Yuri,,,
a943aa70,yuri@emmaleh.com,b3269090,186dafa2a,7/1/2026,,OFFICE RENT, ₪86.53,,"חויב ביחד עם פיקדון על סך 1650 ש""ח ביחד 1736.53 בשורת החיוב",Purchases_Files_/a943aa70.Cheshbonit Vendor.091835.pdf,,,Yuri,,,
0225fe8a,yuri@emmaleh.com,b3269089,186dafa2a,7/7/2026,,Yad2, ₪58.00,,,Purchases_Files_/0225fe8a.Cheshbonit Vendor.090931.Pdf,,,Yuri,,,
658857c7,yuri@emmaleh.com,b3269090,186dafa2a,7/7/2026,,OFFICE RENT," ₪2,130.12",,"חלק יחסי של אפי לחייב רק על השקעות דרום 550 ש""ח",Purchases_Files_/658857c7.Cheshbonit Vendor.100643.pdf,,,Yuri,,,
c446738d,yuri@emmaleh.com,b3269088,0914,7/12/2026,,"Moving (Hovala) , Regualr Fridge"," ₪1,860.00",,,,,,Yuri,,,
d3fc9338,yuri@emmaleh.com,b3269088,1304,7/12/2026,,"Moving (Hovala) , Regualr Fridge"," ₪1,689.00",,,,,,Yuri,,,
722c5d11,yuri@emmaleh.com,b3269089,186dafa2a,7/13/2026,,Yad2, ₪750.00,,,Purchases_Files_/722c5d11.Cheshbonit Vendor.070149.Pdf,,,Yuri,,,
93b126ca,holdings.office1@gmail.com,fb4521e2,1848,5/19/2026,0-004382,חשבון חשמל, ₪74.86,5/19/2026,13.3-10.5 שולם לבקשת יורי,Purchases_Files_/93b126ca.Cheshbonit Vendor.055122.86.pdf,,,Zehavit,,,
ad32b462,holdings.office1@gmail.com,fb4521e2,1848,5/19/2026,0-751271,חשבון חשמל, ₪242.84,5/19/2026,12.1-12.3 שולם לבקשת יורי,Purchases_Files_/ad32b462.Cheshbonit Vendor.055206.84.pdf,,,Zehavit,,,
63b9d9e2,holdings.office1@gmail.com,fb4521e2,3208,5/19/2026,0-287961,חשבון חשמל, ₪190.71,5/19/2026,25.10-16.11 שולם באישור יורי,Purchases_Files_/63b9d9e2.Cheshbonit Vendor.055251.71.pdf,,,Zehavit,,,
a09ed1e7,holdings.office1@gmail.com,0596564a,1913,5/20/2026,0-176164,חשבון גז, ₪138.54,5/20/2026,18.3-17.5,Purchases_Files_/a09ed1e7.Cheshbonit Vendor.055343.54.pdf,,,Zehavit,,,
8bd8e1b0,holdings.office1@gmail.com,0596564a,1922,5/20/2026,0-474742,חשבון גז, ₪35.49,5/20/2026,18.3-17.5,Purchases_Files_/8bd8e1b0.Cheshbonit Vendor.055430.49 3-5.pdf,,,Zehavit,,,
ad820ef4,holdings.office1@gmail.com,0596564a,0953,5/24/2026,80512212,חשבון גז, ₪68.25,5/24/2026,18.3-17.5,Purchases_Files_/ad820ef4.Cheshbonit Vendor.055516.25 3-5.pdf,,,Zehavit,,,
4de15058,holdings.office1@gmail.com,0596564a,0454,5/24/2026,0-877035,חשבון גז, ₪68.25,5/24/2026,18.3-17.5,Purchases_Files_/4de15058.Cheshbonit Vendor.055603.25 3-5.pdf,,,Zehavit,,,
1417322f,holdings.office1@gmail.com,0596564a,2602,5/24/2026,0-555235,חשבון גז, ₪184.26,5/24/2026,18.3-17.5,Purchases_Files_/1417322f.Cheshbonit Vendor.055700.26.pdf,,,Zehavit,,,
ff37ec1f,holdings.office1@gmail.com,0596564a,0914,5/24/2026,0-797381,חשבון גז, ₪231.87,5/24/2026,1.4-30.4,Purchases_Files_/ff37ec1f.Cheshbonit Vendor.055757.87.pdf,,,Zehavit,,,
f05a60bc,holdings.office1@gmail.com,0596564a,0920,5/24/2026,0-557033,חשבון גז, ₪323.14,5/24/2026,18.3-17.5,Purchases_Files_/f05a60bc.Cheshbonit Vendor.055844.14.pdf,,,Zehavit,,,
26e40e2f,holdings.office1@gmail.com,0596564a,1714,5/24/2026,0-695866,חשבון גז, ₪83.59,5/24/2026,18.3-17.5,Purchases_Files_/26e40e2f.Cheshbonit Vendor.055934.59.pdf,,,Zehavit,,,
47ef2fa9,holdings.office1@gmail.com,0596564a,1817,5/24/2026,0-855841,חשבון גז, ₪68.25,5/24/2026,18.3-17.5,Purchases_Files_/47ef2fa9.Cheshbonit Vendor.060026.25 3-5.pdf,,,Zehavit,,,
5c05467f,holdings.office1@gmail.com,0596564a,0443,5/24/2026,0-024349,חשבון גז, ₪170.54,5/24/2026,18.3-17.5,Purchases_Files_/5c05467f.Cheshbonit Vendor.060123.54.pdf,,,Zehavit,,,
ce72678b,holdings.office1@gmail.com,0596564a,435,5/24/2026,0-100172,חשבון גז, ₪62.72,5/24/2026,18.3-17.5,Purchases_Files_/ce72678b.Cheshbonit Vendor.060214.72 3-5.pdf,,,Zehavit,,,
a0921a1e,holdings.office1@gmail.com,0596564a,0413,5/24/2026,0-225367,חשבון גז, ₪68.25,5/24/2026,18.3-17.5,Purchases_Files_/a0921a1e.Cheshbonit Vendor.060306.25 3-5.pdf,,,Zehavit,,,
7cdd8a68,holdings.office1@gmail.com,0596564a,0917,5/24/2026,0-569061,חשבון גז, ₪257.98,5/24/2026,18.3-17.5,Purchases_Files_/7cdd8a68.Cheshbonit Vendor.060354.98.pdf,,,Zehavit,,,
467d502a,holdings.office1@gmail.com,0596564a,2642,5/24/2026,0-930461,חשבון גז, ₪118.54,5/24/2026,18.3-17.5,Purchases_Files_/467d502a.Cheshbonit Vendor.060442.54.pdf,,,Zehavit,,,
c1bc4b18,holdings.office1@gmail.com,0596564a,2626,5/24/2026,0-468108,חשבון גז, ₪302.55,5/24/2026,18.3-17.5,Purchases_Files_/c1bc4b18.Cheshbonit Vendor.060533.55.pdf,,,Zehavit,,,
e92d7da3,holdings.office1@gmail.com,9a38660a,2031,5/24/2026,1539853,ארנונה, ₪844.00,5/24/2026,5-8/26+אגרה,Purchases_Files_/e92d7da3.Cheshbonit Vendor.060713.pdf,,,Zehavit,,,
6dc9775e,holdings.office1@gmail.com,fb4521e2,1417,5/26/2026,0-123430,חשבון חשמל, ₪11.76,5/26/2026,12.5-14.5,Purchases_Files_/6dc9775e.Cheshbonit Vendor.060815.76.pdf,,,Zehavit,,,
e39c4ed6,holdings.office1@gmail.com,fb4521e2,1f59ee08d,5/26/2026,0-249417,חשבון חשמל, ₪63.60,5/26/2026,13.3-10.5 נילי 1/2,Purchases_Files_/e39c4ed6.Cheshbonit Vendor.061944.60.pdf,,,Zehavit,,,
7ccf2bb4,holdings.office1@gmail.com,fb4521e2,1f59ee08d,5/26/2026,0-298877,חשבון חשמל, ₪63.60,5/26/2026,13.3-10.5 נילי 1/5,Purchases_Files_/7ccf2bb4.Cheshbonit Vendor.062046.60.pdf,,,Zehavit,,,
39deb13d,holdings.office1@gmail.com,fb4521e2,1f59ee08d,5/26/2026,0-346759,חשבון חשמל, ₪63.60,5/26/2026,13.3-10.5 נילי 1/3,Purchases_Files_/39deb13d.Cheshbonit Vendor.062143.60.pdf,,,Zehavit,,,
fd315a52,holdings.office1@gmail.com,fb4521e2,1f59ee08d,5/26/2026,0-389437,חשבון חשמל, ₪63.60,5/26/2026,13.3-10.5 נילי 1/1,Purchases_Files_/fd315a52.Cheshbonit Vendor.062232.60.pdf,,,Zehavit,,,
4bf93c87,holdings.office1@gmail.com,fc46cf6f,3010,5/31/2026,0-659417,חשבון מים," ₪3,136.78",5/31/2026,2-3/26,Purchases_Files_/4bf93c87.Cheshbonit Vendor.062506.78.pdf,,,Zehavit,,,
d9c2c8d1,holdings.office1@gmail.com,fc46cf6f,1f59ee08d,5/31/2026,0-172684,חשבון מים," ₪7,572.72",5/31/2026,2-3/26,Purchases_Files_/d9c2c8d1.Cheshbonit Vendor.062633.27.pdf,,,Zehavit,,,
62ab3a2e,holdings.office1@gmail.com,fb4521e2,0914,6/8/2026,0-401000,חשבון חשמל," ₪1,254.86",6/8/2026,13.3-11.5 שולם באישור יורי דיירים ביצעו העברה,Purchases_Files_/62ab3a2e.Cheshbonit Vendor.062745.86.pdf,,,Zehavit,,,
282936f2,holdings.office1@gmail.com,0596564a,0914,6/9/2026,0-193680,חשבון גז, ₪211.28,6/9/2026,1.5-31.5,Purchases_Files_/282936f2.Cheshbonit Vendor.063010.28.pdf,,,Zehavit,,,
fe3b2ef2,holdings.office1@gmail.com,fb4521e2,0413,6/15/2026,0-458075,חשבון חשמל," ₪1,292.18",6/15/2026,שולם לבקשת יורי דייר עשה העברה,Purchases_Files_/fe3b2ef2.Cheshbonit Vendor.063105.18.pdf,,,Zehavit,,,
03a37016,holdings.office1@gmail.com,fb4521e2,1859,6/18/2026,0-858563,חשבון חשמל, ₪203.60,6/18/2026,13.3-10.5 שולם באישור יורי,Purchases_Files_/03a37016.Cheshbonit Vendor.063145.60.pdf,,,Zehavit,,,
b2c676af,holdings.office1@gmail.com,0596564a,0946,6/18/2026,0-042648,חשבון גז, ₪380.00,6/18/2026,חיבור כיריים משולב תנור,Purchases_Files_/b2c676af.Cheshbonit Vendor.063235.pdf,,,Zehavit,,,
af78f089,holdings.office1@gmail.com,9a38660a,1709,6/24/2026,1548721,ארנונה, ₪795.00,6/24/2026,5-6/26 יחידות 201+202,Purchases_Files_/af78f089.Cheshbonit Vendor.063326.pdf,,,Zehavit,,,
c7bcf505,holdings.office1@gmail.com,9a38660a,2702,6/24/2026,1548723,ארנונה, ₪766.10,6/24/2026,5-6/26,Purchases_Files_/c7bcf505.Cheshbonit Vendor.063418.10.pdf,,,Zehavit,,,
7b496046,holdings.office1@gmail.com,9a38660a,3010,6/24/2026,1548751,ארנונה," ₪9,500.90",6/24/2026,5-6/26,Purchases_Files_/7b496046.Cheshbonit Vendor.063522.90.pdf,,,Zehavit,,,
51c858dd,holdings.office1@gmail.com,fb4521e2,3225,6/28/2026,0-982959,חשבון חשמל, ₪963.98,6/28/2026,7.11-7.1 שולם לבקשת יורי,Purchases_Files_/51c858dd.Cheshbonit Vendor.063625.98.pdf,,,Zehavit,,,
ef73ee8a,holdings.office1@gmail.com,fb4521e2,3225,6/28/2026,0-056010,חשבון חשמל," ₪1,500.65",6/28/2026,8.1-8.3 שולם לבקשת יורי,Purchases_Files_/ef73ee8a.Cheshbonit Vendor.063713.65.pdf,,,Zehavit,,,
190f922e,holdings.office1@gmail.com,fb4521e2,3225,6/28/2026,0-111146,חשבון חשמל, ₪919.07,6/28/2026,9.3-7.5 שולם לבקשת יורי,Purchases_Files_/190f922e.Cheshbonit Vendor.063757.07.pdf,,,Zehavit,,,
05a3220b,holdings.office1@gmail.com,9a38660a,1f59ee08d,6/30/2026,23118219,ארנונה," ₪22,502.20",6/30/2026,5-6/26,Purchases_Files_/05a3220b.Cheshbonit Vendor.063908.20.pdf,,,Zehavit,,,
ca58bf3b,holdings.office1@gmail.com,5c006567,2047,7/5/2026,,חשבון גז, ₪158.64,7/5/2026,"4-6/26 כולל גמ""ח",Purchases_Images/ca58bf3b.Cheshbonit Vendor.064200.jpg,,,Zehavit,,,
fa4ff341,holdings.office1@gmail.com,5c006567,3205,7/6/2026,681921,חשבון גז, ₪107.39,7/6/2026,4-5/26,Purchases_Files_/fa4ff341.Cheshbonit Vendor.072047.39.pdf,,,Zehavit,,,
4239483b,holdings.office1@gmail.com,5c006567,3202,7/6/2026,681925,חשבון גז, ₪97.54,7/6/2026,4-5/26,Purchases_Files_/4239483b.Cheshbonit Vendor.072140.54.pdf,,,Zehavit,,,
f3244f78,holdings.office1@gmail.com,5c006567,2013,7/6/2026,681928,חשבון גז, ₪171.25,7/6/2026,4-5/26,Purchases_Files_/f3244f78.Cheshbonit Vendor.072235.25.pdf,,,Zehavit,,,
d305dc6f,holdings.office1@gmail.com,5c006567,3225,7/6/2026,681931,חשבון גז, ₪48.26,7/6/2026,4-5/26,Purchases_Files_/d305dc6f.Cheshbonit Vendor.072324.26 4-5.pdf,,,Zehavit,,,
cc192a00,holdings.office1@gmail.com,5c006567,2037,7/6/2026,681964,חשבון גז, ₪48.26,7/6/2026,4-5/26,Purchases_Files_/cc192a00.Cheshbonit Vendor.072417.26 4-5.pdf,,,Zehavit,,,
d128dd19,holdings.office1@gmail.com,5c006567,2031,7/6/2026,681972,חשבון גז, ₪245.04,7/6/2026,4-5/26,Purchases_Files_/d128dd19.Cheshbonit Vendor.072516.04.pdf,,,Zehavit,,,
4d0bb357,holdings.office1@gmail.com,5c006567,3228,7/6/2026,682247,חשבון גז, ₪255.22,7/6/2026,4-5/26,Purchases_Files_/4d0bb357.Cheshbonit Vendor.072600.22.pdf,,,Zehavit,,,
39a66ed2,holdings.office1@gmail.com,fb4521e2,2047,7/7/2026,,חשבון חשמל, ₪171.15,7/7/2026,11.5-30.6 שולם לבקשת יורי,Purchases_Files_/39a66ed2.Cheshbonit Vendor.072814.15.pdf,,,Zehavit,,,
e97e37fc,holdings.office1@gmail.com,fb4521e2,1707,7/12/2026,0-567552,חשבון חשמל, ₪62.67,7/12/2026,1.6-8.7,Purchases_Files_/e97e37fc.Cheshbonit Vendor.072912.67.pdf,,,Zehavit,,,
17ad833e,holdings.office1@gmail.com,fb4521e2,1726,7/12/2026,0-619577,חשבון חשמל, ₪105.28,7/12/2026,17.6-8.7,Purchases_Files_/17ad833e.Cheshbonit Vendor.073259.28.pdf,,,Zehavit,,,
b6334adb,holdings.office1@gmail.com,fb4521e2,1723,7/12/2026,0-724427,חשבון חשמל, ₪682.14,7/12/2026,12.5-8.7,Purchases_Files_/b6334adb.Cheshbonit Vendor.073407.14.pdf,,,Zehavit,,,
7da199fa,holdings.office1@gmail.com,fb4521e2,2037,7/12/2026,0-819052,חשבון חשמל, ₪61.65,7/12/2026,11.5-8.7,Purchases_Files_/7da199fa.Cheshbonit Vendor.073602.65.pdf,,,Zehavit,,,
f1b30f8b,holdings.office1@gmail.com,fb4521e2,2038,7/12/2026,0-244434,חשבון חשמל, ₪118.16,7/12/2026,11.5-8.7,Purchases_Files_/f1b30f8b.Cheshbonit Vendor.073658.16.pdf,,,Zehavit,,,
56646cd6,holdings.office1@gmail.com,fb4521e2,2023,7/12/2026,0-227678,חשבון חשמל, ₪416.10,7/12/2026,11.5-8.7,Purchases_Files_/56646cd6.Cheshbonit Vendor.073801.10.pdf,,,Zehavit,,,
4d9e01ea,holdings.office1@gmail.com,fb4521e2,3242,7/12/2026,0-452516,חשבון חשמל, ₪57.42,7/12/2026,15.5-8.7,Purchases_Files_/4d9e01ea.Cheshbonit Vendor.073853.42.pdf,,,Zehavit,,,
ed6d3b04,holdings.office1@gmail.com,fb4521e2,2606,7/12/2026,0-520056,חשבון חשמל, ₪57.42,7/12/2026,15.5-8.7,Purchases_Files_/ed6d3b04.Cheshbonit Vendor.073954.42.pdf,,,Zehavit,,,
e9a1b355,holdings.office1@gmail.com,fb4521e2,435,7/13/2026,0-765412,חשבון חשמל, ₪136.81,7/13/2026,12.5-9.7,Purchases_Files_/e9a1b355.Cheshbonit Vendor.082258.81.pdf,,,Zehavit,,,
8e887bc5,holdings.office1@gmail.com,fb4521e2,0953,7/13/2026,0-863118,חשבון חשמל, ₪64.28,7/13/2026,12.5-9.7,Purchases_Files_/8e887bc5.Cheshbonit Vendor.082402.28.pdf,,,Zehavit,,,
8749af5e,holdings.office1@gmail.com,fb4521e2,0416,7/13/2026,0-972851,חשבון חשמל, ₪61.71,7/13/2026,12.5-9.7,Purchases_Files_/8749af5e.Cheshbonit Vendor.062110.71.pdf,,,Zehavit,,,
14d70f05,holdings.office1@gmail.com,fb4521e2,2118,7/13/2026,0-098053,חשבון חשמל, ₪420.57,7/13/2026,9.5-9.7,Purchases_Files_/14d70f05.Cheshbonit Vendor.062159.57.pdf,,,Zehavit,,,
e240b4b9,holdings.office1@gmail.com,fb4521e2,0939,7/13/2026,0-402552,חשבון חשמל, ₪61.71,7/13/2026,12.5-9.7,Purchases_Files_/e240b4b9.Cheshbonit Vendor.062326.71.pdf,,,Zehavit,,,
aae721f8,holdings.office1@gmail.com,fb4521e2,2120,7/13/2026,0-455527,חשבון חשמל, ₪251.71,7/13/2026,9.5-9.7,Purchases_Files_/aae721f8.Cheshbonit Vendor.062505.71.pdf,,,Zehavit,,,
ccf4adf8,holdings.office1@gmail.com,fb4521e2,3013,7/13/2026,0-598813,חשבון חשמל," ₪1,913.99",7/13/2026,9.5-9.7,Purchases_Files_/ccf4adf8.Cheshbonit Vendor.062939.99.pdf,,,Zehavit,,,
f13ddec4,holdings.office1@gmail.com,fc46cf6f,1724,7/13/2026,0-317784,חשבון מים, ₪134.31,7/13/2026,4-5/26,Purchases_Files_/f13ddec4.Cheshbonit Vendor.063914.31.pdf,,,Zehavit,,,
090ef64d,holdings.office1@gmail.com,fc46cf6f,1709,7/13/2026,0-406173,חשבון מים, ₪109.61,7/13/2026,4-5/26,Purchases_Files_/090ef64d.Cheshbonit Vendor.065345.61.pdf,,,Zehavit,,,
36eee0b4,holdings.office1@gmail.com,fc46cf6f,2702,7/13/2026,0-707521,חשבון מים, ₪194.85,7/13/2026,4-5/26,Purchases_Files_/36eee0b4.Cheshbonit Vendor.071102.85.pdf,,,Zehavit,,,
37d96415,holdings.office1@gmail.com,fb4521e2,3008,7/14/2026,0-895383,חשבון חשמל, ₪433.44,7/14/2026,9.5-9.7,Purchases_Files_/37d96415.Cheshbonit Vendor.071751.44.pdf,,,Zehavit,,,
00311dcd,holdings.office1@gmail.com,0596564a,0914,7/14/2026,0-905901,חשבון גז, ₪207.87,7/14/2026,1.6-30.6,Purchases_Files_/00311dcd.Cheshbonit Vendor.071847.87.pdf,,,Zehavit,,,
ff3e6013,holdings.office1@gmail.com,0596564a,1841,7/15/2026,0-166983,חשבון גז, ₪533.88,7/15/2026,16.1-8.7 שולם לבקשת יורי,Purchases_Files_/ff3e6013.Cheshbonit Vendor.072023.88.pdf,,,Zehavit,,,