,LEASED,LEASED,READY,LEASED,LEASED,READY,LEASED,LEASED,LEASED,LEASED,READY,LEASED,LEASED,LEASED,LEASED,LEASED,LEASED,LEASED,LEASED,LEASED,LEASED,LEASED,LEASED,LEASED,LEASED,LEASED,LEASED,LEASED,LEASED,LEASED,LEASED,LEASED,LEASED,LEASED,LEASED,LEASED,LEASED,LEASED,READY,LEASED,LEASED,LEASED,LEASED,LEASED,LEASED,LEASED,LEASED,LEASED,LEASED,LEASED,LEASED,LEASED,LEASED,READY,LEASED,LEASED,LEASED,LEASED,LEASED,LEASED,LEASED,LEASED,LEASED,LEASED,LEASED,LEASED,LEASED,LEASED,LEASED,LEASED,LEASED,LEASED,LEASED,LEASED,LEASED,LEASED,LEASED,READY,LEASED,LEASED,LEASED,LEASED,LEASED,LEASED,LEASED,LEASED,READY,LEASED,LEASED,LEASED,LEASED,LEASED,LEASED,LEASED,LEASED,LEASED,LEASED,LEASED,LEASED,LEASED,LEASED,LEASED,LEASED,LEASED,LEASED,LEASED,LEASED,READY,,,LEASED,LEASED,LEASED,LEASED,LEASED,LEASED,LEASED,LEASED,READY,LEASED,LEASED,LEASED,LEASED,LEASED,LEASED,LEASED,Excluded,LEASED,READY,LEASED,LEASED,LEASED,READY,LEASED,LEASED,LEASED,LEASED,LEASED,LEASED,LEASED,LEASED,LEASED,LEASED,LEASED,READY,LEASED,LEASED,LEASED,LEASED,LEASED,LEASED,LEASED,LEASED,Excluded,LEASED,READY,LEASED,LEASED,LEASED,LEASED,LEASED,LEASED,LEASED,LEASED,LEASED,LEASED,LEASED,LEASED,LEASED,READY,LEASED,Excluded,Excluded,LEASED,LEASED,LEASED,,,
Lease Ends,30/04/2027,31/12/2026,07/09/2026,31/07/2027,14/09/2027,21/03/2023,01/04/2027,31/08/2026,15/08/2026,31/08/2026,31/08/2025,20/10/2026,31/12/2026,14/06/2027,31/10/2026,25/01/2027,04/09/2026,31/08/2027,30/06/2027,14/05/2027,24/03/2027,31/08/2027,31/08/2027,05/04/2027,20/11/2026,31/05/2027,31/10/2026,17/08/2027,24/04/2027,30/06/2027,31/10/2026,26/09/2026,22/11/2026,10/03/2027,14/12/2026,30/11/2026,31/07/2027,19/08/2027,30/06/2026,31/08/2027,09/01/2027,09/07/2027,06/04/2027,18/06/2027,31/08/2026,12/07/2027,31/7/2027,30/09/2026,28/02/2027,04/03/2027,21/10/2026,09/10/2026,12/04/2027,12/08/2026,10/02/2027,10/08/2027,12/04/2027,28/02/2027,14/02/2027,23/02/2027,19/09/2027,07/11/26,10/04/2027,19/09/2027,30/04/2027,30/06/2027,17/09/2026,24/04/2027,31/08/2026,30/04/2027,17/03/2027,22/01/2027,14/11/2026,24/01/2027,23/02/2027,03/09/2028,17/06/2027,31/10/2025,14/03/2027,09/08/2027,31/08/2027,16/08/2027,31/08/2026,08/09/2026,13/04/27,09/09/2027,31/03/2026,15/01/2027,08/01/27,14/08/2027,09/06/2027,31/05/2027,31/01/2027,31/07/2027,05/10/2026,24/08/2027,12/04/2026,31/10/2026,18/11/2026,31/08/2026,30/06/2025,31/08/2027,06/07/2027,31/10/2026,15/05/2027,31/05/2027,31/08/2027,03/07/2024,,,09/09/26,31/05/27,30/06/27,26/01/27,06/01/2027,19/09/2027,31/07/2026,19/10/2026,30/09/2026,31/12/2026,31/12/2026,05/08/27,01/09/27,19/10/26,02/04/27,30/09/26,,17/08/2026,20/01/2027,22/4/2027,10/01/2027,30/04/2027,31/07/2022,31/01/2027,24/04/2027,30/04/2027,31/08/2026,31/12/2026,05/03/2027,31/08/2026,13/04/2027,31/07/2027,21/08/2027,31/07/2026,30/11/2024,14/03/2026,20/12/2026,27/04/2027,30/09/2026,01/03/2027,31/08/2027,18/08/2027,30/04/2027,,31/05/2027,18/04/2027,30/11/2026,09/03/2027,07/03/2027,31/07/2026,03/07/2027,15/03/2027,16/08/2027,31/12/2026,31/12/2026,31/08/2027,31/08/2027,30/06/2027,18/12/2026,30/09/2025,23/06/2027,,,06/04/2027,31/08/2027,29/05/2027,,,
Days Left,247,127,12,339,384,EXPIRED,218,5,EXPIRED,5,EXPIRED,55,127,292,66,152,9,370,308,261,210,370,370,222,86,278,66,356,241,308,66,31,88,196,110,96,339,358,EXPIRED,370,136,317,223,296,5,320,339,35,186,190,56,44,229,EXPIRED,168,349,229,186,172,181,389,73,227,389,247,308,22,241,5,247,203,149,80,151,181,739,295,EXPIRED,200,348,370,355,5,13,230,379,EXPIRED,142,135,353,287,278,158,339,40,363,EXPIRED,66,84,5,EXPIRED,370,314,66,262,278,370,EXPIRED,,,14,278,308,153,133,389,EXPIRED,54,35,127,127,344,371,54,219,35, ,EXPIRED,147,239,137,247,EXPIRED,158,241,247,5,127,191,5,230,339,360,EXPIRED,EXPIRED,EXPIRED,116,244,35,187,370,357,247, ,278,235,96,195,193,EXPIRED,311,201,355,127,127,370,370,308,114,EXPIRED,301, , ,223,370,276,,,
,100,100,100,100,100,100,100,100,100,100,100,100,100,100,100,100,100,100,100,100,100,100,100,100,100,100,100,100,100,100,100,100,100,100,100,100,100,100,100,100,100,100,100,100,100,100,100,100,100,100,100,100,100,50,50,100,100,100,100,100,100,100,100,100,100,100,100,100,100,100,100,100,100,100,100,100,100,100,100,100,100,100,100,100,100,100,50,50,50,50,100,100,100,100,100,100,100,100,100,100,100,100,100,100,100,100,100,100,,,100,100,100,100,100,100,100,100,100,200,0,100,100,33,33,33,100,100,100,100,50,50,100,100,100,100,100,100,100,100,100,100,100,50,50,50,50,100,100,100,100,100,100,100,100,100,100,100,100,100,100,100,100,100,100,100,100,100,100,100,100,0,0,100,100,100,,,
,HD,HD,HD,HD,HD,HD,HD,HD,HD,HD,HD,HD,HD,HD,HD,HD,HD,HD,HD,HD,HD,HD,HD,HD,HD,HD,HD,HD,HD,HD,HD,HD,HD,HD,HD,HD,HD,HD,HD,HD,HD,HD,HD,HD,HD,HD,HD,HD,HD,HD,HD,HD,HD,HD,HD,HD,HD,HD,HD,HD,HD,HD,HD,HD,HD,HD,HD,HD,HD,HD,HD,HD,HD,HD,HD,HD,HD,HD,HD,HD,HD,HD,HD,HD,HD,HD,HD,HD,HD,HD,HD,HD,HD,HD,HD,HD,HD,HD,HD,HD,HD,HD,HD,HD,HD,HD,HD,HD,,,MR,MR,MR,MR,MR,MR,MR,MR,MR,MR,MR,MR,MR,MR,MR,MR,MR,MR,MR,MR,MR,MR,MR,MR,MR,MR,MR,MR,MR,MR,MR,MR,MR,MR,MR,MR,MR,MR,MR,MR,MR,MR,MR,MR,MR,MR,MR,MR,MR,MR,MR,MR,MR,MR,MR,MR,MR,MR,MR,MR,MR,MR,MR,MR,MR,MR,,,
,,,,,,,,,,,,BP,,,,,BP,,,,,,,,,,,,,,,,,,,,,,,,,,,,,BP,,BP,,BP,BP,,,,,BP,,BP,BP,BP,,,,,,,,,,,,,,,,,,,,,,,,,,,,,,,,,,,,,,,,,,,,,,,,,,,,,,,,,,,,,,,,,,,,,,,,,,,,,,,,,,,,,,,,,,,,,,,,,,,,,,,,,,,,,,,,,,,,,,,
Count,1,1,1,1,1,1,1,1,1,1,1,1,1,1,1,1,1,1,1,1,1,1,1,1,1,1,1,1,1,1,1,1,1,1,1,1,1,1,1,1,1,1,1,1,1,1,1,1,1,1,1,1,1,1,0,1,1,1,1,1,1,1,1,1,1,1,1,1,1,1,1,1,1,1,1,1,1,1,1,1,1,1,1,1,1,1,1,0,1,0,1,1,1,1,1,1,1,1,1,1,1,1,1,1,1,1,1,1,,,1,1,1,1,1,1,1,1,1,1,1,1,1,1,0,0,1,1,1,1,1,0,1,1,1,1,1,1,1,1,1,1,1,1,0,1,0,1,1,1,1,1,1,1,1,1,1,1,1,1,1,1,1,1,1,1,1,1,1,1,1,1,1,1,1,1,,,
,01,02,03,04,05,6,7,8,9,10,11,12,13,14,15,16,17,18,19,20,21,22,23,24,25,26,27,28,29,30,31,32,33,34,35,36,37,38,39,40,41,42,43,44,45,46,47,48,49,50,51,52,53,54A,54B,55,56,57,58,59,60,61,62,63,64,65,66,67,68,69,70,73,74,75,76,77,78,79,80,81,82,83,84,85,86,87,88A,88B,89A,89B,90,91,92,93,94,95,96,97,98,99,100,101,102,103,104,105,106,108,,,201,202,203,204,205,206,207,208,209,210,211,212,213,214A,214B,214C,215,216,217,218,219A,219B,220,221,222,223,224,225,226,227,228,229,230,231A,231B,232A,232B,233,234,235,236,237,238,239,240,241,242,243,245,246,247,248,249,250,251,252,253,254,255,256,257,258,259,260,71,72,Total income Rucon,Total income Aviram,Total income HD
,חנה סנש 08/05,חנה סנש 18/7 ב',השלום 129/6,חנה סנש 6/6,גוש עציון 83/6,חנה סנש 14/8,חנה סנש 12/1,רוטנברג 12/17,גוש עציון 87/3,גוש עציון 95/4,חנה סנש 18/7 ה',נילי 7/21,חנה סנש 14/14 ב',חנה סנש 10/8,חנה סנש 4/8,וינגייט 4/3,נילי 7/22,חנה סנש 10/7,חנה סנש 18/1 ז',חנה סנש 2/5,רוטנברג 12/26,חנה סנש 2/1,חנה סנש 2/2,חנה סנש 14/20,השלום 135/6,חנה סנש 2/8,חנה סנש 10/4,חנה סנש 14/26,השלום 133/30,חנה סנש 14/44,נילי 7/28,חנה סנש 18/7 ג',גוש עציון 83/3,חנה סנש 18/8 ז',חנה סנש 18/5 ד',גוש עציון 87/5,חנה סנש 14/42 ו',חנה סנש 8/3,חנה סנש 18/8 ה',גוש עציון 97/25,חנה סנש 14/4,חנה סנש 6/5,גוש עציון 83/5,רוטנברג 14/14,חנה סנש 14/3,רוטנברג 6/1,גוש עציון 81/4,חנה סנש 14/2,בן גוריון 18/13,חנה סנש 18/5 ב',חנה סנש 12/8,בן גוריון 20/3,חנה סנש 2/4,וינגייט 2/7,וינגייט 2/7,גוש עציון 97/27,גוש עציון 97/30,רוטנברג 8/4,גוש עציון 89/4,רזיאל 5/5,וינגייט 4/2,גוש עציון 81/2,חנה סנש 14/10,חנה סנש 18/1 ב',חנה סנש 10/2,חנה סנש 18/2 א',חנה סנש 18/2 ד',גוש עציון 95/1,רוטנברג 6/13,חנה סנש 14/46,רוטנברג 16/12,רזיאל 15/59,גוש עציון 85/01,רוטנברג 22/14,רוטנברג 20/27,גוש עציון 95/57,גוש עציון 81/03,רוטנברג 08/11,רזיאל  13/06,חנה סנש 18/31,רוטנברג 20/17,רוטנברג 20/10,בן גוריון 16/09,רוטנברג 14/05,וינגייט 04/05,גוש עציון 97/22,השלום 133/1,השלום 133/1,השלום 135/2,השלום 135/2,רוטנברג 10/35,גוש עציון 91/05,גוש עציון 97/04,רוטנברג 10/01,נילי 05/15,גוש עציון 97/11,חנה סנש 18/2ח',רוטנברג 06/27,חנה סנש 08/02,השלום 129/1,חנה סנש 18/06,חנה סנש 18/05,נילי 07/26,רוטנברג 12/07,רוטנברג 06/17,נילי 05/09,רוטנברג 12/27,רוטנברג 10/11,,,נילי 5/8,נילי 7/24,חנה סנש 6/6,בן גוריון 16/4,חנה סנש 18/1 א',רזיאל 5/3,נילי 7/29,השלום 129/5א',חנה סנש 18/3 ב',חנה סנש 4/13,חנה סנש 4/14,רזיאל 1/8,רוטנברג 12/20,השלום 131/1,השלום 131/1,השלום 131/1,חנה סנש 12/04,רוטנברג 16/01,חנה סנש 06/01,גוש עציון 97/08,וינגייט 02/06,וינגייט 02/06,חנה סנש 14/06,גוש עציון 91/06,רוטנברג 22/13,בן גוריון 20/02,רוטנברג 06/28,חנה סנש 18/04 ז,השלום 129/03,חנה סנש 02/03,וינגייט  04/06,השלום 131/2,חנה סנש 02/06,נילי 07/23,נילי 07/23,השלום 133/20,השלום 133/20,חנה סנש 18/60,רוטנברג 06/33,רוטנברג 06/10,נילי 05/05,נילי 05/06,גוש עציון 97/12,רוטנברג 20/02,גוש עציון 81/06,נילי  05/13,רוטנברג 06/34,השלום 129/12,השלום 133/19,גוש עציון 77/06,נילי 05/10,נילי 05/14,נילי 05/01,רוטנברג 06/06,רוטנברג 06/05,גוש עציון  99/03,גוש עציון  97/16,השלום 133/29,גוש עציון 87/06,רוטנברג 18/07,בן גוריון 16/08,גוש עציון 93/53,גוש עציון 93/54,השלום 135/14,גוש עציון 93/1,גוש עציון 93/2,,,
,I,I,I,I,I,I,I,II,I,I,I,,I,I,I,I,,I,I,I,I,I,I,I,I,II,II,I,I,II,I,I,II,II,II,II,II,II,II,II,II,II,II,II,II,,II,,II,,,II,,II,,,II,,,,,,,,,,,,,,,,,,,,,,,,,,,,,,,,,,,,,,,,,,,,,,,,,,,,,,,,,,,,,,,,,,,,,,,,,,,,,,,,,,,,,,,,,,,,,,,,,,,,,,,,,,,,,,,,,,,,,,,,,,
Sep 15,,READY,,,,,,READY,,,,,,,,,,,,,,,,,,,,,,,,,,,,N/A,N/A,N/A,N/A,N/A,N/A,N/A,N/A,N/A,N/A,N/A,N/A,N/A,N/A,N/A,,N/A,N/A,N/A,,,,,,,,,,,,,,,,,,,,,,,,,,,,,,,,,,,,,,,,,,,,,,,,,,,,,,,,,,,,,,,,,,,,,,,,,,,,,,,,,,,,,,,,,,,,,,,,,,,,,,,,,,,,,,,,,,,,,,,,,,,,,
Oct 15,,"2,500",,,,,READY,"2,500",,READY,,,,,,,,,,,,,,,,,,,,,,,,,,N/A,N/A,N/A,N/A,N/A,N/A,N/A,N/A,N/A,N/A,N/A,N/A,N/A,N/A,N/A,,N/A,N/A,N/A,,,,,,,,,,,,,,,,,,,,,,,,,,,,,,,,,,,,,,,,,,,,,,,,,,,,,,,,,,,,,,,,,,,,,,,,,,,,,,,,,,,,,,,,,,,,,,,,,,,,,,,,,,,,,,,,,,,,,,,,,,,,,
Nov 15,READY,"1,800",Renovated,READY,,READY,READY,"2,500",READY,READY,READY,,READY,Renovated,,,,"1,134",,,,,,,,,,,,,,,,,,N/A,N/A,N/A,N/A,N/A,N/A,N/A,N/A,N/A,N/A,N/A,N/A,N/A,N/A,N/A,,N/A,N/A,N/A,,,,,,,,,,,,,,,,,,,,,,,,,,,,,,,,,,,,,,,,,,,,,,,,,,,,,,,,,,,,,,,,,,,,,,,,,,,,,,,,,,,,,,,,,,,,,,,,,,,,,,,,,,,,,,,,,,,,,,,,,,,,,
Dec 15,"1,800","5,392",Renovated,READY,,"1,700","2,200","2,500","1,900","2,500",READY,,READY,Renovated,,,,"1,700",,,,,,,,,,,,,,,,,,N/A,N/A,N/A,N/A,N/A,N/A,N/A,N/A,N/A,N/A,N/A,N/A,N/A,N/A,N/A,,N/A,N/A,N/A,,,,,,,,,,,,,,,,,,,,,,,,,,,,,,,,,,,,,,,,,,,,,,,,,,,,,,,,,,,,,,,,,,,,,,,,,,,,,,,,,,,,,,,,,,,,,,,,,,,,,,,,,,,,,,,,,,,,,,,,,,,,,
Jan 16,"1,800",,Renovated,"1,600",N/A,"1,700","2,200","2,500","1,900","1,900","1,800",N/A,"1,900",Renovated,"1,700",N/A,N/A,"1,700","1,600",N/A,Unpaid,N/A,N/A,N/A,N/A,N/A,N/A,N/A,N/A,N/A,N/A,N/A,N/A,N/A,N/A,N/A,N/A,N/A,N/A,N/A,N/A,N/A,N/A,N/A,N/A,N/A,N/A,N/A,N/A,N/A,N/A,N/A,N/A,N/A,,N/A,N/A,N/A,N/A,N/A,N/A,,,,,,,,,,,,,,,,,,,,,,,,,,,,,,,,,,,,,,,,,,,,,,,,,,,,,,,,,,,,,,,,,,,,,,,,,,,,,,,,,,,,,,,,,,,,,,,,,,,,,,,,,,,,,,,,,,,,,,
Feb 16,"1,800",,Renovated,"1,600",N/A,"1,700","2,200","2,500","1,900","1,900","1,800",N/A,"1,900",Renovated,"1,690",Renovated,N/A,"1,700","1,600",Renovated,Unpaid,"1,050",Renovated,N/A,"1,466","1,294","1,650",N/A,N/A,N/A,N/A,N/A,N/A,N/A,N/A,N/A,N/A,N/A,N/A,N/A,N/A,N/A,N/A,N/A,N/A,N/A,N/A,N/A,N/A,N/A,N/A,N/A,N/A,N/A,,N/A,N/A,N/A,N/A,N/A,N/A,,,,,,,,,,,,,,,,,,,,,,,,,,,,,,,,,,,,,,,,,,,,,,,,,,,,,,,,,,,,,,,,,,,,,,,,,,,,,,,,,,,,,,,,,,,,,,,,,,,,,,,,,,,,,,,,,,,,,,
Mar 16,"1,800","1,800",READY,"1,600",Renovated,Unpaid,"2,200","2,500","1,900","1,900","1,800",N/A,"1,900",READY,"1,690",Renovated,N/A,"1,700","1,600","2,000","1,700",2000,Renovated,N/A,"1,700","1,500","1,650",N/A,N/A,N/A,N/A,N/A,N/A,N/A,N/A,N/A,N/A,N/A,N/A,N/A,N/A,N/A,N/A,N/A,N/A,N/A,N/A,N/A,N/A,N/A,N/A,N/A,N/A,N/A,,N/A,N/A,N/A,N/A,N/A,N/A,,,,,,,,,,,,,,,,,,,,,,,,,,,,,,,,,,,,,,,,,,,,,,,,,,,,,,,,,,,,,,,,,,,,,,,,,,,,,,,,,,,,,,,,,,,,,,,,,,,,,,,,,,,,,,,,,,,,,,
Apr 16,"1,800","1,800","2,200","1,600",Renovated,Unpaid,"2,200","2,500","1,900","1,900","1,800",N/A,"1,900",READY,"1,690",READY,N/A,"1,700","1,600",Ready,"1,700",2000,"2,200",N/A,"1,700","1,500","1,650","1,800","3,400",1400,"1,500",Under contract with Seller,N/A,N/A,N/A,N/A,N/A,N/A,N/A,N/A,N/A,N/A,N/A,N/A,N/A,N/A,N/A,N/A,N/A,N/A,N/A,N/A,N/A,N/A,,N/A,N/A,N/A,N/A,N/A,N/A,,,,,,,,,,,,,,,,,,,,,,,,,,,,,,,,,,,,,,,,,,,,,,,,,,,,,,,,,,,,,,,,,,,,,,,,,,,,,,,,,,,,,,,,,,,,,,,,,,,,,,,,,,,,,,,,,,,,,,
May 16,"1,800","1,800","2,200","1,600",Renovated,Unpaid,"2,200","2,500","1,900","1,900","1,800",N/A,"1,900","1,900","1,690","2,200",N/A,"1,700","1,600","1,900","1,700",2000,2200,N/A,"1,700","1,500","1,650","1,800",,1400,"1,500",,N/A,N/A,N/A,N/A,N/A,N/A,N/A,N/A,N/A,N/A,N/A,N/A,N/A,N/A,N/A,N/A,N/A,N/A,N/A,N/A,N/A,N/A,,N/A,N/A,N/A,N/A,N/A,N/A,,,,,,,,,,,,,,,,,,,,,,,,,,,,,,,,,,,,,,,,,,,,,,,,,,,,,,,,,,,,,,,,,,,,,,,,,,,,,,,,,,,,,,,,,,,,,,,,,,,,,,,,,,,,,,,,,,,,,,
Jun 16,"1,800","1,800","2,200","1,600",READY,Unpaid,"2,200",Unpaid,"1,900","1,900","1,800",N/A,"1,900","1,900","1,690","2,200",N/A,"1,700","1,600","1,900","1,700",2000,Unpaid,READY,"1,700","1,500","1,650","1,800","3,400",1400,READY,"1,550","1,470",N/A,N/A,N/A,N/A,N/A,N/A,N/A,N/A,N/A,N/A,N/A,N/A,N/A,N/A,N/A,N/A,N/A,N/A,N/A,N/A,N/A,,N/A,N/A,N/A,N/A,N/A,N/A,,,,,,,,,,,,,,,,,,,,,,,,,,,,,,,,,,,,,,,,,,,,,,,,,,,,,,,,,,,,,,,,,,,,,,,,,,,,,,,,,,,,,,,,,,,,,,,,,,,,,,,,,,,,,,,,,,,,,,
Jul 16,"1,800","1,800","2,200","1,600",READY,Unpaid,"2,200","2,500","1,900","1,900","1,800",N/A,"1,900",Unpaid,"1,690","2,200",N/A,READY,"1,600","1,900","1,700",2000,"2,200",READY,"1,700","1,500","1,650","1,800",,"1,400",READY,"1,550","1,470",N/A,N/A,N/A,N/A,N/A,N/A,N/A,N/A,N/A,N/A,N/A,N/A,N/A,N/A,N/A,N/A,N/A,N/A,N/A,N/A,N/A,,N/A,N/A,N/A,N/A,N/A,N/A,,,,,,,,,,,,,,,,,,,,,,,,,,,,,,,,,,,,,,,,,,,,,,,,,,,,,,,,,,,,,,,,,,,,,,,,,,,,,,,,,,,,,,,,,,,,,,,,,,,,,,,,,,,,,,,,,,,,,,
Aug 16,"1,800","1,800","2,200","1,600","1,900",READY,"2,200",Unpaid,"1,900","1,900","1,800",N/A,"1,900",Unpaid,"1,690","2,200",N/A,READY,"1,600","1,900","1,700","2,000","2,200","2,000","1,700","1,500","1,650","1,800","2,550","1,400",READY,"1,550","1,470",READY,N/A,N/A,N/A,N/A,N/A,N/A,N/A,N/A,N/A,N/A,N/A,N/A,N/A,N/A,N/A,N/A,N/A,N/A,N/A,N/A,,N/A,N/A,N/A,N/A,N/A,N/A,,,,,,,,,,,,,,,,,,,,,,,,,,,,,,,,,,,,,,,,,,,,,,,,,,,,,,,,,,,,,,,,,,,,,,,,,,,,,,,,,,,,,,,,,,,,,,,,,,,,,,,,,,,,,,,,,,,,,,
Sep 16,"1,800",READY,"2,200","1,600","1,900",READY,"2,200","2,500","1,900","1,900","1,800",N/A,"1,900",Unpaid,"1,700","2,200",N/A,READY,READY,"1,900","2,000","2,000","2,200","2,000","1,700","1,500",READY,"1,800",,"1,400",Renovated,"1,650","1,470","1,700",Renovated,N/A,"1,600","1,500",N/A,N/A,N/A,N/A,N/A,N/A,N/A,N/A,N/A,N/A,N/A,N/A,N/A,N/A,N/A,N/A,,N/A,N/A,N/A,N/A,N/A,N/A,,,,,,,,,,,,,,,,,,,,,,,,,,,,,,,,,,,,,,,,,,,,,,,,,,,,,,,,,,,,,,,,,,,,,,,,,,,,,,,,,,,,,,,,,,,,,,,,,,,,,,,,,,,,,,,,,,,,,,
Oct 16,"1,800",READY,"2,200",Unpaid,"1,900","1,700",Unpaid,"2,500","1,900","1,900","1,800",N/A,"1,900",READY,READY,"2,200",N/A,"1,800",2100,"1,900","2,000","2,000","2,200","2,000",READY,"1,600",READY,"1,800","1,800","1,400",Renovated,"1,650","1,470",READY,Renovated,READY,"1,600","1,500",N/A,READY,N/A,N/A,READY,READY,READY,N/A,N/A,N/A,N/A,N/A,N/A,N/A,N/A,N/A,,N/A,N/A,N/A,N/A,N/A,N/A,,,,,,,,,,,,,,,,,,,,,,,,,,,,,,,,,,,,,,,,,,,,,,,,,,,,,,,,,,,,,,,,,,,,,,,,,,,,,,,,,,,,,,,,,,,,,,,,,,,,,,,,,,,,,,,,,,,,,,
Nov 16,"1,800",READY,"2,200",Unpaid,"1,900","1,700",Unpaid,"2,500","1,900","1,900","1,800",N/A,READY,READY,READY,"2,200",N/A,"1,800","2,100","1,900","2,000","2,000","2,200","2,000",READY,"1,600",READY,"1,800","1,800","1,400",READY,"1,650","1,470",Office use,READY,Renovated,"1,600","1,500",READY,"2,100",N/A,N/A,READY,READY,READY,N/A,N/A,N/A,N/A,N/A,N/A,N/A,N/A,N/A,,N/A,N/A,N/A,N/A,N/A,N/A,,,,,,,,,,,,,,,,,,,,,,,,,,,,,,,,,,,,,,,,,,,,,,,,,,,,,,,,,,,,,,,,,,,,,,,,,,,,,,,,,,,,,,,,,,,,,,,,,,,,,,,,,,,,,,,,,,,,,,
Dec 16,READY,READY,"2,200",Unpaid,"1,900","1,700",Unpaid,"2,500","1,800","1,900","1,800",N/A,"1,900",READY,READY,"2,200",N/A,"1,800","2,100","1,900","2,000","2,000","2,200","2,000",RENOVATED,"1,600","1,700","1,800","1,800","1,400",READY,"1,650","1,470",Office use,"1,700",Renovated,"1,600","1,500",RENOVATED,"2,100",N/A,N/A,RENOVATED,RENOVATED,READY,N/A,N/A,N/A,1900,N/A,N/A,N/A,N/A,N/A,,N/A,N/A,N/A,N/A,N/A,N/A,,,,,,,,,,,,,,,,,,,,,,,,,,,,,,,,,,,,,,,,,,,,,,,,,,,,,,,,,,,,,,,,,,,,,,,,,,,,,,,,,,,,,,,,,,,,,,,,,,,,,,,,,,,,,,,,,,,,,,
Jan 17,READY,READY,"2,200","1,600","1,900","1,700",Unpaid,"2,500","1,800",1900,READY,N/A,"1,900",1700,READY,"2,200",N/A,"1,800","2,100","1,900","2,000","2,000","2,200","2,000",RENOVATED,"1,600","1,700","1,800","1,800","1,400",READY,"1,650","1,470",Office use,"1,700",READY,"1,600","1,500",RENOVATED,"2,100",N/A,N/A,RENOVATED,RENOVATED,2100,N/A,READY,N/A,1900,N/A,N/A,N/A,N/A,N/A,,N/A,N/A,N/A,N/A,N/A,N/A,,,,,,,,,,,,,,,,,,,,,,,,,,,,,,,,,,,,,,,,,,,,,,,,,,,,,,,,,,,,,,,,,,,,,,,,,,,,,,,,,,,,,,,,,,,,,,,,,,,,,,,,,,,,,,,,,,,,,,
Feb 17,READY,READY,"2,200","1,600","1,900","1,700",Unpaid,"2,500","1,800","1,900","1,800",N/A,"1,900",1700,"1,800","2,200",N/A,"1,800","2,100",Unpaid,"2,000","2,000","2,200","2,000",READY,"1,600","1,700","1,800","1,800","1,400","1,600","1,650","1,470",Office use,"1,700",READY,"1,600","1,500",READY,"2,100",N/A,N/A,READY,"2,100",2100,N/A,READY,N/A,1900,N/A,N/A,N/A,N/A,N/A,,N/A,N/A,N/A,N/A,N/A,N/A,,,,,,,,,,,,,,,,,,,,,,,,,,,,,,,,,,,,,,,,,,,,,,,,,,,,,,,,,,,,,,,,,,,,,,,,,,,,,,,,,,,,,,,,,,,,,,,,,,,,,,,,,,,,,,,,,,,,,,
Mar 17,READY,READY,"2,200","1,600","1,900","1,700","2,300","2,500","1,800","1,900","1,800",N/A,"1,900",1700,"1,800","2,200",N/A,"1,800","2,100","1,900","2,000","2,000","2,200","2,000",READY,"1,600","1,700","1,800","1,800","1,400","1,600","1,650","1,470",Office use,"1,700",READY,"1,600","1,500",READY,"2,100",RENOVATED,"2,000",READY,"2,100",2100,RENOVATED,READY,"2,000",1900,N/A,N/A,"1,261",N/A,Unpaid,"1,350",N/A,1300,700,N/A,N/A,N/A,,,,,,,,,,,,,,,,,,,,,,,,,,,,,,,,,,,,,,,,,,,,,,,,,,,,,,,,,,,,,,,,,,,,,,,,,,,,,,,,,,,,,,,,,,,,,,,,,,,,,,,,,,,,,,,,,,,,,,
Apr 17,READY,"1,700","2,200","1,600","1,900","1,700","2,300","2,500","1,800","1,900","1,800",N/A,Unpaid,1700,"1,800","2,200",N/A,"1,800","2,100",Unpaid,"2,000","2,000","2,200","2,000","1,800","1,600","1,700","1,800","1,800","1,400","1,600","1,650","1,470",Office use,"1,700","1,700","1,600","1,500","1,600","2,100",RENOVATED,"2,000",READY,"2,100",2100,RENOVATED,RENOVATED,"2,000",1900,"1,600",N/A,"1,700",N/A,"1,450","1,350",N/A,"1,700","2,200","1,800",N/A,N/A,N/A,N/A,N/A,N/A,,,,,,,,,,,,,,,,,,,,,,,,,,,,,,,,,,,,,,,,,,,,,,,,,,,,,,,,,,,,,,,,,,,,,,,,,,,,,,,,,,,,,,,,,,,,,,,,,,,,,,,,,,,,,,,,,,
May 17,"1,400","1,700","2,200",1600,"1,900","1,700","2,300","2,500","1,800","1,900","1,760",N/A,Ready,1700,"1,800","2,200",N/A,"1,800","2,100",Unpaid,"2,000","2,000",2200,"2,000","1,800","1,600","1,700","1,800","1,800","1,400","1,600","1,650","1,470",Office use,"1,700","1,700","1,600","1,500","1,600","2,100",RENOVATED,"2,000","1,570","2,100",2100,RENOVATED,RENOVATED,"2,000","1,900","1,600",N/A,"1,700",READY,"1,450","1,350",N/A,"1,700","2,200","1,800",N/A,N/A,N/A,N/A,N/A,N/A,,,,,,,,,,,,,,,,,,,,,,,,,,,,,,,,,,,,,,,,,,,,,,,,,,,,,,,,,,,,,,,,,,,,,,,,,,,,,,,,,,,,,,,,,,,,,,,,,,,,,,,,,,,,,,,,,,
Jun 17,"1,400",READY,"2,200",400,"1,900","1,700","2,300","2,500","1,800","1,900","1,760",N/A,Ready,1700,1800,"2,200",N/A,"1,800","2,100",Unpaid,"2,000","2,000","2,200","2,000","1,800","1,600","1,700","1,800","1,800","1,400","1,600","1,650",1470,Office use,"1,700","1,700","1,600","1,500","1,600","2,100",READY,"2,000","1,700","2,100",2100,READY,READY,"2,000","1,900","1,600",N/A,"1,700",READY,"1,450","1,350",N/A,"1,700","2,200","1,800",N/A,N/A,N/A,N/A,N/A,N/A,,,,,,,,,,,,,,,,,,,,,,,,,,,,,,,,,,,,,,,,,,,,,,,,,,,,,,,,,,,,,,,,,,,,,,,,,,,,,,,,,,,,,,,,,,,,,,,,,,,,,,,,,,,,,,,,,,
Jul 17,"1,400",READY,"2,200","1,600","1,900","1,700","2,300","2,500","1,800","1,900","1,760",N/A,Ready,1700,Ready,"2,200",N/A,Unpaid,"2,100",Ready,"2,000","2,000","2,200","2,000","1,800","1,600","1,700","1,800","1,800","1,400","1,600","1,650",1470,Office use,"1,700","1,700","1,600","1,500","1,600","2,100","1,700","2,000","1,700","2,100",2100,"2,400",READY,"2,000","1,900","1,600",N/A,"1,700",READY,"1,450","1,350",N/A,READY,"2,200","1,800",READY,N/A,N/A,"2,200",READY,N/A,N/A,N/A,N/A,N/A,,,,,,,,,,,,,,,,,,,,,,,,,,,,,,,,,,,,,,,,,,,,,,,,,,,,,,,,,,,,,,,,,,,,,,,,,,,,,,,,,,,,,,,,,,,,,,,,,,,,,,,,,,,,,,
Aug 17,"1,400","1,700","2,200","1,600","1,900","1,700","2,300","2,500","1,800","1,900","1,760",N/A,Ready,1700,Ready,"2,200",N/A,"1,800","2,100","1,800","2,000","2,000","2,200",Unpaid,"1,800","1,600","1,700","1,800","1,800","1,400","1,600",0,1470,READY,"1,700","1,700","1,600","1,500","1,600","2,100","1,700","2,000","1,700","2,100",2100,"2,400",READY,"2,000","1,900","1,600",N/A,"1,700",Renovated,"1,450","1,350",N/A,READY,"2,200","1,800",Renovated,N/A,N/A,"2,200",500,"2,705",N/A,"1,700",Renovated,N/A,Renovated,N/A,N/A,,N/A,N/A,,,,,,,,,,,,,,,,,,,,,,,,,,,,,,,,,,,,,,N/A,,,,,,,,,,,,,,,,,,,,,,,,,,,,,,,,,,,,,,,,,,,,,,,,,,,,,,,,,,,,,,,,,,
Sep 17,"1,400","1,700","2,200","1,600","3,525","1,700",Unpaid,"2,500","1,800","1,900","1,760","1,333","1,900","1,700","1,600","2,200",Ready,"1,800","2,100","1,800",Ready,Ready,"2,200",500,"1,800","1,600","1,700","1,800","1,800","1,400","1,600","1,650","1,470",READY,"1,700","1,700","1,650","1,650","1,600","2,100","1,700","2,000","1,700","2,100",2100,"2,400",READY,"2,000","1,900","1,600",READY,"1,700",READY,"1,450","1,350",N/A,READY,"2,200",READY,Renovated,READY,READY,"2,200","2,000","2,705",N/A,"1,700",Renovated,READY,Renovated,"1,500",N/A,,N/A,N/A,,,,,,,,,,,,,,,,,,,,,,,,,,,,,,,,,,,,,,N/A,,,,,,,,,,,,,,,,,,,,,,,,,,,,,,,,,,,,,,,,,,,,,,,,,,,,,,,,,,,,,,,,,,
Oct 17,"1,400","1,700","2,200","1,600",,"1,700","2,000",2500,Unpaid,"1,900","1,760","2,000","1,900","1,700","1,600","2,200",Ready,"1,800","2,100","1,800",2100,"2,200","2,200","2,000","1,800","1,600","1,700","1,800","1,800","1,400","1,600",READY,"1,470","1,600","1,700","1,700","1,650","1,650","1,600","2,100","1,700",READY,"1,700","2,100",2100,"2,400",READY,"2,000","1,900","1,600",READY,"1,700",READY,"1,450","1,350",N/A,"1,712","2,200",READY,READY,READY,READY,"2,200","2,000","2,500",N/A,"1,700","2,400",READY,READY,"1,500",N/A,,N/A,N/A,,,,,,,,,,,,,,,,,,,,,,,,,,,,,,,,,,,,N/A,N/A,N/A,N/A,N/A,N/A,N/A,N/A,N/A,N/A,N/A,N/A,,,,,,,,,,,,,,,,,,,,,,,,,,,,,,,,,,,,,,,,,,,,,,,,,,,,,,,,,
Nov 17,"1,400","1,700","2,200","1,600","1,800",Unpaid,"2,000","2,500",Unpaid,"1,900","1,760","2,000","1,900","1,700","1,600","2,200",Ready,"1,800","2,100","1,800",2077,"2,200","2,200","2,000","1,800","1,600","1,700","1,800","1,800","1,400",Unpaid,"1,700","1,470","1,600","1,700","1,700","1,650","1,650","1,600","2,100","1,700","2,100","1,700","2,100",2100,"2,400","1,700","2,000","1,900","1,600","1,800","1,700","1,700","1,450","1,350","2,000","1,700","2,200",450,READY,READY,READY,"2,200","2,000","2,500","2,000","1,700","2,400","2,500",READY,"1,500",N/A,,N/A,N/A,,,,,,,,,,,,,,,,,,,,,,,,,,,,,,,,,,,,N/A,N/A,N/A,N/A,N/A,N/A,N/A,N/A,N/A,N/A,N/A,N/A,,,,,,,,,,,,,,,,,,,,,,,,,,,,,,,,,,,,,,,,,,,,,,,,,,,,,,,,,
Dec 17,"1,400","1,700","2,200","1,600","1,800","1,700","2,000","2,000","1,900","1,900","1,760","2,000","1,900","1,700","1,600","2,200","1,800","1,800","2,100","1,800","1,050","2,200","2,300","2,000","1,800","1,600","1,700","1,800","1,800","1,400","1,300","1,700","1,470","1,600","1,700","1,700","1,650","1,650","1,600","2,100","1,700","2,100","1,700","2,100",2100,"2,400","1,700","2,000","1,900","1,600","1,800","1,700","1,700","1,450","1,350","2,000","1,700","2,200","1,800",READY,READY,READY,"2,200","2,000","2,500","2,000","1,700","2,400","2,500",READY,"1,500",READY,N/A,READY,READY,"2,625",,,,,,,,,,,,,,,,,,,,,,,,,,,,,,,,,,,N/A,N/A,N/A,N/A,N/A,N/A,N/A,N/A,N/A,N/A,N/A,N/A,,,,,,,,,,,,,,,,,,,,,,,,,,,,,,,,,,,,,,,,,,,,,,,,,,,,,N/A,N/A,,,
Jan 18,"1,400","1,700","2,200","1,600","1,800","1,700","2,000","2,500","1,900","1,900","1,760","2,000","1,900",Ready,"1,600","2,200","1,800","1,800","2,100","1,800",2100,"2,200","2,100","2,000","1,800","1,600","1,700","1,800","1,800","1,400","1,300","1,700","1,470","1,600","1,700","1,700","1,650","1,650","1,600","2,100","1,700","2,100","1,700","2,100","2,100","2,400","1,700","2,000","1,900","1,600","1,800","1,700","1,700","1,450","1,350","2,000","1,700","2,200","1,800",READY,READY,"1,900","2,200","2,000","2,500","2,000","1,700","2,400","2,500",READY,"1,500",READY,,,,1600,,,,,,,,,,,,,,,,,,,,,,,,,,,,,,,,,,,N/A,N/A,N/A,N/A,N/A,N/A,N/A,N/A,N/A,N/A,N/A,N/A,,,,,,,,,,,,,,,,,,,,,,,,,,,,,,,,,,,,,,,,,,,,,,,,,,,,,N/A,N/A,,,
Feb 18,"1,400","1,700","2,200","1,600","1,800","1,700","2,000","2,500","1,900","1,900","1,760","2,000",1900,Ready,"1,600","2,200","1,800","1,800","2,100","1,800",2100,"2,200","2,200","2,000","1,800","1,600","1,700","1,800","1,800","1,400","1,300","1,700","1,470","1,600","1,700","1,700","1,650","1,650","1,600","2,100","1,700","2,100","1,700","2,100","2,100","2,400","1,700","2,000",1900,"1,600",1800,"1,700","1,700",READY,"1,350","2,000","1,700","2,200","1,800",READY,READY,"1,900","2,200","2,000","2,500","2,000","1,700","2,400","2,500","1,700","1,500","1,800",,,,"1,750",,,,,,,,,,,,,,,,,,,,,,,,,,,,,,,,,,,N/A,N/A,N/A,N/A,N/A,N/A,N/A,N/A,N/A,N/A,N/A,N/A,,,,,,,,,,,,,,,,,,,,,,,,,,,,,,,,,,,,,,,,,,,,,,,,,,,,,N/A,N/A,,,
Mar 18,1400,"1,700","2,200","1,600","1,800","1,700","2,000","2,500","1,900","1,900","1,760","2,000",1900,Ready,"1,600","2,200","1,800","1,800","2,100","1,800",2400,"2,200","2,200","2,000","1,800","1,600","1,700",READY,"1,800","1,400","1,300","1,700",READY,"1,600","1,700","1,700","1,650","1,650","1,600","2,100","1,700","2,100","1,700","2,100","2,100","2,400","1,700",2000,"1,900","1,600","1,800","1,700","1,700","1,600","1,350","2,000","1,700","2,200","1,800",READY,2400,"1,900","2,200","2,000","2,500","2,000","1,700","2,400","2,500","1,700","1,500",1800,,,,"1,750",,,,,,,,,,,,,,,,,,,,,,,,,,,,,,,,,,,N/A,N/A,"1,700",READY,"2,000",READY,N/A,N/A,N/A,N/A,N/A,N/A,,,,,,,,,,,,,,,,,,,,,,,,,,,,,,,,,,,,,,,,,,,,,,,,,,,,,N/A,N/A,,,
Apr 18,1400,"1,700","2,200","1,600","1,800","1,700","2,000",2500,"1,900","1,900","1,760","2,000",1900,1700,"1,600","2,200","1,800","1,800","2,100","1,800",2400,"2,200","2,200","2,000",1800,"1,600","1,700",READY,"1,800",1400,"1,300","1,700",READY,"1,600","1,700",1700,"1,650","1,650",READY,"2,100","1,700","2,100","1,700","2,100","2,100","2,400","1,700",2000,"1,900","1,600","1,800","1,700","1,700","1,600","1,350","2,000","1,700","2,200","1,800",1700,2400,"1,900","2,200","2,000","2,500","2,000","1,700","2,400","2,500","1,700","1,500",1800,,,,"1,750",,,,,,,,,,,,,,,,,,,,,,,,,,,,,,,,,,,1800,1800,"1,700",READY,"2,000",READY,N/A,N/A,N/A,N/A,N/A,N/A,N/A,N/A,,,N/A,N/A,,,,,N/A,N/A,,,,,,,,,,,,,,,,,,,,,,,,,,,,,,,,,,,,,,,,,N/A,N/A,,,
May 18,1400,"1,700","2,200","1,600","1,800","1,700","2,000","2,500","1,900","1,900","1,760","2,000",1900,1700,"1,600",2200,"1,800","1,800","2,100","1,800",2400,"2,200",2200,"2,000",1800,"1,600","1,700",READY,"1,800",1400,"1,300","1,700",Renovated,"1,600","1,700",1700,"1,650","1,650",1700,"2,100","1,700","2,100","1,800","2,100","2,100","2,400","1,700",2000,READY,"1,600","1,800","1,700","1,700",1600,"1,350","2,000","1,700","2,200","1,800","1,700",2400,"1,900",2300,"2,000","2,500","2,000","1,700","2,400","2,500","1,700","1,500",1800,,,,"1,750",,,,,,,,,,,,,,,,,,,,,,,,,,,,,,,,,,,1800,1800,"1,700",READY,2000,2000,1900,N/A,N/A,N/A,N/A,1800,N/A,N/A,,,N/A,N/A,N/A,N/A,,,N/A,N/A,,,,,,,,,,,,,,,,,,,,,,,,,,,,,,,,,,,,,,,,,READY,READY,,,
Jun 18,1400,"1,700",2200,"1,600","1,800","1,700","2,000",2500,"1,900","1,900","1,760","2,000",1900,1700,"1,600",2200,"1,800","1,800","2,100","1,800",2400,"2,200",2200,"2,000",1800,"1,600","1,700",1800,"1,800",1400,"1,300","1,700",READY,"1,600","1,700",1700,"1,650","1,650",1700,"2,100","1,700","2,100",1800,"2,100",2100,"2,400","1,700",2000,READY,"1,600","1,800","1,700","1,700",1600,"1,350","2,000","1,700","2,200","1,800","1,700",2400,"1,900",1900,"2,000","2,500","2,000","1,700","2,400","2,500",1700,"1,500",1800,,,,"1,750",,,,,,,,,,,,,,,,,,,,,,,,,,,,,,,,,,,1800,1800,"1,700",READY,2000,2000,1900,N/A,1500,N/A,N/A,1800,N/A,N/A,,,N/A,N/A,N/A,N/A,N/A,,N/A,N/A,,,,,,,,,,,,,,,,,,,,,,,,,,,,,,,,,,,,,,,,,READY,READY,,,
Jul 18,1400,"1,700","2,200",1400,"1,800","1,700","2,000","2,500","1,900","1,900","1,760","2,000",1900,1700,"1,600",2200,"1,800","1,800","2,100",READY,UNPAID,"2,200",2200,Ready,1800,"1,600","1,700",1800,"1,800",1400,"1,300","1,700",READY,"1,600","1,700",1700,"1,650","1,650",1700,"2,100",1700,"2,100",1800,"2,100",2100,READY,"1,700",2000,2300,"1,600","1,800","1,700","1,700",1600,"1,350","2,000","1,700","2,200","1,800","1,700",2400,"1,900",1900,"2,000","2,500","2,000","1,700","2,400","2,500",1700,"1,500",1800,,,,"1,750",,,,,,,,,,,,,,,,,,,,,,,,,,,,,,,,,,,1800,1800,"1,700",READY,"2,000",2000,"1,900",N/A,1500,N/A,N/A,"1,800",N/A,N/A,,,N/A,READY,"2,800",READY,N/A,,N/A,N/A,,,,,,,,,,,,,,,,,,,,,,,,,,,,,,,,,,,,,,,,,2200,"1,650",,,
Aug 18,1400,1800,"2,200",1600,"1,800","1,700","2,000",2500,"1,900","1,900","1,760","2,000",1900,1700,"1,600",2200,"1,800",1800,"2,100",1600,UNPAID,"2,200",2200,Ready,1800,"1,600","1,700",1800,"1,800",1400,"1,300","1,700",READY,1600,"1,700",1700,"1,650","1,650",1700,"2,100",1500,"2,100",1800,READY,2100,READY,"1,700",2000,4600,"1,600","1,800","1,700","1,700",READY,1350,READY,"1,700","2,200","1,800","1,700",2400,"1,900",1900,READY,"2,500","2,000","1,700","2,400","2,500",1700,"1,500",1800,,,,"1,750",,,,,,,,,,,,,,,,,,,,,,,,,,,,,,,,,,,1800,1800,"1,700",1100,"2,000",2000,"1,900",N/A,1500,N/A,N/A,"1,800",N/A,N/A,,,N/A,READY,"2,800",READY,N/A,,N/A,N/A,N/A,N/A,N/A,,,,,,,,,,,,,,,,,,,,,,,,,,,,,,,,,,,,,,2200,2200,,,
Sep 18,1600,1800,"2,000",1800,1800,READY,"2,000",READY,"1,900","1,900",1800,2000,Ready,1700,Ready,2200,"3,600",1400,"2,100",1800,Ready,"2,200",2200,1800,1800,"1,600","1,700",1800,"1,800",1400,1500,"1,700",1500,1600,"1,700",1700,READY,READY,1700,2100,1700,"2,100",1800,READY,2100,2400,"1,700",2000,2300,1600,2000,READY,"1,700",READY,"2,290",READY,"1,200",2200,"1,800","1,700",2400,"1,900",1900,2200,"2,500",READY,"1,700","2,400","2,500",1700,"1,500",1800,,,,"1,800",,,,,,,,,,,,,,,,,,,,,,,,,,,,,,,,,,,1800,1800,1700,2200,"2,000",2000,1900,N/A,READY,N/A,N/A,"1,800",N/A,N/A,,,N/A,1900,READY,READY,N/A,,N/A,READY,N/A,N/A,N/A,N/A,N/A,N/A,N/A,,,,,,,,,,,,,,,,,,,,,,,,,,,,,,,,,,2200,2200,,,
Oct 18,1600,1800,"2,200",1600,1800,"1,700",2000,2500,"1,900",READY,1800,2000,Ready,1700,1773,2200,Ready,Ready,"2,100",1800,Ready,2300,2200,1800,1800,1400,"1,700",1800,1800,1400,READY,"1,700",1500,1600,"1,700",1700,READY,1850,1700,2100,1700,"2,100",1800,READY,2100,2400,"1,700",2000,2300,1600,2000,"3,000","1,700",READY,1350,1700,1700,2200,"1,800","1,700",2400,"1,900",1900,2200,READY,2200,"1,700",2400,"2,500",1700,"1,500",1800,,,,"1,800",,,,,,,,,,,,,,,,,,,,,,,,,,,,,,,,,,,1800,1800,1700,2200,"2,000",2000,1900,READY,"1,500",N/A,N/A,"1,800",N/A,N/A,,,N/A,1900,3600,READY,N/A,,N/A,READY,N/A,N/A,N/A,N/A,N/A,N/A,N/A,,,,,,,,,,,,,,,,,,,,,,,,,,,,,,,,,,2200,2200,,,
Nov 18,1600,1800,"2,200",1600,1800,1700,2000,2500,"1,900",2100,1800,2000,Ready,1700,1800,2200,Ready,1700,Ready,1800,Ready,2300,2200,1800,1800,1600,"1,700",1800,1800,1400,READY,READY,1500,1600,"1,700",1700,READY,1850,1700,READY,READY,2100,1800,READY,2100,2400,READY,2000,2300,READY,2000,2000,1700,1500,1350,1700,1700,2200,"1,800","1,700",2400,"1,900",1900,2200,READY,2200,1700,2400,2500,1700,"1,500",1800,,,,"1,800",,,,,,,,,,,,,,,,,,,,,,,,,,,,,,,,,,,1800,1800,1700,2200,"2,000",2000,1900,READY,1500,N/A,N/A,"1,800",N/A,N/A,,,READY,1900,"3,600",READY,"1,600",READY,N/A,"1,680",N/A,800,1800,N/A,N/A,N/A,N/A,N/A,N/A,,,,,,,,,,,,,,,,,,,,,,,,,,,,,,,,2200,2200,,,
Dec 18,1600,1800,"2,200",1600,1800,1700,2000,2500,READY,2100,1800,2000,Ready,1700,1800,2200,Ready,1700,Ready,1800,Ready,2300,2200,1800,1800,1600,1700,1800,1800,1400,READY,READY,1500,1600,1700,1700,READY,1850,1700,READY,READY,2100,1800,2000,2100,2400,READY,2000,2300,READY,2000,2000,1700,1500,1350,1700,1700,2200,1800,"1,700",2400,"1,900",1900,2200,READY,2200,1700,2400,2500,1700,"1,500",1800,,,,"1,800",,,,,,,,,,,,,,,,,,,,,,,,,,,,,,,,,,,1800,1800,1700,2200,"2,000",2000,1900,READY,1500,N/A,N/A,"1,800",N/A,N/A,,,READY,1900,"3,600",READY,"1,600",READY,N/A,"1,800",N/A,800,1800,READY,850,N/A,N/A,N/A,N/A,,,,,,,,,,,,,,,,,,,,,,,,,,,,,,,,2200,2200,,,
Jan 19,1600,1800,"2,200",1600,1800,1700,2000,2500,READY,2100,1800,2000,Ready,1700,1800,2200,Ready,1700,Ready,1800,2200,2300,2200,1800,1800,1600,1700,1800,1800,1400,READY,READY,1500,1600,1700,1700,READY,1850,1700,2000,READY,2100,1800,2000,2100,2400,READY,2000,2300,1600,2000,2000,1700,1500,1350,1700,1700,2200,1800,"1,700",2400,READY,1900,2200,READY,2200,1700,2400,2500,1700,"1,500",1800,,,,"1,800",,,,,,,,,,,,,,,,,,,,,,,,,,,,,,,,,,,"1,800",1800,1700,2200,"2,000",2000,1900,READY,1500,N/A,N/A,"1,800",N/A,N/A,,,READY,1900,"3,600",1700,1600,READY,N/A,"1,800",N/A,800,1800,READY,850,READY,N/A,"2,550",N/A,N/A,,N/A,,N/A,N/A,N/A,,,,,,,,,,,,,,,,,,,,,,,,,2200,2200,,,
Feb 19,1400,1800,"2,200",1600,1800,1700,2000,2500,1900,2000,1800,2000,1800,1700,1800,2200,Ready,1700,Ready,1800,2200,2300,2200,1800,1800,1600,1700,1800,1800,1400,READY,READY,1500,1600,1700,1700,READY,1850,1700,2000,READY,2100,1800,1800,2100,2400,READY,2000,2300,1600,2000,2000,1700,1500,1350,1700,1700,2200,1800,"1,700",2400,READY,1900,2200,READY,2200,1700,2400,2500,READY,"1,500",1800,,,,"1,800",,,,,,,,,,,,,,,,,,,,,,,,,,,,,,,,,,,1800,1800,1700,2200,READY,2000,1900,READY,1500,N/A,N/A,"1,800",N/A,N/A,,,READY,1900,"3,600",1700,1600,READY,N/A,1800,"2,000",800,1800,2000,850,READY,"2,300","1,050",N/A,N/A,,N/A,,N/A,N/A,N/A,,,,,,,,,,,,,,,,,,,,,,,,,2200,2200,,,
Mar 19,1400,1800,"2,200",1600,1800,1700,2000,2500,1900,2100,1800,2000,1800,Unpaid,1800,2200,Ready,1700,Ready,1800,2200,2300,2200,1800,1800,1600,1700,1800,1800,1400,READY,1700,1500,1600,1700,1700,READY,1850,1700,2000,1800,2100,1800,2000,2100,2400,1550,2000,2300,1600,2000,2000,1700,1500,1350,1700,1700,2200,1800,"1,700",2400,READY,1900,2200,"2,200",2200,1700,2400,2500,READY,"1,500",1800,,,,"1,800",,,,,,,,,,,,,,,,,,,,,,,,,,,,,,,,,,,1800,1800,1700,2200,2400,2000,1900,READY,1500,N/A,N/A,"1,800",N/A,1500,1200,READY,READY,1900,"3,600",1700,1600,"1,700",N/A,1800,"2,000",800,1800,2000,850,READY,"2,300","2,550",N/A,READY,READY,1200,READY,N/A,1900,"2,000",N/A,N/A,N/A,N/A,N/A,N/A,N/A,N/A,N/A,N/A,N/A,N/A,N/A,N/A,N/A,N/A,N/A,N/A,N/A,N/A,,,,,2200,2200,,,
Apr 19,READY,1800,"2,200",1600,1800,1700,2000,2500,1900,2100,1800,2000,1800,Ready,1800,2200,1700,1700,2100,1800,2200,2300,2200,1800,1800,1600,1700,1800,1800,1400,READY,1700,1500,1600,1700,READY,1800,1850,1700,2000,1800,2100,1800,2000,2100,2400,1550,2000,2300,1600,2000,2000,1700,1500,1350,1700,1700,2200,1800,"1,700",2400,READY,1900,2200,"2,200",2200,1700,2400,2500,READY,"1,500",1800,,,,"1,800",,,,,,,,,,,,,,,,,,,,,,,,,,,,,,,,,,,1800,1800,1700,2200,"2,400",2000,1900,READY,1500,N/A,N/A,"1,800",N/A,1500,1200,READY,READY,1900,"3,600",1700,1600,"1,800",READY,1800,READY,800,1800,2000,850,READY,"2,300","2,550",N/A,READY,READY,1200,READY,N/A,"1,900","2,000",N/A,READY,N/A,N/A,N/A,N/A,N/A,N/A,N/A,N/A,N/A,N/A,N/A,N/A,N/A,N/A,N/A,N/A,N/A,N/A,,,,,2200,2200,,,
May 19,READY,1800,"2,200",1600,1800,1700,2000,2500,1900,2100,1800,2000,1800,Ready,1800,Ready,1700,1700,2100,1800,2200,2300,2200,1800,Ready,1600,1700,1800,1800,1400,READY,1700,1500,1600,1700,1750,1800,1850,1700,2000,1800,2100,1800,2000,2100,2400,1550,2000,2300,1600,2000,2000,1700,1500,1350,1700,1700,2200,READY,"1,700",2400,READY,1900,2200,"2,200",2200,1700,2400,2500,1800,"1,500",1800,,,,"1,800",,,,,,,,,,,,,,,,,,,,,,,,,,,,,,,,,,,1800,1800,1700,2200,"2,400","1,900",1900,"2,400",1500,N/A,N/A,"1,800",N/A,1500,1200,1250,READY,1900,"3,600",1700,1600,"1,800",READY,1800,READY,800,1800,2000,850,"1,800","2,300","2,550",N/A,READY,READY,"1,200",READY,N/A,"1,900","2,000","1,950",READY,N/A,N/A,N/A,N/A,N/A,N/A,N/A,N/A,N/A,N/A,N/A,N/A,N/A,N/A,N/A,N/A,N/A,N/A,,,,,2200,2200,,,
Jun 19,READY,1800,"2,200",1600,Ready,1700,2000,2500,1900,2100,1800,2000,1800,Ready,1800,Ready,1700,1700,2100,1800,2200,2300,2200,1800,Ready,1600,1700,1600,1800,1400,READY,1700,1500,1600,1700,1750,1800,1850,1700,2000,1800,2100,1800,READY,READY,2400,1550,2000,2300,1600,2000,2000,1700,1500,1350,1700,1700,2200,READY,"1,700",2400,READY,2000,2200,"2,200",2200,1700,2400,2500,"1,800","1,500",1800,N/A,N/A,N/A,1800,N/A,N/A,N/A,N/A,N/A,N/A,N/A,N/A,N/A,N/A,N/A,N/A,N/A,N/A,N/A,N/A,N/A,N/A,N/A,N/A,N/A,N/A,N/A,N/A,N/A,N/A,N/A,N/A,N/A,N/A,,N/A,,,1800,1800,1700,2200,"2,400","1,900",1900,"2,400",1500,N/A,N/A,"1,800",N/A,1500,1200,1250,READY,1900,"3,600",1700,READY,"1,700",1600,1800,READY,800,1800,2000,850,"1,800","2,300","2,550","1,800",READY,READY,"1,200",READY,N/A,"1,900","2,000","1,950",READY,N/A,N/A,N/A,N/A,N/A,N/A,N/A,N/A,N/A,N/A,N/A,N/A,N/A,N/A,N/A,N/A,N/A,N/A,,,,,2200,Ready,,,
Jul 19,1700,1800,"2,200",Ready,1700,1700,2000,2500,1900,2100,1800,2000,1800,Ready,1800,Ready,1700,1700,2100,1800,2200,2300,2200,1800,Ready,1600,1700,1800,1800,1400,READY,1700,1500,1600,1700,1750,1800,1850,1700,2000,1800,2100,1800,2200,READY,2400,1550,2000,READY,1600,2000,2000,1700,1500,1350,1700,1700,2200,READY,"1,700",2400,1900,2000,2200,"2,200",2200,1700,2400,2500,"1,800","1,500",1800,N/A,N/A,N/A,1800,N/A,N/A,N/A,N/A,N/A,N/A,N/A,N/A,N/A,N/A,N/A,N/A,N/A,N/A,N/A,N/A,N/A,N/A,N/A,N/A,N/A,N/A,N/A,N/A,N/A,N/A,N/A,N/A,N/A,N/A,,N/A,,,1800,1800,1700,2200,"2,400","1,900",1900,"2,400",1500,N/A,N/A,READY,N/A,1500,1200,1250,READY,1900,"3,600",1700,READY,"1,700",1600,1800,READY,READY,1800,2000,850,"1,800","2,300","2,550","1,800",READY,READY,"1,200",READY,"1,700","1,900",READY,"1,950",READY,READY,N/A,N/A,"1,800",N/A,N/A,N/A,N/A,N/A,N/A,N/A,N/A,N/A,N/A,N/A,N/A,N/A,N/A,,,,,2000,Ready,,,
Aug 19,1700,Ready,"2,200",Ready,1700,1700,2000,2500,1900,2100,1800,2000,1800,Ready,1800,2200,1700,1700,2100,1800,2200,2300,2200,1800,Ready,1600,1700,1800,1800,1400,READY,1700,1500,1600,1700,1750,1800,1850,1700,2000,1800,2100,1800,2200,READY,2400,1550,2000,READY,1600,2000,2000,1700,1500,1350,1700,1700,2200,READY,"1,700",2400,1900,2000,2200,"2,200",2200,1700,2300,2500,"1,800","1,500",1800,N/A,N/A,N/A,1800,N/A,N/A,N/A,N/A,N/A,N/A,N/A,N/A,N/A,N/A,N/A,N/A,N/A,N/A,N/A,N/A,N/A,N/A,N/A,N/A,N/A,N/A,N/A,N/A,N/A,N/A,N/A,N/A,N/A,N/A,,N/A,,,1800,1600,1700,2200,"2,400","1,900",1900,"2,400",1500,N/A,N/A,READY,N/A,1500,1200,1250,READY,1900,"3,600",1700,READY,"1,700",1600,1800,READY,READY,1800,2000,850,"1,900","2,300","2,550","1,800",READY,READY,"1,200",READY,READY,"1,900",READY,"1,950",READY,READY,N/A,"1,900","1,800",N/A,N/A,N/A,N/A,N/A,N/A,N/A,N/A,N/A,N/A,N/A,N/A,N/A,N/A,,,,,2200,Ready,,,
Sep 19,1700,1600,2200,Ready,1700,1700,2000,2500,1900,2000,1800,2000,1800,1700,1800,2200,1700,1800,2100,1800,2200,2300,2200,Ready,Ready,1600,1700,1800,1800,1400,1200,1700,1500,1600,1700,1750,1800,1850,1700,2000,1800,2100,1800,2200,READY,2200,1550,2000,2100,1600,2000,2000,1700,1500,1350,1700,1700,2200,READY,"1,700",2400,1900,2000,2000,"2,300",2200,1700,2300,2500,"1,800","1,500",1800,1900,Ready,2250,1800,2000,N/A,N/A,N/A,N/A,N/A,N/A,N/A,N/A,N/A,N/A,N/A,N/A,N/A,N/A,N/A,N/A,N/A,N/A,N/A,N/A,N/A,N/A,N/A,N/A,N/A,N/A,N/A,N/A,N/A,,N/A,,,1800,1800,1500,2200,"2,400","1,900",Ready,"2,400",1500,READY,READY,READY,N/A,1500,1200,1250,READY,1900,"3,600",1700,1600,"1,700",1600,1800,"2,200",READY,1800,2000,850,"1,800","2,300","2,550",1900,"1,300",READY,"1,200",READY,READY,"1,900","2,100","1,950",READY,READY,N/A,"1,900","1,800",N/A,N/A,N/A,N/A,N/A,N/A,N/A,N/A,N/A,N/A,N/A,N/A,N/A,N/A,,,,,2200,Ready,,,
Oct 19,1700,1800,2200,Ready,1500,Ready,2000,2500,1900,2000,1800,2000,1800,1700,Ready,2200,1700,1800,Unpaid,"1,800",2200,2300,2200,Ready,Ready,1600,1700,1800,1600,1400,1200,1700,1500,1600,1700,1750,1800,Ready,1700,2000,1800,2100,READY,2200,2100,2400,1550,2000,2100,1600,2000,1800,1700,Ready,1350,1500,Ready,2200,"1,800","1,700",2400,1900,2000,2200,"2,200",2200,Ready,2300,2500,"1,800","1,500",1800,1900,Ready,2250,1800,2000,Ready,Ready,N/A,N/A,N/A,Ready,N/A,N/A,N/A,N/A,N/A,N/A,N/A,N/A,N/A,N/A,N/A,N/A,N/A,N/A,N/A,N/A,N/A,N/A,N/A,N/A,N/A,N/A,N/A,,N/A,,,1600,1800,1700,2200,Unpaid,"1,900",Ready,"2,400",1500,READY,READY,READY,N/A,1500,1200,1250,READY,1900,Ready,1700,1600,"1,700",1600,1800,"2,140",READY,1800,2000,2400,"1,800","2,300","2,550",1900,"1,300",READY,"1,200",READY,1700,"1,900","2,100","1,950",READY,"1,700",N/A,"1,900","1,800",N/A,N/A,N/A,N/A,N/A,N/A,N/A,N/A,N/A,N/A,N/A,N/A,N/A,N/A,,,,,2200,2100,,,
Nov 19,1700,1800,2200,Ready,1700,Ready,2000,2500,1900,2000,1800,2000,1800,1700,Ready,2200,1700,1800,unpaid,1800,2200,2300,2200,Ready,1600,1400,1700,1800,1800,1400,1200,1700,1500,1600,1700,1750,1800,Ready,1700,2000,1800,2100,READY,2200,2100,2400,1550,2000,2100,1600,2000,2000,Ready,Ready,1350,1700,Ready,2200,"1,800","1,700",2400,1900,2000,2200,"2,200",2200,Ready,2300,2500,"1,800","1,500",1800,1900,Ready,2250,1800,2000,Ready,Ready,N/A,2300,N/A,Ready,2200,Ready,N/A,N/A,N/A,N/A,N/A,N/A,N/A,N/A,N/A,N/A,N/A,N/A,N/A,N/A,N/A,N/A,N/A,N/A,N/A,N/A,N/A,,N/A,,,1800,1800,1700,2200,Unpaid,Unpaid,Ready,"2,400",1500,READY,READY,READY,2100,1500,1200,1250,READY,Ready,Ready,1700,1600,"1,700",1600,1800,"1,500",READY,READY,2000,2400,"1,800","2,300","2,550",1900,"1,300","1,300","1,200",READY,1700,"1,900","2,100",READY,"1,500","1,700",READY,"1,900","1,800",N/A,N/A,N/A,N/A,N/A,N/A,N/A,N/A,N/A,N/A,N/A,N/A,N/A,N/A,,,,,2200,2100,,,
Dec 19,1700,1800,2200,Ready,1700,Ready,2000,2500,1900,2000,1800,2000,1800,1700,1800,2200,1700,1800,2200,1800,2200,2300,2200,Ready,1600,1600,1700,1800,1800,1400,1200,1700,1500,1600,1700,1750,1800,Ready,1700,2000,1800,2100,1800,2200,2100,2400,1550,2000,2100,1600,2000,2000,Ready,Ready,1350,1700,1800,2200,1800,"1,700",2400,1900,2000,2200,"2,200",2200,Ready,2300,2500,"1,800","1,500",1800,Unpaid,Ready,2250,1800,2000,Ready,Ready,N/A,2300,1600,Ready,2200,Ready,N/A,N/A,N/A,N/A,N/A,N/A,N/A,N/A,N/A,N/A,N/A,N/A,N/A,N/A,N/A,N/A,N/A,N/A,N/A,N/A,N/A,,N/A,,,1800,1800,1700,2200,Unpaid,Unpaid,Ready,"2,400",1500,READY,READY,READY,2100,1500,1200,1250,READY,Ready,Ready,1700,1600,"1,700",1600,1800,"2,200",READY,READY,2000,2400,"1,800","2,300","2,550",1900,"1,300",1300,"1,200","1,200",1700,"1,900","2,100",READY,"1,500","1,700",READY,"1,900","1,800",N/A,N/A,N/A,N/A,N/A,N/A,N/A,N/A,N/A,N/A,N/A,N/A,N/A,N/A,,,,,2200,2100,,,
Jan 20,1700,1800,2200,Ready,1700,Ready,2000,2500,1900,2000,1800,2000,1800,1700,1800,2200,1700,1800,2200,1800,2200,2300,2200,Ready,1600,1600,1700,1800,1800,1400,1200,1700,1500,1600,1700,1750,1800,Ready,1700,HK,1800,2100,1800,2200,2100,2400,1550,2000,2100,1600,2000,2000,1700,Ready,1350,1700,1800,2200,1800,"1,700",2400,1900,2000,2200,"2,200",2200,Ready,2300,2500,"1,800","1,500",1800,2100,Ready,2250,1800,2000,Ready,Ready,N/A,2300,1600,Ready,2200,Ready,N/A,N/A,N/A,N/A,N/A,N/A,N/A,N/A,N/A,N/A,N/A,N/A,N/A,N/A,N/A,N/A,N/A,N/A,N/A,N/A,N/A,,N/A,,,1800,1800,1700,2200,2000,Unpaid,Ready,"2,400",1500,2300,0,READY,2100,1500,1200,1150,READY,Ready,Ready,Ready,1600,"1,700",1600,1800,"2,200",READY,READY,2000,2400,"1,800","2,300","2,550",1900,"1,300",1300,"1,200","1,200",1700,"1,900","2,100",READY,"1,500","1,700",READY,"1,900","1,800",N/A,N/A,N/A,N/A,N/A,N/A,N/A,N/A,N/A,N/A,N/A,N/A,N/A,N/A,,,,,2200,2100,,,
Feb 20,1700,1800,2200,1700,1700,Ready,2000,2500,1900,2000,1800,2000,1800,1700,"1,750",2200,1700,1800,2200,1800,2200,2300,2200,Ready,1600,1600,1700,1800,1800,1400,1200,1700,1500,1600,1700,1750,1800,Ready,1700,2000,1800,2100,1800,2200,2100,2400,1550,2000,2100,1600,2000,2000,1700,Ready,1350,1700,1800,2200,1800,"1,700",2400,1900,2000,2200,"2,200",Ready,Ready,2300,2500,"1,800","1,500",Ready,2100,Ready,2250,1800,2000,Ready,Ready,1200,2300,1600,Ready,2200,Ready,Ready,N/A,N/A,N/A,N/A,N/A,N/A,N/A,N/A,N/A,N/A,N/A,N/A,N/A,N/A,N/A,N/A,N/A,N/A,N/A,N/A,,N/A,,,1800,1800,1700,2200,2000,1800,Ready,"2,400",1500,"2,250",0,1700,2100,1500,1200,1250,READY,Ready,Ready,1900,1600,"1,700",1600,1800,"2,200",READY,READY,2000,2400,"1,800","2,300","2,550",1900,"1,300",1300,READY,"1,200",1700,"1,900","2,100",READY,"1,500","1,700",READY,"1,900","1,800",N/A,N/A,N/A,N/A,N/A,N/A,N/A,N/A,N/A,N/A,N/A,N/A,N/A,N/A,,,,,2200,2100,,,
Mar 20,1700,1800,2200,1700,1700,Ready,2000,2500,1900,2000,1800,2000,1800,1700,1750,2200,1700,1800,2200,1800,2200,2300,2200,Ready,1600,1600,1700,1800,1800,1400,1200,1700,1500,1600,1700,1750,1800,Ready,1700,2000,1800,2100,1800,2200,2100,2400,1550,2000,2100,1600,2000,2000,1700,Ready,1350,1700,1800,2200,1800,"1,700",Ready,1900,2000,2200,"2,200",2200,Ready,2300,2500,"1,800","1,500",Ready,2100,Ready,2250,1800,2000,Ready,Ready,2400,2300,1600,Ready,2200,Ready,Ready,N/A,N/A,N/A,N/A,2200,1850,N/A,N/A,N/A,N/A,N/A,N/A,N/A,N/A,N/A,N/A,N/A,N/A,N/A,N/A,,N/A,,,1800,1800,1700,2200,2000,1800,Ready,"2,400",1500,"2,250",0,1700,2100,1500,1200,1250,READY,Ready,Ready,1900,1600,1700,1600,1800,"2,200",READY,1800,2000,2400,"1,600","2,300","2,550",1900,"1,300",1300,1200,"1,200",1700,"1,900","2,100",READY,"1,500","1,700",READY,"1,900","1,800",N/A,N/A,N/A,N/A,N/A,N/A,N/A,N/A,N/A,N/A,N/A,N/A,N/A,N/A,,,,,2200,2100,,,
Apr 20,1700,1800,2200,1700,1700,1200,2000,2500,1900,2000,1800,2000,1800,1700,1750,2200,1700,1800,2200,1800,2200,2300,2200,1800,1600,1600,1700,1800,1800,1400,1200,1700,1500,1600,1700,1750,Ready,Ready,1700,2000,1800,2100,1800,2200,2100,2400,1550,2000,2100,1600,2000,2000,1700,Ready,1350,1700,1800,2200,1800,"1,700",Ready,1900,2000,2200,"2,200",2200,Ready,2300,2500,"1,800","1,500",Ready,2100,Ready,2250,1800,2000,Ready,Ready,2400,2300,1600,Ready,2200,Ready,Ready,N/A,N/A,N/A,N/A,2200,1850,N/A,N/A,N/A,N/A,N/A,N/A,N/A,N/A,N/A,N/A,N/A,N/A,N/A,N/A,,N/A,,,1800,1800,1700,2200,2000,1800,1200,"2,400",1500,"2,250",0,1700,2100,1500,1200,1250,READY,Ready,Ready,1900,1600,Tenant HK,1600,1800,"2,200",READY,1800,2000,2400,"1,800","2,300","2,550",1900,"1,300",1300,1200,"1,200",1700,"1,900","2,100","1,500","1,500","1,700",READY,"1,900","1,800",N/A,N/A,N/A,N/A,N/A,N/A,N/A,N/A,N/A,N/A,N/A,N/A,N/A,N/A,,,,,2200,2100,,,
May 20,1700,1800,2200,1700,1700,1200,2000,2500,1900,2000,1800,2000,1800,1700,1750,2200,1700,1800,2200,1800,2200,2300,Ready,1800,1600,1600,1700,1800,1800,1400,1200,1700,1500,1600,1700,"1,750",Ready,1800,1700,2000,1800,2100,1800,2200,2100,2400,1550,2000,2100,1600,2000,2000,1700,1600,1350,1700,1800,2200,1800,"1,700",2400,1900,2000,2200,"2,200",2400,Ready,2300,2500,1800,"1,500",Ready,2100,Ready,2250,1800,2000,Ready,Ready,2400,2300,1600,Ready,2200,Ready,Ready,N/A,N/A,N/A,N/A,2200,1850,1900,N/A,N/A,N/A,N/A,N/A,N/A,N/A,N/A,N/A,N/A,N/A,N/A,N/A,,N/A,,,1800,1800,1700,2200,1800,1500,READY,READY,1500,"2,250",0,1700,2100,1500,1200,1250,READY,1600,Ready,1900,1600,Tenant HK,1600,1800,"2,200",READY,1800,2000,2400,1760,"2,300","2,550",1900,"1,300",1300,1200,1200,1700,"1,900","2,100",1500,"1,500","1,700",READY,"1,900","1,800",N/A,N/A,N/A,N/A,N/A,N/A,N/A,N/A,N/A,N/A,N/A,N/A,N/A,N/A,,,,,2200,2100,,,
Jun 20,1700,1800,2200,1700,1700,1200,2000,2500,1900,2000,1800,2000,Ready,1700,1750,2200,Ready,1800,2200,1800,2200,2300,2200,1800,1600,1600,1700,1800,1800,1400,1200,1700,1500,1600,1700,1600,1600,1800,1700,2000,1800,2100,1800,2200,2100,2400,1550,2000,2100,1600,2000,2000,1700,1600,1350,1700,1800,2200,1800,"1,700",2400,1900,Ready,2200,"2,200",2200,Ready,2300,2500,1800,"1,500",Ready,2100,Ready,2250,1800,2000,Ready,Ready,2400,2300,1600,1900,2200,Ready,Ready,N/A,N/A,Ready,Ready,2200,1850,1900,N/A,N/A,N/A,N/A,N/A,N/A,N/A,N/A,N/A,N/A,N/A,N/A,N/A,,N/A,,,1800,1800,1700,2200,1800,1800,1300,READY,1500,"2,250",0,1700,2100,1500,1200,1250,READY,1600,3600,1900,1600,Tenant HK,1600,1800,"2,200",READY,1800,2000,2400,1800,"2,300","2,550",1900,"1,300",1300,1200,1200,1700,"1,900","2,100",1500,"1,500","1,700",READY,"1,900","1,800",N/A,N/A,N/A,N/A,N/A,N/A,N/A,N/A,N/A,N/A,N/A,N/A,N/A,N/A,,,,,2200,2100,,,
Jul 20,1700,1800,2200,1700,1700,1200,2000,2500,1900,2000,1800,2000,Ready,1700,1750,2200,1700,1800,2200,1800,2200,2300,2200,1800,1600,1600,Ready,1800,1800,1400,1200,1700,1500,1600,1700,1600,1600,1800,1700,Ready,1800,2100,1800,Ready,2100,2400,1550,2000,2100,1600,2000,2000,1700,1600,1350,1700,1800,2200,1800,"1,700",2400,1900,Ready,2200,"2,200",2200,Ready,2300,2500,1800,Ready,Ready,2100,2000,2250,1800,2000,Ready,Ready,2300,2300,1600,Ready,2200,Ready,Ready,N/A,N/A,Ready,Ready,2200,1850,1900,N/A,N/A,Ready,N/A,N/A,N/A,N/A,N/A,N/A,N/A,N/A,N/A,N/A,,N/A,,,1800,1800,1700,2200,2000,1800,1300,READY,1500,"2,250",0,1700,2100,1500,1200,1250,READY,1600,3600,1900,1600,Tenant HK,1600,1800,"2,200",READY,1800,2000,2400,1800,"2,300","2,550",1900,"1,300",1300,1200,1200,1700,"1,900","2,100",1500,"1,500","1,700",READY,"1,900","1,800",N/A,N/A,N/A,N/A,N/A,N/A,N/A,N/A,N/A,N/A,N/A,N/A,N/A,N/A,,,,,2200,2100,,,
Aug 20,UNPAID,1800,2200,1700,1700,1200,2000,2500,1900,2000,1800,1900,Ready,1700,1750,2200,1700,1800,2200,1700,2200,2300,2200,1800,1600,1600,Ready,1800,1800,1400,1200,Ready,1500,1600,1700,1600,1600,"1,800",Ready,Ready,1800,Ready,1800,Ready,2100,2400,1550,2000,2100,1600,2000,1000,1700,1600,1350,1700,1800,2200,1800,"1,700",2400,Ready,Ready,2000,"1,650",2200,Ready,2300,2500,1800,Ready,Ready,2100,2000,2250,1800,2000,Ready,1700,2300,2300,1600,Ready,2200,2300,Ready,N/A,N/A,Ready,Ready,2200,1850,1900,Ready,N/A,Ready,N/A,N/A,N/A,N/A,N/A,N/A,N/A,N/A,N/A,N/A,,N/A,,,1800,1800,1700,2200,2000,1800,1300,2400,1500,"2,250",0,1700,2100,1500,1200,1250,READY,1600,3600,1900,1600,Tenant HK,1600,1800,"2,200",READY,1800,2000,2400,1800,"2,300",2350,1900,"1,300",1300,1200,1700,1700,"1,900",READY,1500,"1,500","1,700",READY,"1,900","1,800",N/A,N/A,N/A,N/A,N/A,N/A,N/A,N/A,N/A,N/A,N/A,N/A,N/A,N/A,,,,,2200,2100,,,
Sep 20,READY,1800,2200,1700,1700,1200,2000,2500,1900,READY,1800,1900,"1,800",1700,1750,2200,1700,1800,2200,1700,2200,2100,2200,1800,1600,1400,1500,1800,1800,1400,1300,1600,READY,READY,1700,1600,1600,"1,800",READY,1900,1800,Ready,1800,READY,READY,2400,1550,2000,READY,1600,200,READY,1700,1600,1350,1700,1800,2200,1650,READY,READY,READY,READY,2200,READY,2200,READY,2300,2500,1800,1800,READY,READY,2000,READY,1800,2000,READY,1700,2300,Ready,1600,Ready,Ready,2300,1800,Ready,Ready,Ready,2200,2200,1850,1900,2500,2100,Ready,N/A,N/A,N/A,N/A,N/A,N/A,N/A,N/A,N/A,N/A,,N/A,,,1800,1800,1700,READY,1800,1800,1300,2400,READY,"2,250",0,1700,2100,1500,1200,1250,READY,1600,3600,1900,READY,Tenant HK,1600,1800,READY,"2,400",1800,2000,READY,READY,2300,2500,1900,1300,READY,1200,1200,READY,READY,READY,1500,"1,500",,READY,"1,900",1600,N/A,N/A,N/A,N/A,N/A,N/A,N/A,N/A,N/A,N/A,N/A,N/A,N/A,N/A,,,,,2200,2100,,,
Oct 21,READY,1800,2200,1700,1700,1200,2000,2500,1900,Ready,1800,1900,1800,1700,1750,2200,1700,1800,2200,1700,2200,2680,2200,1800,1600,1600,1500,1800,1800,1400,Ready,1600,1500,1600,1700,1600,1600,"1,800",Ready,1500,1800,Ready,1800,Ready,2100,2400,1550,2000,Ready,1600,2000,READY,1700,1600,1350,1700,1800,2200,1650,"1,700",UNPAID,Ready,Ready,2200,Ready,2200,Ready,2300,2920,1800,Ready,Ready,2100,2000,Ready,1800,2000,Ready,1700,2300,Ready,1600,Ready,Ready,2300,1800,Ready,Ready,Ready,2200,2200,1850,1900,Ready,N/A,Ready,N/A,N/A,N/A,N/A,N/A,N/A,N/A,N/A,N/A,N/A,,N/A,,,1800,1800,1700,READY,2000,1800,1300,2400,1500,"2,250",0,1700,2100,1500,1200,1250,READY,1600,3600,1900,READY,Tenant HK,1600,1600,READY,2400,1800,2000,READY,READY,"2,300",2500,1900,"1,300",READY,1200,1200,1700,"1,900",READY,1500,"1,500","1,700",READY,"1,900",READY,N/A,N/A,N/A,N/A,N/A,N/A,N/A,N/A,N/A,N/A,N/A,N/A,N/A,N/A,,,,,2200,2100,,,
Nov 20,READY,1800,2200,1700,1700,1200,2000,2500,3800,READY,1800,1900,"1,800",1700,Awaiting payment,2200,1700,1800,2200,1700,2200,2100,1800,1800,1400,1600,1500,1800,1800,1400,1300,1600,READY,READY,1700,1600,1600,"1,800",READY,1900,1800,READY,1800,READY,READY,2400,1550,2000,READY,1600,2000,2000,1700,1600,1350,1700,1800,2200,1650,READY,READY,READY,READY,2200,READY,2200,READY,2300,2500,1800,1800,READY,READY,2000,READY,1800,2000,READY,READY,2300,READY,1600,READY,2200,2300,1800,READY,Ready,READY,2200,2200,1850,1900,2500,2100,READY,N/A,Ready,Ready,N/A,Ready,Ready,Ready,N/A,Ready,N/A,N/A,N/A,,,1800,1800,1700,READY,1800,1800,1300,2400,READY,"2,250",0,1700,2100,1500,1200,1250,READY,READY,3600,1900,READY,Tenant HK,1600,1800,READY,"2,400",1800,2000,2200,READY,2300,2500,1900,1300,READY,1200,1200,READY,READY,READY,1500,1500,READY,READY,"1,900",1600,2000,N/A,N/A,N/A,N/A,N/A,N/A,N/A,N/A,N/A,N/A,N/A,N/A,N/A,,,,,2200,2100,,,
Dec 20,READY,1800,2200,1700,1700,1200,2000,2500,READY,READY,1800,1900,"1,800",1700,Awaiting payment,2200,1700,1800,2200,1700,2200,2100,2200,1800,1400,1600,1500,1800,1800,1400,1300,1600,READY,READY,1700,1600,1600,"1,800",1600,1900,1800,READY,1800,READY,READY,2400,1550,2000,READY,1600,2000,2000,1700,Tenant HK,1350,1700,1800,2200,1650,READY,READY,READY,READY,2200,READY,2200,READY,2300,2500,1800,1800,READY,1800,2000,READY,1800,2000,READY,READY,2300,2100,1600,READY,2200,2300,1800,READY,Ready,READY,2200,2200,1850,1900,2500,2100,READY,N/A,READY,READY,N/A,READY,READY,READY,N/A,READY,Ready,N/A,N/A,,,1800,1800,1700,READY,1800,1800,1300,2400,READY,"2,250",0,1700,2100,1500,1200,1250,READY,READY,3600,1900,READY,Tenant HK,1600,1800,READY,"2,400",1800,2000,2200,READY,READY,2500,1900,UNPAID,1300,1200,1200,READY,READY,READY,1500,"1,500",READY,READY,"1,900",1600,2000,N/A,READY,N/A,N/A,N/A,N/A,N/A,N/A,N/A,N/A,N/A,N/A,N/A,,,,,2200,2100,,,
Jan 21,READY,1800,2200,READY,1700,1200,2000,2500,READY,READY,1800,1900,"1,800",1700,1750,2200,1700,1800,2200,1700,2200,2100,2200,READY,1400,1600,1500,1800,1800,1400,1300,1600,1600,READY,1700,1600,1600,"1,800",1600,1900,1800,READY,1800,READY,READY,2400,1550,2000,READY,1600,2000,2000,READY,Tenant HK,1350,1700,1800,2200,1650,READY,READY,READY,READY,2200,,2200,READY,2300,2500,1800,1800,READY,1800,2000,READY,1800,2000,READY,READY,2300,2100,1600,READY,UNPAID,2300,1800,READY,READY,READY,2200,2200,1850,1900,2500,2100,READY,1800,READY,READY,N/A,READY,READY,READY,N/A,READY,Ready,N/A,N/A,,,1800,1800,1700,1800,1800,1800,1300,2400,1500,"1,125","1,125",1700,2100,1500,1200,1250,READY,READY,3600,1900,READY,Tenant HK,1600,1800,READY,"2,400",1800,2000,2200,1800,READY,2500,1900,1300,1150,1200,1200,READY,READY,2000,1500,1500,READY,READY,"1,900",READY,2000,N/A,READY,N/A,N/A,N/A,N/A,N/A,N/A,N/A,N/A,N/A,N/A,N/A,,,,,2200,2100,,,
Feb 21,READY,1800,2200,READY,1700,1200,2000,2500,READY,2000,1800,1900,"1,800",1700,READY,2200,1700,1800,2200,1700,2200,2100,2200,READY,1400,1600,1500,1800,1800,1400,1300,1600,UNPAID,READY,1700,1600,1600,"1,800",1600,1900,1800,READY,1800,READY,READY,2400,1550,2000,READY,1600,2000,READY,READY,Tenant HK,1350,1700,1800,2200,1650,READY,READY,READY,READY,2200,2000,2200,READY,2300,2500,1800,1800,READY,1800,2000,READY,1800,2000,READY,READY,2300,2100,READY,1600,UNPAID,2300,1800,READY,READY,READY,2200,2200,1850,1900,2500,2100,READY,1800,READY,READY,N/A,READY,READY,READY,N/A,READY,Ready,N/A,N/A,,,1800,1800,1700,1800,1490,1800,1300,2400,1500,"1,125","1,125",1700,2100,1500,1200,1250,READY,READY,3600,1900,READY,Tenant HK,READY,1800,READY,"2,400",1800,2000,2200,1800,READY,2500,1900,1300,1300,1200,1200,READY,READY,2000,1500,1500,READY,READY,"1,900",READY,"2,000",N/A,READY,N/A,N/A,N/A,N/A,N/A,N/A,N/A,N/A,N/A,N/A,N/A,,,,,2200,2100,,,
Mar 21,READY,1800,2200,READY,1700,1200,2000,2500,READY,Awaiting payment,1800,1900,"1,800",1700,READY,2200,1700,1800,2200,1700,2200,2100,2200,READY,1400,1600,1500,1800,1800,1400,1300,1600,1600,READY,1700,1600,1600,"1,800",1600,1900,1800,READY,1800,READY,READY,2400,1500,READY,READY,1600,2000,READY,READY,Tenant HK,1350,1700,1800,2200,1650,READY,READY,READY,2000,2200,2000,2200,READY,2300,2500,1800,1800,READY,1800,2000,READY,1800,2000,READY,READY,2300,2100,READY,1600,READY,2300,1800,READY,READY,READY,2200,READY,1850,1900,2500,2100,READY,1800,READY,READY,N/A,READY,READY,READY,N/A,1600,Ready,N/A,N/A,,,1800,1800,1700,1800,1800,1800,1300,2400,1500,"1,125","1,125",1700,2100,1500,1200,1250,READY,READY,3600,1900,READY,READY,READY,1800,READY,"2,400",1800,2000,2200,1800,READY,2500,1900,1300,1300,1200,1200,1500,READY,2000,1500,1500,READY,READY,"1,900",READY,"2,000",N/A,READY,N/A,N/A,N/A,N/A,N/A,N/A,N/A,N/A,N/A,N/A,N/A,,,,,2200,2100,,,
Apr 21,READY,1800,2200,READY,1700,1200,2000,2500,READY,Awaiting payment,1800,1900,"1,800",1700,READY,2200,1700,1800,2200,1700,2200,2000,2200,READY,1400,1600,1500,1800,1800,1400,1300,1600,1600,READY,1700,1600,1600,1800,1600,1900,READY,READY,1800,READY,READY,2400,1500,2000,READY,1600,2000,READY,READY,Tenant HK,1350,1700,1800,2200,1650,READY,1900,READY,2000,2200,2000,2200,READY,2300,2500,1800,1800,READY,1800,2000,READY,1800,2000,READY,READY,2300,2100,READY,1600,1700,2300,1800,1600,READY,READY,2200,READY,1850,1900,2500,2100,READY,1800,READY,READY,N/A,READY,READY,READY,N/A,1600,1500,N/A,N/A,,,1800,1800,1700,1900,1800,1800,READY,2400,1500,"1,125","1,125",1700,2100,1500,1200,1250,READY,READY,3600,1900,READY,READY,READY,1800,READY,"2,400",1800,2000,2200,1800,READY,2500,1900,1300,1300,1200,1200,1500,READY,2000,1500,1500,READY,READY,"1,900",READY,"2,000",N/A,READY,N/A,N/A,N/A,N/A,N/A,N/A,N/A,N/A,N/A,N/A,N/A,,,,,2200,2100,,,
May 21,READY,1800,2200,1700,1700,1200,2000,2500,READY,READY,1800,1900,"1,500",1700,READY,2200,1700,1800,2200,1700,2200,2000,2200,READY,1400,1600,1500,1800,1800,1400,1300,1600,UNPAID,READY,1700,1600,1600,READY,1600,1900,READY,READY,1800,READY,READY,2400,1500,2000,READY,1600,2000,READY,READY,READY,1350,1700,1800,2200,1650,READY,1900,READY,2000,2200,2000,2200,READY,2300,2500,1800,1800,READY,1800,2000,READY,1800,2000,3370,READY,2300,2100,READY,1600,Awaiting payment,2300,1800,1600,READY,READY,2200,READY,1850,1900,2500,2100,3370,1800,READY,READY,N/A,READY,READY,READY,N/A,1600,1500,N/A,N/A,,,1800,READY,1700,1900,1800,1800,READY,2400,1500,"1,125","1,125",1700,2100,1500,1200,1250,READY,READY,3600,1900,READY,READY,READY,1800,READY,"2,400",1800,READY,2200,1800,READY,2500,1900,1300,1300,1200,READY,1500,READY,2000,1500,1500,READY,READY,"1,900",READY,"2,000",N/A,READY,N/A,N/A,N/A,N/A,N/A,N/A,N/A,N/A,N/A,N/A,N/A,,,,,2200,2100,,,
Jun 21,READY,1800,2200,1700,1700,1200,2000,2500,READY,READY,1800,1900,"1,500",1700,READY,2200,1700,1800,2200,1700,2200,2000,READY,READY,1400,1600,1500,1800,1800,1400,1300,1600,UNPAID,READY,1700,1600,1600,1800,1600,1900,READY,READY,1800,READY,READY,2400,1500,2000,READY,1600,2000,READY,READY,READY,1350,1700,1800,2200,1650,READY,1900,READY,2000,2200,2000,2200,READY,2300,2500,1800,1800,READY,1800,"2,000",1800,1800,2000,3370,READY,2300,2100,READY,1600,READY,2300,1800,1600,1300,1500,2200,READY,READY,1900,2500,2100,3370,1800,READY,READY,N/A,READY,READY,READY,N/A,1600,1500,N/A,N/A,,,1800,READY,1700,READY,1800,1800,READY,2400,Awaiting Payment,"1,125","1,125",1700,2100,1500,1200,1250,READY,READY,3600,1900,READY,READY,READY,1900,READY,"2,400",1800,READY,2200,1800,READY,2500,1900,1300,1300,1200,READY,1500,READY,READY,1500,1500,READY,READY,"1,900",READY,"2,000",N/A,READY,N/A,"2,000",N/A,N/A,N/A,N/A,N/A,N/A,N/A,N/A,N/A,,,,,2200,2100,,,
Jul 21,READY,1800,2200,1700,1700,1200,2000,2500,READY,READY,1800,1900,"1,500",1700,READY,2200,1700,1800,2200,1700,2200,2000,READY,READY,1400,1600,1500,1800,1800,1400,1300,1600,1600,1600,1700,1600,1600,1800,UNPAID,1900,READY,READY,1800,READY,READY,2400,1500,2000,READY,1600,2000,READY,READY,READY,1350,1700,1800,2200,1650,1700,1900,READY,2000,2200,2000,2200,READY,2300,2500,1800,1800,READY,1800,2000,2200,1800,2000,3370,READY,2300,2100,READY,1600,READY,2300,1800,1600,1300,1500,2200,2100,READY,1900,2500,2100,3370,1800,READY,READY,N/A,READY,READY,READY,N/A,1600,1500,N/A,N/A,,,1800,READY,1700,READY,1800,1800,READY,2400,Awaiting Payment,"1,125","1,125",1700,2100,1500,1200,1250,READY,READY,3600,1900,500,1500,READY,1800,READY,"2,400",1800,READY,UNPAID,1800,READY,2200,1900,1300,1300,1200,READY,1500,READY,READY,1500,1500,READY,READY,"1,900",READY,"2,000",N/A,READY,N/A,2000,N/A,N/A,N/A,N/A,N/A,N/A,N/A,N/A,N/A,,,,,2200,2100,,,
Aug 21,READY,1800,2200,1700,1700,1200,2000,2500,1700,READY,1800,"1,900","1,500",1700,READY,READY,1700,1800,2200,1700,2200,2000,2100,READY,1400,1600,1500,1800,1800,1400,1300,1600,UNPAID,1600,1700,1600,1600,1800,READY,1900,READY,READY,1800,READY,READY,2400,1500,2000,READY,1600,2000,READY,READY,1600,1350,1700,1800,2200,1650,1700,1900,READY,2000,2200,2000,2200,READY,2300,2500,1800,1800,1500,1800,2000,1800,1800,2000,3370,READY,2300,2100,READY,1600,READY,READY,1800,1600,1300,1500,2300,2100,READY,1900,READY,2100,3370,1800,READY,READY,N/A,READY,READY,READY,N/A,READY,1500,N/A,N/A,,,1800,READY,1700,READY,1800,1800,READY,2200,Awaiting Payment,"1,125","1,125",1700,2100,1500,1200,1250,READY,READY,3600,1900,READY,1500,READY,1800,READY,"2,400",1800,READY,UNPAID,1800,READY,2550,1900,1300,1300,1200,READY,1400,READY,READY,READY,1500,READY,READY,"1,900",READY,"2,000",2200,READY,1600,READY,N/A,2500,N/A,N/A,N/A,N/A,N/A,N/A,N/A,,,,,READY,2100,,,
Sep 21,READY,1800,READY,1700,1700,1200,2000,2500,1700,2000,1800,"1,900",READY,1700,1500,READY,1700,1800,2200,1700,2200,2000,2100,READY,1400,READY,1500,1800,1800,1400,1300,READY,READY,1600,1700,1600,1600,1800,READY,1900,READY,READY,1800,READY,READY,2400,1500,2000,READY,1600,READY,"2,000",READY,1600,READY,1700,1800,2200,READY,1700,"1,900",READY,2000,2000,2000,2200,READY,2300,2500,1800,1800,1500,1800,2000,1800,1800,READY,3370,READY,2300,2100,READY,1600,READY,READY,1800,1600,1300,1500,2300,2100,1550,1900,2500,2100,3370,1800,READY,READY,2200,READY,1600,1800,N/A,1800,1500,N/A,2100,,,1800,READY,READY,"2,100",1800,1800,1700,2200,Awaiting Payment,"1,125","1,125",1700,2100,1500,1200,1250,READY,READY,READY,1900,READY,1500,READY,1800,READY,READY,1800,READY,READY,1800,READY,2550,1900,READY,1300,1200,READY,1500,1800,READY,READY,1500,READY,READY,"1,900",READY,"2,000",2200,READY,1600,READY,N/A,2500,N/A,N/A,N/A,N/A,N/A,N/A,N/A,,,,,READY,2100,,,
Oct 21,READY,1800,READY,1700,1700,1200,2000,2500,1700,2000,"1,800","1,900",READY,1700,1500,READY,1700,1800,2200,READY,2200,2000,2100,READY,1400,READY,1500,1800,READY,1400,READY,READY,READY,1600,1700,1600,1600,1800,READY,1900,READY,READY,1800,READY,READY,2400,1500,2000,READY,1600,READY,2000,READY,1600,READY,READY,1800,2200,READY,1700,2000,1400,2000,2000,2000,2200,READY,2300,2500,1800,1800,1500,1800,2000,1800,1800,READY,3370,READY,2300,2100,READY,1600,READY,READY,1800,1600,1300,1500,2300,2100,1550,1900,2500,2100,3370,1800,READY,READY,2200,READY,1500,1800,N/A,1800,1500,N/A,2100,,,READY,READY,1700,2100,1800,1800,1700,2200,READY,"1,125","1,125",1700,READY,1500,1200,1250,READY,READY,READY,1900,1800,READY,READY,1800,READY,READY,1800,2000,READY,1800,READY,2550,1900,READY,1300,1200,READY,1500,1800,2000,READY,1500,1300,READY,"1,900",READY,"2,000",2200,READY,1700,READY,READY,2500,2000,2000,N/A,N/A,READY,READY,N/A,,,,,1900,2100,,,
Nov 21,READY,1800,READY,1700,1700,1200,2000,2500,1700,2000,"1,800","1,900",1800,1700,1500,READY,1700,1800,2200,READY,2200,2000,2100,READY,1400,READY,1500,1800,READY,1400,1300,READY,READY,1600,1700,1600,1600,1800,1500,1900,READY,READY,1800,READY,READY,2400,1500,2000,READY,1600,READY,2000,READY,1600,READY,READY,1800,2200,READY,1700,2000,1400,2000,2000,2000,2200,READY,2300,2500,1800,2200,1500,1800,2000,1800,1800,1950,3370,READY,2300,2100,READY,1600,READY,READY,1800,1600,1300,1500,2300,2100,1550,1900,2500,2100,3370,1800,1800,READY,2200,READY,1500,1800,N/A,1800,1500,N/A,2100,,,READY,READY,1700,2100,1800,1800,1700,2200,1400,"1,125","1,125",1700,1900,1500,1200,1250,READY,READY,3900,1900,1800,1600,READY,1800,READY,READY,1800,2000,READY,1800,READY,2550,1900,1000,1300,1200,READY,1000,1800,2000,READY,1500,1300,READY,"1,900",READY,"2,000",2200,2100,1700,READY,READY,2500,2000,2000,N/A,READY,1400,1600,N/A,,,,,1900,2100,,,
Dec 21,READY,1800,READY,1700,1700,1200,2000,2500,1700,2000,"1,800","1,900",1800,1700,1500,READY,1700,1800,READY,READY,2200,2000,2100,READY,1400,READY,1500,1800,READY,1400,1300,1800,READY,1600,1700,1600,1600,1800,1500,1900,READY,1900,READY,READY,READY,2400,1500,2000,READY,1600,READY,200,READY,1600,READY,READY,1800,2200,1600,1700,2000,1400,2000,2000,2000,2200,READY,2300,2500,1800,2200,1500,1800,2000,1800,1800,1950,3370,READY,2300,READY,READY,1600,READY,READY,1800,1600,1300,1500,2300,2100,1550,1900,2500,2100,3370,1800,1800,READY,2200,4200,1500,1800,N/A,1800,1500,N/A,2100,,,READY,1400,1700,2100,1800,1600,1700,2200,1400,"1,125","1,125",1700,1900,1500,1200,1250,READY,READY,3900,1900,1800,READY,READY,1800,READY,READY,1800,2000,READY,1800,READY,2550,1900,1000,1300,1200,READY,1500,1800,2000,READY,1500,1300,READY,"1,900",READY,"2,000",2200,2100,1700,READY,READY,2500,2000,2000,N/A,READY,1400,"1,600",N/A,,,,,1900,2000,,,
Jan 22,READY,1800,2000,1700,1700,1200,2000,2500,1700,2000,"1,800","1,900",1800,1700,1500,READY,1700,1800,READY,READY,READY,2000,2100,1700,Awaiting payment,READY,1500,1800,READY,1400,1300,3600,READY,1600,1700,1600,1600,1800,1500,1500,READY,1900,1650,READY,READY,2400,1500,2000,1800,READY,READY,2000,READY,1600,READY,READY,1800,2200,1600,1700,2000,1400,2000,2000,2000,2200,READY,2300,2500,1800,2200,1500,1800,2000,1800,1800,1950,3370,READY,2300,READY,1500,1600,READY,READY,1800,1600,1300,READY,2300,2100,1550,1900,2500,2100,3370,1800,1800,READY,2200,1600,1500,1800,N/A,1800,1500,READY,2100,,,1700,1400,1700,2100,1800,1600,1700,2200,1400,"1,125","1,125",1700,1900,1500,1200,1250,READY,READY,3900,1900,1800,READY,READY,1800,READY,READY,1800,2000,READY,READY,READY,2550,1900,1000,1300,1200,READY,1400,1800,2000,1300,1500,1300,UnLeasable,"1,900",READY,"2,000",2200,2100,1700,READY,READY,READY,2000,2000,N/A,READY,1400,"1,600",READY,N/A,N/A,N/A,N/A,1900,2000,,,
Feb 22,READY,1800,2000,1700,1700,1200,2000,2500,1700,2000,"1,800","1,900",1800,1700,1500,READY,1700,1800,READY,READY,READY,2000,2100,1700,1400,READY,1500,1800,READY,1400,1300,1800,READY,1600,1700,1600,1600,1800,1500,UNPAID,READY,1900,1650,READY,READY,2400,1500,2000,1800,READY,READY,2000,READY,1600,READY,READY,1800,2200,1600,1700,2000,1400,2000,2000,2000,2200,READY,2300,2500,1800,2200,1500,1800,2000,1800,1800,1950,3370,READY,2300,READY,1500,1600,READY,READY,READY,1600,1300,READY,2300,2100,1550,1900,2500,2100,3370,1800,1800,READY,2200,1600,1500,1800,N/A,1800,1500,READY,2100,,,1700,1400,1700,2100,1800,1600,1700,2200,1400,"1,125","1,125",READY,1900,1500,1200,1250,READY,READY,3900,1900,1800,READY,READY,1800,READY,READY,1800,2000,READY,READY,READY,2550,1900,1000,1300,1200,READY,2300,1800,2000,1300,1500,1300,UnLeasable,"1,900","1,400","2,000",READY,2100,1700,READY,READY,2300,2000,2000,N/A,READY,1400,"1,600",READY,N/A,N/A,N/A,N/A,1900,2000,,,
Mar 22,READY,1800,2000,1700,1700,1200,2000,2500,1700,"2,000","1,800","1,900",1800,1700,1500,1900,1700,1800,READY,READY,2340,2000,2100,1700,1400,READY,1500,1800,1600,1400,1300,1800,1300,1600,1700,1600,1600,1000,READY,UNPAID,READY,1900,1650,READY,READY,2400,READY,2000,1800,1600,READY,2000,READY,1600,READY,READY,1800,2200,1600,1700,2000,1400,,2000,2000,2200,READY,2300,2500,1800,2200,1500,1800,2000,1800,1800,1950,READY,1700,2300,READY,1500,1600,1900,READY,READY,1600,READY,READY,2200,2100,1550,1900,2500,2100,READY,1800,1800,READY,2200,1600,1500,1800,N/A,1800,1500,READY,2100,,,1700,1400,1700,2100,1800,1600,1700,2200,1400,"1,125","1,125",1500,1900,1500,1200,1250,READY,READY,3900,1900,1800,READY,READY,1800,READY,READY,READY,2000,READY,READY,READY,2550,1900,1000,1300,READY,READY,READY,1800,2000,1300,1500,1300,UnLeasable,"1,900",1400,"2,000",2000,2100,1700,READY,READY,2300,2000,2000,N/A,READY,1400,"1,600",READY,N/A,N/A,N/A,READY,1900,2000,,,
Apr 22,READY,1800,2000,1700,1700,1200,2000,2500,1700,"2,000","1,800","1,900",1800,1700,1500,1900,1700,1800,READY,READY,1660,2000,2100,1700,1400,READY,1500,1800,1600,1400,1300,1600,1300,1600,1700,1600,1600,1800,1400,1000,READY,1900,1650,READY,1600,2400,READY,2000,1800,1600,READY,2000,READY,1600,READY,READY,1800,2200,1600,1700,2000,1400,1700,2000,2000,2200,READY,2300,2500,1800,2200,1500,1800,2000,1800,1800,1950,READY,1700,2300,2000,1500,1600,1900,READY,1800,1600,READY,READY,2200,2100,1550,1900,2500,2100,READY,1800,1800,READY,2200,1600,1500,1800,N/A,1800,1500,READY,2100,,,1700,1400,1700,2100,1800,1600,1700,2200,1400,"1,125","1,125",1500,1900,1500,1200,1250,READY,READY,3900,1900,1800,READY,READY,1800,READY,READY,READY,2000,READY,READY,READY,2550,1900,1000,1300,READY,READY,READY,1800,2000,1300,1500,1300,UnLeasable,"1,900",1400,"2,000",2000,2100,1700,READY,READY,2300,2000,2000,N/A,READY,1400,"1,600",READY,N/A,N/A,N/A,READY,1900,2000,,,
May 22,READY,1800,1500,READY,1700,1200,2000,2500,1700,"2,000","1,800","1,900",1800,1700,1500,1900,1700,1800,READY,1800,2000,2000,2100,1700,1400,READY,1500,1800,1600,1400,1300,1800,1300,1600,1700,1600,UNPAID,1800,1500,UNPAID,READY,1900,1650,READY,1600,2400,READY,2000,1800,1600,READY,2000,READY,1600,READY,READY,1800,2200,1600,1700,2000,1400,1700,2000,2000,2200,READY,2300,2500,1800,READY,READY,1800,2000,1800,1800,1950,READY,1700,2300,2000,1500,1600,1900,READY,1800,1600,READY,READY,2200,2100,1550,1900,2500,2100,READY,1800,1800,READY,2200,1600,1500,1800,N/A,1800,1500,READY,2100,,,1700,1400,1700,2100,1800,1600,1700,2200,1400,"1,125","1,125",1500,1900,1500,1200,1250,READY,READY,3900,1900,1800,READY,READY,1800,READY,READY,READY,2000,READY,READY,READY,2550,1900,1000,1300,READY,READY,READY,1800,2000,1300,1500,1300,UnLeasable,"1,900",1400,"2,000",2000,2100,1700,READY,READY,2300,2000,2000,1350,1350,1400,"1,600",READY,N/A,N/A,N/A,READY,1900,2000,,,
Jun 22,READY,1800,2000,READY,1700,1200,2000,"2,500",1700,"2,000","1,800","1,950",1800,1700,1500,1900,1700,1800,READY,1800,2000,2000,2100,1700,1400,READY,1500,"1,800",1600,1400,1300,1600,1300,1600,1700,1600,READY,READY,1500,UNPAID,READY,1900,1650,READY,1600,2400,1600,2000,1800,1600,READY,2000,READY,1600,READY,1700,1800,2200,1600,1700,2000,1400,1700,2000,2000,2200,READY,2300,2500,1800,READY,1700,1800,2000,1800,1800,1950,READY,1700,2300,2000,1500,1600,1900,READY,1800,1600,READY,READY,2200,2100,1550,1900,2500,2100,READY,1800,1800,READY,2200,1600,1500,1800,N/A,1800,1500,1900,2100,,,1700,1400,1700,2100,1800,1600,1700,2200,1400,"1,125","1,125",1500,1900,1500,1200,1250,READY,READY,3900,1900,1800,READY,READY,1800,READY,READY,1700,2000,READY,READY,READY,2550,1900,1000,1300,READY,READY,READY,1800,2000,1300,1500,1300,UnLeasable,"1,900",1400,"2,000",2000,2100,1700,READY,READY,2300,2000,2000,1350,1350,1400,"1,600",READY,N/A,N/A,N/A,1900,1900,2000,,,
Jul 22,READY,1800,2000,READY,1700,1200,2000,"2,500",1700,"2,000","1,800","1,950",1800,1700,1500,1100,READY,READY,READY,1800,2000,2000,2100,1700,1400,READY,1500,1800,1600,1400,0,1600,1300,1600,1700,READY,READY,1700,1500,2000,READY,1900,1650,1600,1600,2400,1600,2000,1800,1600,READY,2000,READY,1600,READY,1700,1800,2200,1600,1700,2000,1400,1700,2000,2000,2200,READY,2300,2500,1800,1900,1700,1800,2000,1800,1800,1950,READY,1700,READY,2000,1500,1600,1900,READY,1800,1600,READY,READY,2200,2100,1550,1900,2500,2100,READY,1800,1800,READY,2200,1600,1500,1800,N/A,1800,1500,1900,2100,,,1700,1400,1700,2100,1800,1600,1700,2200,1400,"1,125","1,125",READY,1900,1500,1200,1250,READY,READY,3900,1900,1800,READY,READY,1800,READY,READY,READY,2000,READY,READY,READY,2550,1900,1000,1300,READY,READY,READY,1800,2000,1300,1500,1300,UnLeasable,"1,900",1400,"2,000",2000,2100,1700,READY,READY,2300,2000,2000,1350,1350,1400,"1,600",READY,N/A,N/A,N/A,1900,1900,2000,,,
Aug 22,READY,1800,2000,READY,1700,1200,UNPAID,"2,500",1700,"2,000","1,800","1,950",1800,1700,1500,UNPAID,1500,READY,READY,1800,2000,2000,2000,1700,1400,READY,1500,READY,1600,1400,0,1800,1300,1600,1700,READY,1500,1700,1500,2000,READY,UNPAID,1650,1600,1600,2400,1600,2000,1800,1600,READY,2000,READY,1600,READY,1700,1800,2200,1600,READY,2000,1400,1700,2000,2000,"2,200",READY,2300,2500,1800,1900,1700,1800,2000,1800,1800,1950,READY,1700,2100,2000,1500,1600,1900,READY,1800,1600,READY,READY,2200,"2,100",1550,1900,2500,2100,READY,1800,1800,READY,2200,1600,1500,1800,N/A,1800,1500,1900,2100,,,1700,READY,1700,2100,1800,1600,1700,2200,1400,"1,125","1,125","1,400",1900,1500,1200,1250,UnLeasable,READY,3900,1900,1800,READY,READY,1800,READY,READY,READY,2000,READY,READY,READY,2450,1900,1000,1300,READY,READY,"1,700",1800,2000,1300,1500,1300,UnLeasable,1900,1400,"2,000",2000,2100,2246,READY,READY,2300,2000,2000,1350,1350,1400,"1,600",READY,N/A,N/A,N/A,1900,1900,2000,,,
Sep 22,READY,1800,2000,READY,1700,1200,UNPAID,"2,500",1700,2000,1600,"1,950",1800,READY,READY,UNPAID,1500,1500,READY,1800,2000,2000,2000,1700,1400,READY,1500,2000,1600,1400,1300,1800,1300,1600,1700,READY,1500,1700,1500,2000,READY,READY,1650,1600,1600,"2,400",1600,2000,1800,1600,1400,READY,1800,1600,READY,1700,READY,2200,1600,READY,2000,1400,1700,2000,2000,2200,READY,2300,2500,1800,1900,1700,1800,2000,1800,1800,1950,2000,1700,2100,2000,1500,1600,1900,READY,1800,1600,READY,READY,2200,2100,1550,1900,2500,2100,READY,1800,1800,READY,2200,1600,1500,1700,N/A,1800,1500,1900,READY,,,1700,READY,1700,2100,1800,1600,1700,2200,1400,"1,125","1,125",1400,1900,1500,1200,1250,UnLeasable,READY,3900,1900,1800,READY,READY,1800,READY,READY,"1,600",2000,READY,1400,READY,2450,1900,1000,1300,READY,READY,1700,1800,2000,1300,1500,1300,UnLeasable,1900,1400,"2,000",2000,2100,1700,1700,READY,2300,2000,2000,1350,1350,READY,"1,600",READY,UnLeasable,UnLeasable,UnLeasable,1900,1900,2000,,,
Oct 22,READY,1800,2000,READY,1700,1200,UNPAID,"2,500",1700,"2,000","1,600","1,950",1800,READY,READY,UNPAID,1500,1500,READY,1800,2000,2000,2000,1700,1400,READY,1500,2000,1600,1400,1300,1800,1300,1600,1700,1500,1500,1700,1500,2000,READY,READY,1650,1600,1600,2400,1600,2000,1800,1600,1400,2000,1800,1600,READY,1700,1500,2200,1600,READY,"2,000",1400,1700,2000,2000,2200,READY,2300,2500,1800,1900,1700,1800,2000,1800,1800,1950,2000,1700,2100,2000,1500,1600,1900,READY,1800,1600,READY,READY,2200,2100,1550,1900,2500,2100,2100,1800,1800,READY,2200,1600,1500,1700,READY,1800,1500,1900,2300,,,1700,1400,READY,2100,1800,1600,1700,2200,1400,"1,125","1,125",1400,1900,1500,1200,1250,UnLeasable,READY,3900,1900,READY,READY,READY,1800,READY,READY,1600,2000,READY,1400,READY,2450,1900,1000,1300,READY,READY,1700,1800,2000,1300,1500,1300,UnLeasable,1900,1400,"2,000",2000,2100,1700,1700,READY,2300,READY,READY,1350,1350,READY,"1,600","2,000",UnLeasable,UnLeasable,UnLeasable,1900,"1,700",2000,,,
Nov 22,READY,1800,2000,READY,1700,1200,UNPAID,"2,500",1700,"2,000","1,600","1,950",1800,"1,500",1400,UNPAID,1500,1500,1500,1800,2000,2000,2000,1700,READY,READY,1500,2000,1600,1400,1300,1800,1300,1600,1700,1500,1500,1700,1500,2000,READY,READY,1650,1600,1600,2400,1600,2000,1800,1600,1400,2000,1800,1600,READY,1700,1500,2200,1600,READY,1500,1400,1700,2000,2000,2200,READY,2300,2500,1800,1900,1700,1800,2000,1800,1800,READY,2000,1700,2100,2000,1500,1600,1900,READY,1800,1600,READY,READY,2200,2100,1550,1900,2500,2100,2100,1800,1800,READY,2200,1600,1500,1700,2000,1800,1500,1900,2300,,,1700,1400,1800,2100,1800,1600,1700,2200,1400,"1,125","1,125",1400,1900,1500,1200,1250,UnLeasable,READY,3900,1900,READY,READY,READY,2100,READY,2000,1600,2000,READY,1400,READY,2450,1900,1000,1300,READY,READY,1700,1800,2000,1300,1500,1300,UnLeasable,1900,1400,"2,000",2000,2100,1700,1700,READY,2300,1300,1300,1350,1350,READY,1600,2000,UnLeasable,UnLeasable,UnLeasable,1900,1700,2000,,,
Dec 22,READY,1800,2000,READY,1700,1200,UNPAID,"2,500",1700,"2,000","1,600","1,950","1,800","1,500",1400,READY,1500,1500,1500,1800,2000,2000,2000,1700,1600,READY,1500,2000,READY,1400,1300,1800,1300,1600,1700,1500,1500,1700,1500,2000,READY,READY,1650,1600,1600,2400,1600,2000,1800,1600,1400,2000,1800,1600,READY,1700,1500,2200,1600,READY,1500,1400,1700,2000,2000,2200,READY,2300,2500,1800,1900,READY,1800,2000,1800,1800,READY,2000,1700,2100,2000,1500,1600,1900,READY,1800,1600,READY,READY,2200,2100,1550,1900,2500,2100,2100,1800,1800,READY,2200,1600,1500,1700,2000,1800,1500,1900,2300,,,1700,1400,1800,2100,1800,1200,1700,2200,1400,"1,125","1,125",1400,1900,1500,1200,1250,UnLeasable,READY,3900,1900,1700,READY,READY,2100,2000,2000,1600,2000,READY,1400,READY,2450,1900,1000,1300,READY,READY,1700,1800,2000,1300,1500,1300,UnLeasable,1900,1400,"2,000",2000,2100,1700,1700,READY,2300,1300,1300,1350,1350,READY,1600,2000,UnLeasable,UnLeasable,UnLeasable,1900,1700,2000,,,
Jan 23,READY,1800,READY,READY,1700,1200,UNPAID,"2,500",1700,"2,000","1,600","1,950","1,800","1,500",1400,READY,1500,1500,1500,1800,2000,2000,2000,1700,1600,READY,1500,2000,READY,1400,1300,1800,1300,1600,1700,1500,1500,1700,1500,2000,READY,READY,1650,1600,1600,2400,1600,2000,READY,1600,1400,2000,1800,1600,READY,1700,1500,2200,1600,1500,1500,1400,1700,2000,2000,2200,READY,2300,2500,1800,1900,1400,1800,2000,1650,1800,READY,2000,1700,2100,2000,READY,1600,1900,READY,1800,1600,1500,1100,2200,2100,1550,1900,2500,2100,2100,1800,1800,READY,2200,1600,1500,1700,2000,1800,1850,1900,2300,,,1700,1400,1800,2100,1800,UNPAID,1700,2200,1400,"1,125","1,125",1400,1900,1500,1200,1250,UnLeasable,READY,3900,1900,1700,READY,READY,READY,2000,2000,1600,2000,READY,1400,READY,2450,1900,1000,1300,READY,READY,1700,1800,2000,READY,1500,1300,UnLeasable,2600,1400,"2,000",2000,2100,1700,1700,READY,2300,1300,1300,1350,1350,READY,1600,2000,UnLeasable,UnLeasable,UnLeasable,1900,1700,2000,,,
Feb 23,READY,1800,READY,READY,1700,1200,2000,"2,500",1700,"2,000","1,600","1,950","1,800","1,500",1400,READY,1500,1500,1500,1800,2000,2000,2000,1700,1600,READY,1500,2000,1950,1400,1300,1800,1300,1600,1700,1500,1500,1700,1500,2000,READY,READY,1650,1600,1600,2400,1600,2000,1600,1600,1400,2000,1800,1600,READY,1700,1500,2200,1600,1500,1500,1400,1700,2000,2000,2200,READY,2300,2300,1800,1900,1400,1800,2000,1800,1800,READY,2000,1700,2100,2000,1900,1600,1900,READY,1800,1600,1500,1100,2200,2100,1550,1900,2500,2100,2100,1800,1800,READY,2200,1600,1500,1700,2000,1800,1850,1900,2300,,,1700,1400,1800,2100,1800,UNPAID,1700,2200,1400,"1,125","1,125",1400,1900,1500,1200,1250,UnLeasable,READY,3900,READY,READY,READY,READY,1600,2000,2000,1600,2000,READY,1400,READY,2450,1900,1000,1300,READY,READY,1700,1800,2000,1900,1500,1300,UnLeasable,2600,1400,2000,2000,2100,1700,1700,READY,2200,1300,1300,1350,1350,READY,READY,2000,UnLeasable,UnLeasable,UnLeasable,1900,1700,2000,,,
Mar 23,READY,1800,2400,READY,1700,1200,2000,"2,500",1700,"2,000","1,600","1,950","1,800","1,500",1400,READY,1500,1500,1500,1800,READY,2000,2000,1700,1600,READY,1500,2000,1950,1400,1300,1800,1300,1600,1700,1500,1500,1700,1500,2000,READY,READY,1650,1600,1600,2400,1600,2000,1600,1600,1400,2000,1800,1600,READY,850,1500,2200,1600,1500,1500,1400,1700,2000,2000,2200,READY,2300,2300,1800,1900,1400,1800,2000,1800,1800,READY,2000,1750,2100,2000,1900,1600,READY,READY,READY,1600,1500,1100,2200,2100,1550,1900,2500,2100,2100,1800,1800,READY,2200,1600,1500,READY,2000,1800,1850,1900,2300,,,READY,1400,1800,2100,1800,UNPAID,1700,2200,1400,"1,125","1,125",1400,1900,1500,1200,1250,UnLeasable,READY,3900,READY,READY,READY,READY,1600,2000,2000,1600,2000,READY,1400,READY,2450,1900,1000,1300,READY,READY,1700,1800,2000,UNPAID,1500,1300,UnLeasable,2600,1400,2000,2000,2100,1700,1700,READY,2200,1300,1300,1350,1350,READY,READY,2000,UnLeasable,UnLeasable,UnLeasable,1900,1700,2000,,,
Apr 23,READY,1800,2400,READY,1700,READY,2000,2500,1700,"2,000","1,600","1,950",1800,READY,1400,READY,1550,1500,1500,1800,READY,2000,2000,1700,1600,READY,1500,2000,1950,1400,1300,1800,1300,1600,1700,1500,1500,1700,1500,2000,READY,READY,1650,1600,1600,2400,1600,2000,1600,1600,1400,2000,1800,1600,READY,READY,1500,2200,1600,1500,1500,1400,1750,READY,2000,2200,READY,2300,2300,1800,1900,1400,1800,2000,1800,1800,READY,2000,1750,2100,2000,1900,1600,READY,1400,READY,1650,1500,1100,2200,2100,1550,1900,2500,2100,2100,1800,1800,READY,2200,1600,1500,READY,2000,1800,1850,1900,2300,,,READY,1400,1800,2100,1800,UNPAID,1700,2200,1400,"1,125","1,125",1400,1900,1500,1200,1250,UnLeasable,READY,3900,READY,1800,READY,READY,1600,2000,2000,1600,2000,READY,1400,1400,2450,1900,1000,1300,1300,READY,1700,1800,2000,READY,1500,1300,UnLeasable,2600,1400,2000,2000,2100,1700,1700,READY,2200,1300,1300,1350,1350,1100,READY,2000,UnLeasable,UnLeasable,UnLeasable,READY,1550,2100,,,
May 23,READY,1800,2400,READY,1700,READY,2000,"2,500",1700,"2,000","1,600","1,950","1,800",READY,1400,READY,1550,1500,1500,1850,READY,2000,2000,1700,1600,1600,1500,2000,1950,1400,1300,1800,1300,1600,1700,1500,1500,1700,READY,2000,READY,READY,1650,1600,1600,2400,1600,2000,1600,1600,1400,2000,1800,1600,READY,1550,1500,2200,1600,1500,1500,1400,1750,2000,2000,2200,1750,2300,2300,1850,1900,1400,1800,2000,1800,1800,READY,2000,1750,2100,2000,1900,1600,READY,1400,1800,1650,1500,1100,2200,2100,1550,1900,2500,2100,2100,1800,1800,READY,2200,1600,1500,READY,2000,1800,1850,1900,2300,,,1700,1400,1800,2100,1800,UNPAID,1700,2200,1400,"1,125","1,125",1400,1900,1500,1200,1250,UnLeasable,READY,3900,READY,1800,1000,READY,1600,2000,2000,1600,2000,READY,1400,1400,2450,1900,1000,1300,1300,READY,1700,1800,2000,1800,1500,1300,UnLeasable,2600,1400,2000,2000,2100,1700,1700,READY,2200,1300,1300,1350,1350,1100,1600,2000,UnLeasable,UnLeasable,UnLeasable,READY,1700,2100,,,
Jun 23,READY,1800,2400,READY,1700,READY,2000,"2,500",1700,"2,000","1,600","2,000","1,800","1,500",1400,READY,1550,1500,1500,1850,2500,2000,2000,1700,1600,1600,1500,2000,1950,1400,1300,1800,1300,1600,1700,1500,1500,0,READY,2000,READY,READY,1650,0,1600,2400,1600,2000,1600,1600,1400,2000,1800,1600,1200,1550,1500,2200,1600,1500,1500,1400,1750,2000,2000,2200,1750,2300,2300,1850,1900,1400,1800,2000,READY,1800,2300,2000,1750,2100,2000,1900,1600,1900,1400,1800,1650,1500,1100,2200,2100,1550,1900,2500,2100,2100,1800,1800,READY,2200,1600,1500,READY,2000,1800,1850,1900,2300,,,1700,1400,1800,2100,1800,UNPAID,1700,2200,1400,"1,125","1,125",1400,1900,1500,1200,1250,UnLeasable,READY,3900,READY,1800,1000,READY,1600,UNPAID,2000,1600,2000,READY,1400,1400,2450,1900,1000,1300,1300,1300,1700,1800,2000,1800,1500,1300,UnLeasable,2100,1400,2000,2000,2100,1700,1700,READY,2200,1300,1300,1350,1350,1500,1600,2000,UnLeasable,UnLeasable,UnLeasable,READY,1700,2100,,,
Jul 23,2300,1800,2400,READY,1700,READY,2000,"2,500",1700,"2,000","1,600","2,000",2300,"1,500",1400,READY,1550,1500,1500,1850,2500,2000,2000,1700,1600,1600,1500,2000,1950,1400,0,1800,1300,1600,1700,1500,1500,READY,1600,1900,READY,2300,1650,1650,1600,2400,1600,2000,1600,1600,1400,2000,1800,1600,1200,1550,1500,2200,1600,1500,1500,1400,1750,2000,2000,2000,1750,2300,2300,1850,1900,1400,1800,2000,2300,1800,READY,2000,1750,2100,2000,1900,1600,1900,1400,1800,1650,1500,1100,2200,2100,1550,1900,2500,2100,2100,1800,1800,READY,2200,1600,1500,READY,2000,1800,1850,1900,2600,,,1700,1400,1800,2100,1800,UNPAID,READY,2200,1400,"1,125","1,125",1400,1900,1500,1200,1250,UnLeasable,READY,3900,READY,1800,1000,READY,1600,READY,2000,1600,2000,READY,1400,1400,2450,1900,1000,1300,1300,1300,1700,1800,2000,1800,1500,1300,UnLeasable,2100,1400,2000,2000,2100,1700,2400,2300,READY,1300,1300,1350,1350,READY,1600,2000,UnLeasable,UnLeasable,UnLeasable,READY,1700,2100,,,
Aug 23,2300,1800,2400,READY,READY,READY,2000,"2,500",1750,"2,000","1,600","2,000",2300,"1,500",1400,READY,1550,1500,1500,1850,2500,0,2000,READY,1600,1600,1500,2000,1950,1400,0,1800,1300,1600,1700,1500,1500,READY,1600,1900,READY,2300,1650,1650,1600,2400,1600,2000,1600,1600,1400,2000,1800,1600,1200,1550,1500,2200,1600,UNPAID,1500,1400,1750,2000,2000,2000,1750,2300,2300,1850,1900,1400,1800,2000,2300,1800,1750,2000,1750,2100,2000,1900,1600,1900,1400,1800,1650,READY,1100,2200,2100,1550,1900,2600,2100,2100,1800,1800,READY,2200,1600,1500,1500,2000,1800,1850,1900,2600,,,1700,1400,1800,2100,1800,UNPAID,1800,2200,1400,"1,125","1,125",1400,1900,1500,1200,1250,UnLeasable,READY,3900,READY,1800,1000,READY,1600,READY,2000,1600,2000,READY,1400,1400,2450,1900,1000,1300,1300,1300,1700,1800,2000,1800,1500,1300,UnLeasable,2100,1400,2000,2000,1700,1700,2400,2300,READY,1300,1300,READY,READY,1600,1600,2000,UnLeasable,UnLeasable,UnLeasable,1900,1700,2100,,,
Sep 23,2300,READY,2400,READY,READY,READY,2000,"2,500",1750,"2,000","1,600","2,000",2300,"1,500",1400,READY,1550,1550,1500,READY,2500,2000,2000,1600,1600,1600,1500,2000,1950,1400,1300,READY,1300,1600,1700,1500,1500,1700,1600,1900,READY,2300,1650,1650,1600,2400,1600,2000,1600,1600,1400,2000,1800,1600,1000,1550,1500,2200,1600,UNPAID,1500,1400,1750,2000,2000,2000,1750,2300,2300,1850,UNPAID,1400,1800,2000,2300,1800,1750,2050,1750,2100,2000,1900,1600,1900,1400,1800,1650,READY,1100,2200,2100,1550,1900,2600,2100,2100,1800,1800,READY,2200,1600,1550,1500,2000,1800,READY,1900,2600,,,1700,1400,1800,2100,1800,READY,1800,2200,1400,"1,125","1,125",1400,1900,1500,1200,1250,UnLeasable,READY,3900,READY,1800,1000,READY,1600,READY,2000,1850,2000,READY,1450,1400,2450,1900,1000,1300,1300,730,1700,READY,2000,1800,1500,1300,UnLeasable,2100,1400,2000,2000,1700,1700,2400,2300,READY,1300,1300,1350,1350,1600,1600,2000,UnLeasable,UnLeasable,UnLeasable,1900,1700,2100,,,
Oct 23,2300,READY,2400,READY,READY,READY,2000,"2,500",1750,"2,000","1,600","2,000",2300,"1,500",1400,READY,1550,1550,1500,READY,2500,2000,2000,1600,1600,1600,1500,2000,READY,1400,READY,1800,1300,1600,1700,1500,1500,1700,1600,1900,READY,2300,1650,1650,1600,2400,1600,2000,1600,1600,1400,2000,1800,1600,0,1550,READY,2200,1600,UNPAID,1500,READY,1750,2000,2000,2000,1750,2300,2300,1850,READY,1400,0,2000,2300,1800,1750,2050,1750,2100,2000,1900,1600,1900,1400,UNPAID,1650,READY,1100,2200,2100,1550,1900,2600,2000,2100,1800,1800,READY,2200,1600,1550,1500,2000,1800,0,1900,2600,,,1700,1400,1800,2100,1800,1600,1800,2200,1400,"1,125","1,125",1400,1900,1500,1200,1250,UnLeasable,READY,3900,READY,1800,1000,READY,1600,READY,2000,1850,READY,READY,1450,1400,2450,1900,1000,1300,1300,READY,1700,1700,2000,1800,1500,1300,UnLeasable,2100,1400,2000,2000,UNPAID,1700,2400,2300,READY,1300,1300,1350,1350,1600,READY,2000,UnLeasable,UnLeasable,UnLeasable,1900,1700,2100,,,
Nov 23,2300,READY,2400,READY,READY,READY,2000,"2,500",1750,"2,000","1,600","2,000",2300,"1,500",1400,READY,1550,1550,"1,500",READY,2500,2000,2000,1600,1600,1600,1500,"2,000",READY,1400,1000,1800,1300,1600,1700,0,1500,1700,1600,1900,READY,2300,1650,1650,1600,0,1600,2000,1600,800,1400,2000,1800,1600,0,1550,1600,2200,1600,UNPAID,1500,1300,1750,2000,2000,2000,1750,2300,2300,1850,READY,1400,1800,1500,2300,1800,1750,2050,0,2100,2000,1900,1600,1900,1400,READY,1650,READY,1100,2200,2100,1550,1900,2600,2000,1050,1800,1800,READY,2200,1600,1550,1500,2000,1800,READY,1900,2600,,,1700,1400,1800,0,0,1600,READY,2200,READY,"1,125","1,125",1400,1900,1500,1100,1250,UnLeasable,READY,3900,READY,1800,1000,READY,1600,READY,2000,1850,READY,READY,1450,1400,2450,1900,1000,1300,1300,READY,1700,1700,2000,READY,1500,1300,UnLeasable,2100,1400,2000,2000,UNPAID,1700,2400,2300,READY,"1,300","1,300","1,350","1,350",1600,READY,0,UnLeasable,UnLeasable,UnLeasable,1900,1700,2100,,,
Dec 23,2300,READY,2400,READY,READY,READY,2000,"2,500",1750,"2,000","1,600","2,000",READY,"1,500",1400,READY,1550,1550,"1,500",READY,2500,2000,2000,1600,1600,UNPAID,READY,2000,READY,1400,1000,1800,1300,READY,1700,1500,1500,1700,1600,1900,READY,2300,1650,0,1600,2400,1600,2000,1600,UNPAID,1400,2000,1800,1600,0,1550,1600,2200,1600,1500,1500,1300,1750,2000,2000,2000,1750,2300,2300,1850,READY,1400,1800,2000,2300,1800,1750,2050,1750,2100,2000,READY,1600,1900,1400,READY,1650,READY,1100,2200,2100,1550,1900,2600,2000,1050,1800,1800,READY,2200,1600,1550,1500,2000,1800,READY,0,2600,,,1700,1400,1800,2100,1800,1600,READY,2200,READY,"1,125","1,125",1400,1900,1500,1200,1250,UnLeasable,READY,3900,READY,1800,1000,READY,1600,READY,2000,1850,READY,READY,1450,1400,2450,1900,1000,650,1300,READY,READY,1700,READY,READY,1500,READY,UnLeasable,2100,1400,2000,2000,UNPAID,1700,2400,2300,2000,"1,300","1,300",1350,1350,1600,READY,2000,UnLeasable,UnLeasable,UnLeasable,1900,1700,2100,,,
Jan 24,READY,1600,2400,READY,READY,READY,2000,"2,500",1750,"2,000","1,600","2,000",2000,"1,500",1400,READY,1550,1550,"1,500",READY,2500,2000,2000,1600,1600,1600,READY,2000,READY,1400,1000,1800,1300,READY,1700,1500,1500,1700,1600,1900,500,2300,READY,1650,1600,2400,1600,2000,1600,READY,1400,2000,1800,1600,READY,1550,1600,2200,1600,UNPAID,1500,1300,1750,2000,2000,2000,1750,2300,2300,1850,READY,1400,1800,2000,2300,1800,0,2050,1750,2100,2000,READY,1600,1900,1400,READY,1650,1600,1000,2200,2100,1550,1900,2600,2000,2100,1800,1800,READY,2200,1600,1550,1500,2000,1800,1900,1900,READY,,,1700,1400,READY,2100,1800,1600,READY,2200,READY,1125,1125,1400,1900,1500,1200,1250,UnLeasable,READY,3900,READY,1800,1000,READY,1600,READY,2000,1850,1800,2300,1450,1400,2450,1900,1000,1300,1300,1400,READY,1700,READY,READY,1500,READY,UnLeasable,2100,1400,2000,2000,UNPAID,1700,2400,2300,2000,"1,300","1,300",1350,1350,1600,1400,2000,"2,100",UnLeasable,UnLeasable,1900,1700,2100,"8,600","77,350","159,050"
Feb 24,READY,"1,600",2400,READY,READY,READY,2300,"2,500",READY,"2,000","1,600","2,000","2,000","1,500",1400,READY,1550,1550,"1,500",READY,2500,2000,2000,1600,1600,1600,READY,"2,000",READY,1400,1000,1800,1300,READY,1700,1500,1500,1700,1600,1900,500,2300,READY,1650,1600,2400,1600,2000,1600,1700,1400,2000,1800,1600,READY,1550,1600,2200,1600,UNPAID,1500,1300,1750,2000,2000,2000,1750,2300,2300,1850,READY,1400,1800,2000,2300,1800,1750,2050,1750,2100,2000,READY,1600,1900,1400,READY,1650,1600,1000,2200,2100,1550,1900,2600,2000,2100,1800,1800,READY,2200,1600,1550,1500,2000,1800,1900,1900,READY,,,1700,1400,READY,READY,1800,1600,READY,2200,READY,"1,125","1,125",1400,1900,1500,1200,1250,UnLeasable,READY,3900,READY,1800,1000,READY,1600,READY,2000,1850,1800,2300,1450,1400,2450,1900,1000,1300,1300,1400,READY,1700,READY,READY,1500,1600,UnLeasable,2100,1400,2000,2000,UNPAID,1700,2400,2300,2000,"1,300","1,300",1350,1350,1600,1400,2000,"2,100",UnLeasable,UnLeasable,1900,1700,2100,"6,500","78,950","161,050"
Mar 24,READY,"1,600",2500,READY,READY,READY,"2,300","2,500",READY,"2,000","1,600","2,000","2,000","1,500",1400,READY,1550,1550,"1,500",READY,READY,2000,2000,1600,1600,1600,READY,2000,READY,1400,1000,1800,1300,READY,1700,1500,1500,1700,1600,1900,500,2300,READY,1650,1600,2400,1600,2000,1600,1700,1400,2000,READY,1600,READY,1550,1600,2200,1600,UNPAID,1500,1300,1750,2000,2000,2000,1750,2300,2300,1850,READY,1400,1800,2000,2300,1800,1750,2050,1750,2100,2000,READY,1600,1900,1400,READY,1650,1600,1000,2200,2100,1550,1900,2600,2000,2100,1800,1800,READY,2200,1600,1550,1500,2000,1800,1700,1900,READY,,,1700,1400,READY,2200,1800,1600,READY,2200,READY,1125,1125,1400,1900,1500,1200,1250,UnLeasable,READY,3900,READY,1800,1000,READY,1600,READY,2000,1850,1800,2300,1450,1400,2450,1900,1000,1300,1300,1400,READY,1700,1900,READY,1500,1600,UnLeasable,2100,1400,2000,2000,UNPAID,1700,2400,2300,2000,"1,300","1,300","1,200","1,200",1600,1400,2000,"2,100",UnLeasable,UnLeasable,1900,1700,2100,"8,700","80,550","156,650"
Apr 24,READY,"1,600",2500,READY,READY,READY,"2,300","2,500",READY,"2,000","1,600","2,000","2,000","1,500",1400,READY,READY,1550,"1,500",READY,READY,2000,2000,1600,1600,1600,READY,2000,READY,1400,1000,1800,1300,READY,1700,1500,1500,1700,1600,1900,500,READY,1650,1650,1600,2400,1600,2000,1600,READY,1400,2000,1700,1600,READY,1550,1600,2200,1600,READY,1500,1300,1750,2000,2000,2000,1750,2300,2300,1850,READY,1400,1800,2000,2300,1800,READY,2050,1750,2100,2000,2200,1600,1900,1450,READY,1650,1600,1000,2200,2100,1550,1900,2600,2000,2100,1800,1800,READY,2200,1600,1550,1500,2000,1800,1700,1900,READY,,,READY,READY,READY,2200,1800,1600,READY,2200,READY,1125,1125,1400,1900,1500,1200,1250,UnLeasable,READY,3900,READY,1800,1000,READY,1600,READY,2000,1850,1800,2300,1450,1400,2450,1900,1000,1300,1300,1400,READY,1700,1900,1700,1500,1600,UnLeasable,2100,1400,2000,2000,READY,1700,2400,READY,2000,"1,300","1,300",1350,1350,"1,600",1400,2000,"2,100",UnLeasable,UnLeasable,1900,1700,2100,"5,600","80,250","154,950"
May 24,2200,"1,600",2500,READY,READY,READY,"2,300","2,500",READY,"2,000","1,600","2,000","2,000","1,500",1400,READY,READY,1550,"1,500",READY,READY,2000,2000,1600,1600,READY,READY,2000,READY,1400,1000,1800,1300,READY,1700,1500,1500,1700,1600,1900,500,2300,1650,1650,1600,2400,1600,2000,1600,READY,1400,2000,1700,1600,READY,1550,1600,2200,1600,READY,1500,1300,1750,2000,2000,2000,READY,2300,2300,1850,READY,1400,1800,2000,2300,1800,READY,2050,1750,2100,2000,2200,1600,1900,1450,1650,1650,1600,1000,2200,2100,1550,1900,2600,2000,READY,1800,1800,READY,2200,1600,1550,1500,2000,1800,1700,1900,READY,,,READY,READY,READY,2200,1800,1600,READY,2200,READY,1125,1125,1400,1900,1500,1200,1250,UnLeasable,READY,3900,READY,1800,1000,READY,1600,READY,2000,1850,1800,2300,1450,1400,2450,1900,1000,1300,1300,1400,READY,1700,1900,1700,1500,1600,UnLeasable,2100,1400,2000,2000,READY,1700,2400,READY,2000,"1,300","1,300",1350,1350,READY,1400,2000,"2,100",UnLeasable,UnLeasable,1900,1700,2100,"5,600","78,650","155,650"
Jun 24,2200,"1,600",2500,READY,READY,READY,UNPAID,READY,READY,"2,000","1,600",READY,"2,000",1500,1400,READY,READY,1550,"1,500",1600,READY,2000,2000,1600,1600,1720,READY,2000,READY,1400,1000,1800,1300,READY,1700,1500,1500,1700,1600,1900,500,2300,1650,READY,1600,2400,1600,2000,1600,1700,1400,2000,1700,1600,READY,1550,1600,2200,1600,READY,1500,1300,1750,2000,2000,2000,READY,2300,2300,1850,2200,1400,1800,2000,2300,1800,READY,2050,1750,2100,2000,2200,1600,1900,1450,1650,1650,1600,1000,2200,2100,1550,1900,2600,2000,READY,1800,1800,READY,2200,1600,1550,1500,2000,1800,1700,1900,READY,,,1750,READY,READY,READY,1800,1600,READY,2200,READY,1125,1125,1400,1900,1500,1200,1250,UnLeasable,READY,3900,READY,1800,1000,READY,1600,2200,2000,1850,1800,2300,1450,1400,2450,1900,READY,1300,1300,1400,READY,1700,1900,1700,1500,1600,UnLeasable,2100,1400,2000,2000,1700,1700,2400,2300,2000,"1,300","1,300",1350,1350,READY,1400,2000,READY,UnLeasable,UnLeasable,1900,1700,2100,"5,150","81,750","154,420"
Jul 24,2200,"1,600",2500,READY,READY,READY,"2,300",READY,READY,"2,000","1,600",READY,"2,000","1,500",1400,2500,READY,1550,"1,500",1600,2000,2000,2000,1600,1600,1720,READY,2000,READY,1400,0,1800,READY,READY,1700,1500,1500,1700,1600,1900,500,2300,1650,2400,1600,2400,1600,2000,1600,1700,1400,2000,1700,1600,READY,1550,1600,2200,1600,2000,1500,1300,1750,2000,2000,2000,READY,2000,READY,1850,2200,1400,1800,2000,2300,1800,2200,2050,1750,2100,2000,2200,1600,1900,1450,1650,1650,1600,1000,2200,2100,1550,1900,2600,2000,READY,1800,1800,2000,2200,1600,1550,1500,2000,1800,1700,1900,READY,,,1750,READY,READY,READY,1800,1600,READY,2200,2000,1125,1125,1400,1900,1500,1200,1250,UnLeasable,READY,3900,READY,1800,1000,READY,1600,2200,2000,1850,1800,2300,1450,1400,2450,1900,READY,1300,1300,1400,READY,1700,1900,1700,1500,1600,UnLeasable,2100,1400,2000,2000,1700,1700,2400,2300,2000,"1,300","1,300",1350,1350,1400,1400,2000,READY,UnLeasable,UnLeasable,1900,1700,2100,"5,150","85,150","164,920"
Aug 24,2200,"1,600",2500,READY,READY,READY,"2,300",READY,1700,"2,000","1,600",800,"2,000","1,500",1400,2500,READY,1550,"1,500","1,600",2000,2000,"1,900",1600,1600,"1,720",READY,2000,READY,1400,0,1800,READY,READY,1700,1500,1500,1700,1600,1900,500,2300,1650,2400,1600,2400,READY,2000,1600,1700,1400,2000,1700,900,1000,1550,1600,2200,1600,2000,1500,1300,1750,1500,2000,2000,READY,2300,READY,1850,2200,1400,1800,2000,2300,1800,2200,2050,1750,2100,2000,2200,1600,1900,1450,1650,1650,1600,1000,2200,2100,1550,1900,2600,2000,READY,1800,1800,2000,2200,1600,1550,1500,2000,1800,1700,1900,READY,,,1750,1400,READY,2400,1800,1600,READY,2200,2000,1125,1125,READY,1900,1500,1200,1250,UnLeasable,READY,3900,READY,1800,1000,READY,1600,2200,READY,1850,1800,2300,1450,1400,2450,1900,READY,1300,1300,1400,1450,1700,1900,1700,1500,1600,UnLeasable,2100,1400,2000,2000,1700,1700,2400,2300,2000,"1,300","1,300","1,350","1,350",1400,1400,2000,READY,UnLeasable,UnLeasable,READY,1700,2100,"8,950","81,300","165,820"
Sep 24,2200,"1,600",2800,READY,1600,READY,"2,300",2800,1700,"2,000","1,600","1,850","2,000","1,500",1400,2500,"1,550","1,550","1,500","1,600",2000,"1,350",1900,1600,1600,"1,720",READY,2000,READY,1400,1000,1800,READY,READY,1700,1500,1500,1700,1600,1900,500,2300,1650,2400,1600,READY,1600,2000,1600,1700,1400,2000,1700,1600,READY,1550,1600,2200,1600,2000,1500,1300,1750,READY,2000,2000,1750,2300,2500,1850,2200,1400,1800,2000,2300,1800,2200,2050,1750,2100,2000,2200,1600,1900,1450,1650,1650,1600,1000,2200,2100,1550,1900,2600,2000,1950,1800,1800,2000,2200,1600,1550,1500,2000,1800,1700,1900,READY,,,1750,1400,READY,2400,1800,1600,1500,2200,2000,1125,1125,READY,READY,1500,1200,1250,UnLeasable,2000,3900,READY,1800,1000,READY,1600,2200,READY,1850,1800,2300,1450,1400,2450,1900,READY,1300,1300,1400,READY,1700,1900,1700,1500,1600,UnLeasable,2100,1400,2000,2000,1700,1700,2400,2300,2000,"1,300","1,300",1350,1350,1400,1400,2000,"1,800",UnLeasable,UnLeasable,READY,1700,2100,"8,950","83,250","177,070"
Oct 24,2200,"1,600",2800,READY,1600,READY,"2,300",2800,1700,"2,000","1,600","1,850","2,000","1,500",1400,2500,1550,"1,550","1,500","1,600",2000,2000,1900,1600,READY,"1,720",READY,2000,READY,1400,1000,1600,READY,2000,1700,1500,1500,1700,1600,1900,500,2300,1650,2400,1600,2800,1600,2000,1600,1700,1400,READY,1700,1600,READY,1550,1600,2200,1600,2300,1500,1300,1750,2000,2000,2000,1750,2300,2500,1850,2200,1400,1800,2000,2300,1800,2200,2050,1750,2100,2000,2200,1600,1900,1450,1650,1650,1600,1000,2200,2100,1550,1900,2600,2000,1950,1800,1800,2000,2200,1600,1550,1500,2000,1800,1700,1900,READY,,,1750,1400,READY,2400,1800,1600,1500,2200,2000,1125,1125,1300,2000,1500,1200,1250,UnLeasable,2000,3900,READY,1800,1000,READY,1600,2200,READY,1850,1800,2300,1450,1400,2450,1900,READY,READY,1300,1400,2000,1700,1900,1700,1500,1600,UnLeasable,2100,1400,2000,2000,1700,1700,2400,2300,2000,"1,300","1,300",1350,1350,1400,1400,2000,"1,800",UnLeasable,UnLeasable,READY,1700,2100,"8,950","87,250","181,020"
Nov 24,2200,"1,600",2800,READY,1600,READY,READY,2800,1700,"2,000","1,600","1,850","2,000","1,500",1400,2500,1550,"1,550","1,500","1,600",2000,2000,1900,1600,READY,"1,720",1700,2000,READY,1400,1000,1600,READY,2000,1700,1500,1500,1700,1600,1900,500,2300,1650,2400,1600,2800,1600,2000,1600,1700,1400,2400,1700,1600,READY,1550,1600,2200,1600,2300,1500,1300,1750,2000,2000,2000,1750,2300,2500,1850,2200,1400,1800,UNPAID,2300,1800,2200,2400,1750,2100,2000,2200,1600,1900,1450,1650,1650,1600,1000,2200,2100,1550,1900,2600,2000,1950,1800,1800,2000,2200,1600,1550,1500,2000,1800,1700,1900,READY,,,1750,1400,READY,2400,1800,1600,1500,2200,2000,1125,1125,1300,2000,1500,1200,1250,UnLeasable,READY,3900,READY,1800,1000,READY,1600,2200,2600,1850,1800,2300,1450,1400,2450,1900,READY,READY,1300,1400,2000,1700,1900,1700,1500,1600,UnLeasable,2100,1400,2000,2000,1700,1700,2400,2300,2000,"1,300","1,300",1350,1350,1400,1400,2000,"1,800",UnLeasable,UnLeasable,READY,0,2100,"8,950","86,150","181,170"
Dec 24,2200,"1,600",2800,READY,1600,READY,READY,2800,1700,"2,000","1,600","1,850","2,000","1,500",1400,2500,1550,"1,550","1,500","1,600","2,400",2000,1900,1600,"1,700",1720,1700,2000,READY,1400,1000,1600,1700,2000,1700,1500,1500,1700,1600,1900,500,2300,1650,2400,1600,2800,1600,2000,1600,1700,1400,2400,1700,1600,READY,1550,1600,2200,1600,2300,1500,1300,1750,2000,READY,2000,1750,2300,2500,1850,2200,1400,1800,UNPAID,2300,1800,2200,2400,1750,2100,2000,2200,1600,1900,1450,1650,1650,1600,1000,2200,0,1550,1900,2600,2000,1950,1800,1800,2000,2200,1600,1550,1500,2000,1800,1700,1900,READY,,,1750,1400,READY,2400,1800,1600,1500,2200,2000,1125,1125,1300,2000,1500,1200,1250,UnLeasable,2200,3900,READY,1800,1000,READY,1600,2200,2600,1850,1800,2300,1450,1400,2450,1900,READY,READY,READY,1400,2000,1700,1900,1700,1500,1600,UnLeasable,2100,1400,2000,2000,UNPAID,1700,2400,2300,2000,"1,300","1,300",1350,1350,1400,1400,2000,"1,800",UnLeasable,UnLeasable,READY,0,2100,"8,950","85,350","180,870"
Jan 25,2200,"1,600",2800,READY,1600,READY,2000,2800,1700,"2,000","1,600","1,850","2,000","1,500",1400,2500,"1,550","1,550","1,500","1,600","2,400",2000,1900,"1,600",1700,"1,720","1,700",2000,READY,1400,1000,1600,1700,2000,1700,1500,1500,1700,1600,1900,500,2300,1650,2400,1600,2800,1600,2000,1600,1700,1400,2400,1700,1690,READY,1550,1600,2200,1600,2300,1500,1300,1750,2000,READY,2000,1750,2300,2500,1850,2200,1400,1800,UNPAID,2300,1800,2200,2400,1750,2100,2000,2200,1600,1900,1450,1650,1650,1600,1000,2200,2100,1550,1900,2600,2000,1950,1800,1800,2000,2200,1600,1550,1500,2000,1800,1700,1900,READY,,,1750,1400,1400,2400,1800,1600,1500,2200,2000,1125,1125,1300,2000,1500,1200,1250,UnLeasable,2200,3900,READY,1800,1000,READY,1600,2200,2600,1850,1800,READY,1450,1400,2450,1900,READY,READY,READY,1400,2000,1700,1900,1700,1500,1600,UnLeasable,2100,1400,2000,2000,UNPAID,1700,2400,2300,2000,1400,1400,1350,1350,1400,1400,2000,"1,800",UnLeasable,UnLeasable,READY,1700,2100,"10,350","84,950","185,060"
Feb 25,2200,"1,600",2800,READY,1600,READY,2000,2800,1700,"2,000","1,600","1,850","2,000","1,500",1400,2533,1550,"1,550","1,500","1,600","4,900",2000,1900,READY,"1,700","1,720","1,700",2000,READY,1400,1000,1600,1700,2000,1700,1500,1500,1700,1600,1900,500,2300,1650,2600,1600,2800,1600,2000,READY,1700,1400,2400,1700,1600,1000,1550,1600,2200,1700,2300,1600,1300,1750,2000,2000,2000,1750,2300,2500,1850,2200,1400,1800,UNPAID,2300,1800,2200,2400,1750,2100,2000,2200,1600,1900,1450,1650,1650,1600,1000,2200,2100,1550,1900,2600,2000,1950,1800,1800,2200,2200,1600,1550,1500,2000,1800,READY,1900,READY,,,1750,1400,1400,2400,1800,1600,READY,2200,2000,1125,1125,1300,2000,1500,1200,1250,UnLeasable,2200,5700,READY,1800,1000,READY,1600,2200,2600,1850,1800,READY,1450,1400,2450,1900,READY,READY,1500,1400,2000,1700,1900,1700,1500,READY,UnLeasable,2100,1400,2000,2000,READY,1700,2400,2300,2000,"1,400","1,400",1350,1350,1400,1400,2000,"1,800",UnLeasable,UnLeasable,READY,1700,2100,"10,350","85,150","186,203"
Mar 25,2200,"1,600",2800,READY,1600,READY,2000,2800,1700,"2,000","1,600","1,850","2,000","1,500",1400,1900,1550,"1,550","1,500","1,600","2,500",2000,1900,"1,700","1,700",READY,"1,700",2000,READY,1400,1000,1600,1700,2000,1700,1500,1500,1700,1600,1900,500,2300,1650,2400,1600,2800,1600,2000,1800,1700,1400,2400,1700,1600,1000,1550,1600,2200,1700,2300,1600,1300,1750,2000,2000,2000,1750,2300,2500,1850,2200,1400,1800,UNPAID,2300,1800,2200,2400,1750,2100,2000,2200,1600,1900,1450,1650,1650,1600,1000,2200,2100,1550,1900,2600,2000,1950,1800,1800,2200,2200,1600,1550,1500,2000,1800,READY,1900,READY,,,1750,1300,1400,2400,1800,1600,READY,2200,2000,1125,1125,1300,2454.37,1500,1200,1250,UnLeasable,2200,4600,READY,READY,1000,READY,1600,2200,2600,1850,1800,1930,1450,1400,2450,1900,2000,READY,1400,1400,2000,1700,1900,1700,1500,2100,UnLeasable,2100,1400,2000,2000,READY,1700,2400,2300,2000,"1,400","1,400",1350,1350,1400,1400,2000,"1,800",UnLeasable,UnLeasable,READY,1700,READY,"10,250","86,534","184,750"
Apr 25,2200,"1,600",2800,READY,1600,READY,2000,2800,1700,"2,000","1,600","1,850","2,000","1,500",1400,1900,1550,"1,550","1,500","1,600",2400,2000,1900,"1,700","1,700",1750,"1,700",2000,READY,1400,1000,1600,1700,2000,1700,1500,1500,1700,1600,1900,500,2300,1650,3365.96,1600,2800,1600,2000,1800,1700,1400,2400,1700,1600,1000,1550,1600,2200,1700,2300,1600,1300,1750,2000,2000,2000,1750,2300,2500,1850,2200,1400,1800,UNPAID,2300,1800,2200,2400,1750,2100,2000,2200,1600,1900,1450,1650,1650,1600,1000,2200,2100,1550,1900,2600,2000,1950,1800,1800,2200,2200,1600,1550,1500,2000,1800,READY,1900,READY,,,1750,1300,1400,2400,1800,1600,READY,2200,2000,1125,1125,1300,2000,1500,1200,1250,UnLeasable,2200,3900,READY,READY,1000,READY,READY,READY,2600,1850,1800,2300,1450,1500,2450,1900,2000,READY,1400,1400,2000,1700,1900,1700,1500,2100,UnLeasable,2100,1400,2000,2000,READY,1700,2400,2300,2000,"1,400","1,400",1350,1350,1400,1400,2000,"1,800",UnLeasable,UnLeasable,1700,1700,READY,"10,250","83,750","187,366"
May 25,2200,"1,600","2,800",READY,1600,READY,2000,2800,1700,"2,000","1,600","1,850","2,000","1,500",1400,1900,"1,550","1,550","1,500","1,600",2400,2000,UNPAID,"1,700","1,700","1,750","1,700",2000,READY,1400,1000,1600,1700,2000,1700,1500,1500,1700,1600,1900,500,2300,1650,"5,312.47",1600,2800,1600,2000,1800,1700,1400,2400,1700,1600,1000,1550,1600,2200,1700,2300,1600,1300,1750,2000,2000,2000,1750,2300,2500,1850,2200,1400,1800,UNPAID,2300,1800,2200,2400,1750,2100,2000,2200,1600,1900,1450,READY,1650,1600,1000,2200,2100,1550,1900,2600,2000,1950,1800,1800,2200,2200,1600,1550,1500,2000,1800,1600,1900,READY,187362.47,,1750,1300,1400,2400,1800,1600,1500,2200,2000,1125,1125,1300,2440.68,1500,1200,1250,UnLeasable,2200,3900,1600,READY,1000,READY,1700,2400,2600,1850,1800,2300,1450,1500,2450,1900,2000,READY,1400,1400,2000,1700,1900,1700,1500,READY,UnLeasable,2100,1400,2000,2000,READY,1700,2400,2300,READY,"1,400","1,400",1350,1350,1400,1400,2000,"1,800",UnLeasable,UnLeasable,1700,1700,1900,"10,250","89,191","187,362"
Jun 25,2200,"1,600",2800,READY,1600,READY,2000,2800,1700,"2,000","1,600","1,850","2,000","1,500",1400,1900,1550,"1,550","1,500","1,600",2400,2000,"1,900","1,700","1,700","1,750","1,700",2000,"1,500",1400,1000,1600,1700,2000,1700,1500,1500,1700,1600,1900,500,2300,1650,2400,1600,2800,1600,2000,1800,1700,1400,2400,1700,1600,1000,1550,1600,2200,1700,2300,1600,1300,1750,2000,2000,2000,1750,2300,2500,1850,2200,1400,1800,UNPAID,2200,1800,READY,2400,1750,2100,2000,2200,1600,1900,1450,READY,1650,1600,1000,2200,2100,1550,1900,2600,2000,1950,1800,1800,2200,2200,1600,1550,1500,2000,1800,1600,1900,READY,,,1750,1750,1400,2400,1800,1600,1500,2200,READY,1125,1125,1300,2000,1500,1200,1250,UnLeasable,2200,4500,1600,READY,1000,READY,1700,2868.9,2600,1850,1800,2300,1450,1500,2450,1900,2000,READY,1400,1400,2000,1700,1900,1700,1500,READY,UnLeasable,2250,1400,2000,2000,2200,READY,2400,2300,READY,"1,400","1,400",1350,1350,1400,1400,2000,"1,800",UnLeasable,UnLeasable,1700,1700,1900,"10,700","88,469","185,550"
Jul 25,2200,"1,600",2800,READY,1600,READY,2000,2800,1700,"2,000","1,600","1,850","2,000","1,500",1400,1900,1550,"1,550","1,500","1,600",2400,2000,READY,"1,700","1,700","1,750","1,700",2000,1500,1400,0,1600,1700,2000,1700,1500,1500,1700,1600,READY,500,2300,1650,3415.11,1600,2400,1600,2000,1800,1700,1400,2400,1700,1600,1000,1550,1600,2200,1700,2200,1600,1300,1750,2000,2000,2000,1750,2300,2500,1850,READY,1400,1800,UNPAID,2200,1800,1700,2400,1750,2200,2000,2200,1600,1900,1450,READY,1650,1600,1000,2200,2100,1550,1900,2600,2000,1950,1800,1800,2200,2200,1600,1550,1500,2000,1800,1600,1900,READY,,,1750,1750,1400,2400,1800,1600,READY,2200,READY,1125,1125,1300,2168,1500,1200,1250,UnLeasable,2200,3900,1600,READY,1000,READY,1700,3431.23,2600,1850,1800,2300,1450,1500,2450,1900,READY,READY,1400,1400,2000,1700,1900,1700,1500,READY,UnLeasable,2250,1400,2000,2000,2200,READY,2400,2300,"2,300","1,400","1,400",1350,1350,"1,400",1400,2000,2400,UnLeasable,UnLeasable,1700,1700,1900,"10,700","87,999","180,865"
Aug 25,2200,"1,600",2800,READY,1600,READY,2000,2800,1700,"2,000","1,600","1,850","2,000","1,500",1400,1900,1550,"1,550","1,500","1,600",2400,2000,READY,"1,700","1,700","1,750","1,700",2000,"1,500",1400,0,1785,1700,2000,1700,1500,1700,1700,1600,READY,500,2300,1650,3210.18,1600,2400,1600,READY,1800,1700,1400,2400,1700,1600,1000,1550,1600,2200,1700,2400,1600,1300,1750,2000,2000,2000,1750,2300,2500,1850,READY,1400,1800,UNPAID,2200,1800,1700,2400,1750,2200,2000,READY,1600,1900,1450,READY,1650,1600,1000,2200,2100,1550,1900,2600,2000,1950,1800,1800,2300,2200,1600,1550,1500,2000,1800,1600,1900,READY,,,READY,1750,1400,2400,1800,1600,2000,2200,READY,1125,1125,1300,2132.54,1500,1200,1250,UnLeasable,2200,3900,1600,READY,1000,READY,1700,2400,2600,1850,1800,2300,1450,1500,2450,1900,1200,READY,1400,1400,2000,1700,1900,READY,1500,2000,UnLeasable,2250,1400,2000,2000,2200,"1,700",2400,2300,READY,"1,400","1,400",1350,1350,1400,1400,2000,2400,UnLeasable,UnLeasable,1700,1700,1900,"8,950","89,833","177,145"
Sep 25,2200,"1,600",2800,READY,1600,READY,2000,2800,1700,"2,000",READY,READY,"2,000","1,500",1400,1900,1550,"1,550",1500,1600,2400,"2,000",2200,"1,700","1,700",READY,"1,700",2000,"1,500",1400,1000,1837,1700,2000,1700,1500,1700,1700,1600,1800,500,UNPAID,1650,2400,400,2400,READY,2150,1800,1700,READY,2400,1700,1600,1000,1500,1600,2200,1700,2300,1600,1300,1750,2000,2000,2000,READY,2300,2500,1850,2000,1400,1800,UNPAID,2200,1800,1700,READY,1750,2200,2000,2300,1600,2300,1450,1700,1650,1600,1000,2200,2100,1550,1900,2600,2000,1950,1800,1800,2300,2200,UNPAID,1550,1500,2000,1800,1600,1900,READY,,,1900,1750,1400,2400,1800,1600,2000,2200,READY,1125,1125,1300,2345.37,1500,1200,1250,UnLeasable,2200,5310,1600,1900,1000,READY,1700,3378.9,2600,1850,1800,2300,1450,1500,2450,1900,1200,READY,1400,1400,2000,1700,1900,1700,1500,2000,UnLeasable,2250,1400,2000,2000,2200,1700,2400,2300,2300,"1,400","1,400",1350,1350,"1,400",1400,2000,2400,UnLeasable,UnLeasable,1700,1700,1900,"10,850","98,334","172,337"
Oct 25,2200,"1,600",2800,READY,1600,READY,2000,2800,1700,"2,000",READY,1800,"2,000","1,500",1400,1900,1550,"1,550","1,500",1600,2400,2000,"2,200","1,700","1,700",READY,"1,700",2000,1500,1400,1000,1700,1700,1800,1700,1500,1700,1700,READY,1800,500,UNPAID,1650,3339.02,UNPAID,2400,2000,2150,1800,1700,READY,2400,1700,1600,1000,1500,1600,2200,1700,2200,1600,1300,1750,2000,2000,2000,1800,2300,2500,1850,2000,1400,1800,UNPAID,2200,1800,1700,READY,1750,2200,2000,2300,1600,2300,1450,1700,1650,1600,1000,2200,2100,1550,1900,2600,2000,1950,1800,1800,2300,2200,UNPAID,1550,1500,2000,1800,1600,1900,READY,,,1900,1750,1400,2400,1800,1600,2000,1100,1600,1125,1125,READY,2100,1500,1200,1250,UnLeasable,2200,3900,1600,READY,1000,READY,1700,2400,2600,1850,1800,2300,1450,1500,2450,1900,1200,READY,READY,1400,1800,1800,1900,1700,1500,READY,UnLeasable,2250,1500,2000,2000,2200,1700,2400,2300,"2,300","1,400","1,400",1350,1350,1400,1400,READY,2400,UnLeasable,UnLeasable,1700,1700,1900,"10,850","87,600","176,439"
Nov 25,2200,"1,600",2800,READY,1600,READY,2000,2800,1700,"2,000",READY,1800,"2,000","1,500",1400,1900,1550,"1,550",1500,1600,2400,"2,000","2,200","1,700","1,700",1600,"1,700",2000,"1,500",1400,1000,1700,1700,2700,1700,1500,1700,1700,READY,1800,500,UNPAID,1650,2400,UNPAID,2400,2000,2150,1800,1700,1400,2400,1700,1600,1000,1500,1600,2200,1700,2300,1600,1300,1750,2000,1500,2000,1800,2300,2500,1850,2000,1400,1800,UNPAID,2200,1800,1700,READY,1750,2200,2000,2300,1600,2300,1450,1700,1650,1600,1000,2200,2100,1550,1900,2600,2000,1950,1800,1800,2300,2200,UNPAID,1550,1500,2000,1800,1600,1900,READY,,,1900,1750,1400,2400,1800,1600,2000,2800,1600,1125,1125,1600,2100,1500,1200,1250,UnLeasable,2200,3900,1600,READY,1000,READY,READY,2400,2600,1850,1800,2300,1450,1500,2450,1900,1200,READY,READY,1400,1800,1800,1900,1700,1500,2000,UnLeasable,2250,1500,2000,2000,2200,1700,2400,2300,"2,300","1,400","1,400",1350,1350,"1,400",1400,READY,2400,UnLeasable,UnLeasable,1700,1700,1900,"10,850","91,200","179,000"
Dec 25,2200,"1,600",3900,READY,1600,READY,2000,2800,READY,"2,000",READY,1800,"2,000","1,500",1350,1900,1550,"1,550",1500,1600,2400,"2,000","2,200",1700,"1,700","1,600","1,700",2000,1500,1400,1000,1700,1700,1800,1700,1500,1700,1700,READY,1800,500,UNPAID,1650,2400,UNPAID,2400,2000,"2,373.15",1800,1700,1400,2400,1700,1600,1000,1500,1600,2200,1700,2300,1600,1300,1750,2000,UNPAID,2000,1800,2300,2500,1850,2000,1400,1800,READY,2200,1800,1700,READY,1750,2200,2000,2300,1600,2300,1450,1700,1650,1600,1000,2200,2100,1550,1900,2600,2000,1950,1800,1800,2300,2200,UNPAID,1550,1500,2000,1800,1600,1900,READY,,,1900,1750,1400,2400,1800,1600,2000,2800,1600,1125,1125,1600,1900,1500,1200,1250,UnLeasable,2200,3900,1600,READY,1000,READY,READY,2400,2600,1850,1800,2300,1450,1500,2450,1900,1200,READY,READY,1400,1800,1800,1900,1700,1500,2000,UnLeasable,2250,"1,500",2000,2000,2200,1700,2400,2300,"2,300","1,400","1,400",1350,1350,1400,1400,READY,2400,UnLeasable,UnLeasable,1700,1700,"1,900","10,850","91,000","176,173"
Jan 26,2200,"1,600",2800,READY,1600,READY,2000,2800,1800,"2,000",READY,1800,2100,"1,500",1400,1900,1550,"1,550",1500,"1,600",2400,"2,000",2200,"1,700","1,700","1,600","1,700",2000,1500,1400,1000,1700,1700,1800,1700,1500,1700,1700,READY,1800,500,2300,1650,3689.25,1600,2400,2000,2150,1800,1700,1400,2400,1700,READY,1000,1500,1600,2200,1700,2300,1600,1300,1750,2000,UNPAID,2000,1800,2300,2500,1850,2000,READY,1800,READY,2200,1800,1700,READY,1850,2200,2000,2300,1600,2300,1450,1700,1650,1600,1000,2200,2100,1550,1900,2600,2000,1950,1800,1800,2300,2200,1700,1550,1500,2000,1800,1600,1900,READY,,,1900,1750,1400,2400,1800,1600,2000,2800,1600,1125,1125,1600,2100,1500,1200,1250,UnLeasable,2200,4855.5,1600,READY,1000,READY,READY,3763.18,2600,1850,1800,2300,1450,1500,2450,1900,1200,READY,READY,1400,1800,1800,1900,1700,1500,2000,UnLeasable,2250,1500,2000,2000,2200,1700,2400,2300,"2,300","1,400","1,400",1350,1350,"1,400",1400,READY,2400,UnLeasable,UnLeasable,1700,1850,1900,"10,850","93,669","180,789"
Feb 26,2200,"1,600",2800,READY,1600,READY,2000,2800,1800,"2,000",READY,1800,2100,"1,500",1400,4400,1550,"1,550",1500,"1,600",2400,"2,000","2,200",READY,"1,700","1,600","1,700",2000,500,1400,1000,1700,1700,1800,1700,1500,1700,1700,READY,1800,500,2300,1650,3281.13,1600,2400,2000,2150,1800,1700,1400,2400,1700,READY,1000,1500,1600,2200,1700,2300,1600,1300,1750,2000,2000,2000,1800,2300,2500,1850,READY,1600,1800,2300,READY,1800,1700,READY,1750,2200,2000,2300,1600,2300,1450,1700,1650,1600,1000,2200,2100,1550,1900,2600,2000,1950,1800,1800,2300,2200,1700,1550,1500,2000,1800,1600,1900,READY,,,1900,1750,1400,2400,1800,1600,2000,2800,1600,1125,1125,1600,2100,1500,1200,1250,UnLeasable,2200,3500,1600,1900,1000,READY,1800,"3,898.79",2600,1850,1800,2300,1450,1500,2450,1900,1200,READY,READY,1400,1800,1800,1900,1700,1500,2000,UnLeasable,2250,READY,2000,2000,2200,1700,2400,2300,"2,300","1,400","1,400",1350,1350,1400,"1,400",READY,2400,UnLeasable,UnLeasable,1700,1850,1900,"10,850","94,649","181,781"
Mar 26,2200,"1,600",UNPAID,READY,1600,READY,2000,2800,1800,"2,000",READY,1800,2100,"1,500",1400,"2,500",1550,"1,550",1500,"1,600",2400,"2,000",2200,READY,"1,700","1,600","1,700",2000,1500,1400,1000,1700,1700,2000,1700,1500,1700,1700,READY,1800,500,2300,1650,2400,800,2400,2000,2150,1800,1700,1400,2400,1700,READY,1000,1500,READY,2200,1700,2100,1600,1300,1750,2000,2400,2000,1800,2300,2500,1850,READY,1600,1800,2300,2300,1800,1700,READY,1750,2200,2000,2300,1600,2300,1450,1700,1650,1600,1000,2200,2100,READY,1900,2600,2000,1950,1800,1800,2300,2200,UNPAID,1550,1500,2000,1800,1600,1900,READY,,,1900,1750,READY,2400,1800,1600,2000,2800,1600,1125,1125,1600,2100,1500,1200,1250,UnLeasable,2200,3500,1600,1900,2900,READY,1800,4013.59,2600,1850,1800,2300,1450,1500,2450,800,1200,READY,READY,1400,READY,1800,1900,1700,1500,2000,UnLeasable,2250,READY,2000,2000,2200,1700,2400,2400,"2,300","1,400","1,400",1350,1350,"1,400","1,400",READY,2400,UnLeasable,UnLeasable,1900,1850,1900,"9,450","94,064","174,250"
Apr 26,2200,"1,600",UNPAID,READY,1600,READY,2200,2800,1800,"4,000",READY,1800,2100,"1,500",1400,"2,500",1550,"1,550",READY,1600,2400,"2,000",2200,2200,"1,700",1600,"1,700",2000,1500,1400,1000,1700,1700,2000,1700,1500,1700,1700,READY,1800,500,2300,1650,4010.5,UNPAID,2400,2000,2150,1800,1700,1400,2400,2000,READY,1000,1500,2200,2200,1700,2100,1600,1300,1750,2000,2400,2000,1800,2300,2500,1850,2200,1600,1800,2300,2300,1800,1700,READY,1750,2200,2000,2300,1600,2300,1450,1700,READY,1600,1000,2200,2100,READY,1900,2600,2000,1950,1800,1800,2300,2200,UNPAID,1550,1500,2000,READY,1600,1900,READY,,,1900,READY,READY,2400,1800,1600,2000,2800,1600,1125,1125,1600,2100,1500,1200,1250,UnLeasable,2200,3000,1600,READY,2900,READY,1800,2840,2600,1850,1800,2300,1450,1500,2450,1900,1200,READY,READY,1400,READY,1800,1900,1700,1500,2000,UnLeasable,2250,READY,2000,2000,2200,1700,2400,2400,"2,300",1400,1400,1350,1350,1400,"1,400",READY,2400,UnLeasable,UnLeasable,1700,1850,1900,"7,700","91,390","179,211"
May 26,2200,"1,600",READY,READY,1600,READY,2200,2800,1800,"2,000",READY,1800,2100,"1,500",0,"2,500",1550,"1,550",READY,"1,600",2400,"2,000","2,200",2200,"1,700",READY,"1,700",UNPAID,1500,1400,1000,1700,1700,2000,1700,1500,1700,1700,READY,1800,UNPAID,READY,1650,2400,UNPAID,2400,2000,2150,1800,1700,1400,2400,2000,READY,1000,1500,2200,2200,1700,2100,1600,1300,1750,2000,2400,2000,UNPAID,2300,2500,1850,2200,1600,1800,2300,2300,1800,1700,READY,1750,2200,2000,2300,1600,2300,1450,1700,READY,1600,UNPAID,2200,2100,READY,1900,2600,2000,1950,1800,1800,2300,2200,UNPAID,1550,1500,2000,READY,READY,1900,READY,,,2985.09,READY,1800,2400,1800,1600,2000,2800,1600,0,0,1600,2100,1500,1200,1250,UnLeasable,2200,READY,1600,1400,1000,READY,1800,3692.18,2600,1850,1800,2300,1450,1500,2450,1900,1200,READY,READY,1400,1600,1800,1900,1700,READY,2000,UnLeasable,2250,2400,2000,2000,2200,1700,2400,2400,"2,300","1,400","1,400",1350,1350,1400,"1,400",READY,2400,UnLeasable,UnLeasable,1700,1850,READY,"10,585","87,092","163,400"
Jun 26,2200,"1,600",READY,READY,1600,READY,2200,2800,1800,"2,000",READY,1800,2100,1500,1400,"2,500",1550,"1,550",READY,1600,2400,"2,000","2,200",2200,"1,700",1500,"1,700",UNPAID,1500,1400,1000,1700,1700,2000,1700,1500,1700,1700,READY,1800,UNPAID,READY,1650,3654.86,UNPAID,2400,2000,2150,1800,1700,1400,2400,2000,READY,UNPAID,1500,2200,2200,1700,2100,1600,1300,1750,2000,2400,2000,UNPAID,2300,2500,1850,2200,1600,1800,2300,2300,1800,UNPAID,READY,UNPAID,2200,2000,2300,1600,2300,1450,1700,READY,1600,UNPAID,2200,2200,1700,1900,2600,2000,1950,1800,1800,4765,UNPAID,UNPAID,1550,1500,2000,1900,1600,1900,READY,,,1900,1750,1800,2400,1800,1600,2000,2800,READY,1125,1125,UNPAID,2100,1500,UNPAID,1250,UnLeasable,2200,READY,1600,UNPAID,1000,READY,1800,2400,2600,1850,1800,2300,1450,1500,2450,1900,UNPAID,READY,READY,1400,1600,1800,1900,1700,READY,2000,UnLeasable,2100,2400,2000,2000,2200,1700,2400,2400,"2,300","1,400","1,400",1350,1350,1400,"1,400",READY,2400,UnLeasable,UnLeasable,1700,1850,2400,"11,250","83,300","168,670"
Jul 26,2200,"1,600",READY,READY,1600,READY,2200,2800,1800,"2,000",READY,UNPAID,2100,"1,500",UNPAID,"2,500",1550,"1,550",1900,1600,2400,"2,000",2200,2200,"1,700",1500,"1,700",UNPAID,UNPAID,"1,400",0,1700,1700,2000,1700,1500,1700,1700,READY,1800,UNPAID,200,1650,2350,UNPAID,2400,2000,2150,1800,1700,1400,2400,2000,READY,UNPAID,1500,2200,2200,1700,2100,1600,1300,1750,2000,2400,2000,UNPAID,2300,2500,1850,2200,1600,1800,2300,2300,1800,UNPAID,READY,UNPAID,UNPAID,2000,2300,1600,2300,1450,1700,READY,1600,UNPAID,2200,2200,1700,1900,2600,2000,1950,1800,1800,2300,UNPAID,READY,1550,1900,2000,1900,1600,1900,READY,,,1900,1750,1800,2400,1800,1600,READY,2800,READY,UNPAID,UNPAID,READY,2100,1500,UNPAID,1250,UnLeasable,2200,READY,1600,UNPAID,UNPAID,READY,1800,2400,2600,1850,1800,2300,1450,1500,2450,1900,UNPAID,READY,READY,1400,UNPAID,1800,1900,1700,READY,2000,UnLeasable,2100,2400,2000,2000,2200,1700,2400,2400,"2,300","1,400","1,400",1350,1350,"1,400","1,400",READY,2400,UnLeasable,UnLeasable,UNPAID,1850,2400,"11,250","74,750","159,500"
Aug 26,2200,"1,600",READY,2000,1600,READY,Awaiting payment,Awaiting payment,1800,"2,000",READY,Awaiting payment,2100,"1,500",Awaiting payment,"2,500",Awaiting payment,"1,550",1900,1600,2400,"2,000","2,200",2200,"1,700",Awaiting payment,"1,700",Awaiting payment,Awaiting payment,"1,400",0,1700,1700,2000,1700,1500,1700,1700,READY,1800,Awaiting payment,Awaiting payment,1650,2400,Awaiting payment,Awaiting payment,2000,Awaiting payment,1800,1700,1400,2400,2000,READY,Awaiting payment,1500,2200,2200,1700,2100,Awaiting payment,1300,1750,2000,2400,2000,Awaiting payment,Awaiting payment,2500,Awaiting payment,2200,1600,Awaiting payment,2300,2300,1800,Awaiting payment,READY,Awaiting payment,Awaiting payment,2000,2300,1600,2300,Awaiting payment,1700,READY,Awaiting payment,Awaiting payment,Awaiting payment,Awaiting payment,Awaiting payment,1900,2600,2000,1950,1800,1800,Awaiting payment,Awaiting payment,READY,1550,Awaiting payment,2000,1900,Awaiting payment,1900,READY,,,Awaiting payment,1750,Awaiting payment,2400,1800,1600,READY,2800,READY,Awaiting payment,Awaiting payment,READY,2100,Awaiting Payment,Awaiting Payment,1250,UnLeasable,Awaiting Payment,READY,Awaiting Payment,Awaiting Payment,Awaiting Payment,READY,1800,Awaiting Payment,2600,Awaiting Payment,1800,2300,1450,1500,2500,1900,READY,READY,READY,1400,Awaiting Payment,1800,1900,1700,READY,Awaiting Payment,UnLeasable,2100,2400,2000,2000,2200,READY,2400,2400,"2,300","1,400","1,400",Awaiting Payment,Awaiting Payment,"1,400","1,400",READY,2400,UnLeasable,UnLeasable,Awaiting Payment,1850,2400,"7,550","58,850","126,250"
Sep 26,2200,HK,READY,Awaiting payment,Awaiting payment,READY,Awaiting payment,Awaiting payment,Awaiting payment,READY,READY,Awaiting payment,2100,HK,Awaiting payment,"2,500",,Awaiting payment,1900,Awaiting payment,2400,2200,Awaiting payment,2200,HK,Awaiting payment,"1,700",Awaiting payment,Awaiting payment,"1,400",Awaiting payment,Awaiting payment,Awaiting payment,2000,HK,Awaiting payment,1700,HK,READY,Awaiting payment,Awaiting payment,Awaiting payment,Awaiting payment,Awaiting payment,,Awaiting payment,Awaiting payment,Awaiting payment,Awaiting payment,1700,Awaiting payment,2400,2000,READY,Awaiting payment,1500,2200,HK,Awaiting payment,2100,Awaiting payment,HK,1750,2000,2400,Awaiting payment,Awaiting payment,Awaiting payment,,Awaiting payment,2200,1600,Awaiting payment,2300,2300,HK,Awaiting payment,READY,Awaiting payment,Awaiting payment,HK,Awaiting payment,READY,READY,Awaiting payment,Awaiting payment,READY,Awaiting payment,Awaiting payment,Awaiting payment,Awaiting payment,Awaiting payment,HK,Awaiting payment,HK,Awaiting payment,1800,Awaiting payment,Awaiting payment,,READY,HK,Awaiting payment,HK,1900,Awaiting payment,Tenant HK,READY,,,,Awaiting payment,Awaiting payment,2400,Tenant HK,HK,READY,2800,READY,Awaiting payment,Awaiting payment,Awaiting Payment,Awaiting Payment,Awaiting Payment,Awaiting Payment,,UnLeasable,,READY,Awaiting Payment,Awaiting Payment,Awaiting Payment,READY,Awaiting Payment,Awaiting Payment,2600,,HK,2300,,Awaiting Payment,Tenant HK,HK,READY,READY,READY,HK,Awaiting Payment,Tenant HK,HK,Awaiting Payment,1600,Awaiting Payment,UnLeasable,Awaiting Payment,READY,HK,Awaiting payment,2200,READY,2400,2400,Awaiting Payment,Awaiting Payment,Awaiting Payment,Awaiting Payment,Awaiting Payment,Awaiting Payment,Awaiting Payment,2400,2400,UnLeasable,UnLeasable,Awaiting Payment,Awaiting Payment,2400,"2,400","23,500","52,450"
Oct 26,2200,HK,READY,Awaiting payment,Awaiting payment,READY,Awaiting payment,Awaiting payment,Awaiting payment,READY,READY,,2100,HK,,"2,500",,Awaiting payment,1900,Awaiting payment,2400,Awaiting payment,Awaiting payment,2200,HK,Awaiting payment,Awaiting payment,Awaiting payment,Awaiting payment,"1,400",Awaiting payment,1700,Awaiting payment,2000,HK,Awaiting payment,1700,HK,READY,Awaiting payment,Awaiting payment,Awaiting payment,Awaiting payment,Awaiting payment,,Awaiting payment,Awaiting payment,,Awaiting payment,1700,Awaiting payment,2400,2000,,Awaiting payment,Awaiting payment,2200,HK,Awaiting payment,2100,Awaiting payment,HK,1750,Awaiting payment,2400,Awaiting payment,,Awaiting payment,,Awaiting payment,2200,1600,Awaiting payment,2300,2300,HK,Awaiting payment,READY,Awaiting payment,Awaiting payment,HK,Awaiting payment,READY,READY,Awaiting payment,Awaiting payment,READY,Awaiting payment,Awaiting payment,Awaiting payment,Awaiting payment,Awaiting payment,HK,Awaiting payment,HK,Awaiting payment,1800,Awaiting payment,Awaiting payment,,,HK,Awaiting payment,HK,1900,Awaiting payment,Tenant HK,READY,,,,Awaiting payment,Awaiting payment,2400,Tenant HK,HK,,2800,,Awaiting payment,Awaiting payment,Awaiting Payment,Awaiting Payment,Awaiting Payment,Awaiting Payment,,UnLeasable,,READY,Awaiting Payment,Awaiting Payment,Awaiting Payment,READY,Awaiting Payment,Awaiting Payment,2600,,HK,2300,,Awaiting Payment,Tenant HK,HK,,READY,READY,HK,Awaiting Payment,,HK,Awaiting Payment,Awaiting Payment,Awaiting Payment,UnLeasable,Awaiting Payment,READY,HK,Awaiting payment,2200,READY,2400,2400,Awaiting Payment,Awaiting Payment,Awaiting Payment,Awaiting Payment,Awaiting Payment,Awaiting Payment,Awaiting Payment,,2400,UnLeasable,UnLeasable,Awaiting Payment,Awaiting Payment,2400,"2,400","19,500","46,750"
Nov 26,2200,HK,READY,Awaiting payment,Awaiting payment,READY,Awaiting payment,Awaiting payment,Awaiting payment,,READY,,2100,HK,,"2,500",,Awaiting payment,1900,Awaiting payment,2400,Awaiting payment,Awaiting payment,2200,,Awaiting payment,,Awaiting payment,Awaiting payment,"1,400",,,,2000,HK,Awaiting payment,1700,HK,READY,Awaiting payment,Awaiting payment,Awaiting payment,Awaiting payment,Awaiting payment,,Awaiting payment,Awaiting payment,,Awaiting payment,1700,,,2000,,Awaiting payment,Awaiting payment,2200,HK,Awaiting payment,2100,Awaiting payment,,1750,Awaiting payment,2400,Awaiting payment,,Awaiting payment,,Awaiting payment,2200,1600,,2300,2300,HK,Awaiting payment,READY,Awaiting payment,Awaiting payment,HK,Awaiting payment,,,Awaiting payment,Awaiting payment,,Awaiting payment,Awaiting payment,Awaiting payment,Awaiting payment,Awaiting payment,HK,Awaiting payment,,Awaiting payment,1800,,,,,HK,Awaiting payment,,1900,Awaiting payment,Tenant HK,READY,,,,Awaiting payment,Awaiting payment,2400,Tenant HK,HK,,,,Awaiting payment,Awaiting payment,Awaiting Payment,Awaiting Payment,,Awaiting Payment,,UnLeasable,,READY,Awaiting Payment,Awaiting Payment,Awaiting Payment,READY,Awaiting Payment,Awaiting Payment,2600,,HK,2300,,Awaiting Payment,Tenant HK,HK,,,,HK,Awaiting Payment,,HK,Awaiting Payment,Awaiting Payment,Awaiting Payment,UnLeasable,Awaiting Payment,READY,HK,Awaiting payment,2200,,2400,2400,Awaiting Payment,Awaiting Payment,Awaiting Payment,Awaiting Payment,Awaiting Payment,Awaiting Payment,Awaiting Payment,,2400,UnLeasable,UnLeasable,Awaiting Payment,Awaiting Payment,2400,"2,400","16,700","42,650"
Dec 26,2200,HK,READY,Awaiting payment,Awaiting payment,READY,Awaiting payment,Awaiting payment,Awaiting payment,,READY,,2100,HK,,"2,500",,Awaiting payment,1900,Awaiting payment,2400,Awaiting payment,Awaiting payment,2200,,Awaiting payment,,Awaiting payment,Awaiting payment,Awaiting payment,,,,2000,HK,,1700,HK,READY,Awaiting payment,Awaiting payment,Awaiting payment,Awaiting payment,Awaiting payment,,Awaiting payment,Awaiting payment,,Awaiting payment,1700,,,2000,,Awaiting payment,Awaiting payment,2200,HK,Awaiting payment,2100,Awaiting payment,,1750,Awaiting payment,2400,Awaiting payment,,Awaiting payment,,Awaiting payment,2200,1600,,2300,2300,HK,Awaiting payment,,Awaiting payment,Awaiting payment,HK,Awaiting payment,,,Awaiting payment,Awaiting payment,,Awaiting payment,Awaiting payment,Awaiting payment,Awaiting payment,Awaiting payment,HK,Awaiting payment,,Awaiting payment,1800,,,,,HK,Awaiting payment,,1900,Awaiting payment,Tenant HK,READY,,,,Awaiting payment,Awaiting payment,2400,Tenant HK,HK,,,,Awaiting payment,Awaiting payment,Awaiting Payment,Awaiting Payment,,Awaiting Payment,,UnLeasable,,,Awaiting Payment,,Awaiting Payment,,Awaiting Payment,Awaiting Payment,2600,,HK,2300,,Awaiting Payment,Tenant HK,HK,,,,HK,Awaiting Payment,,HK,Awaiting Payment,Awaiting Payment,Awaiting Payment,UnLeasable,Awaiting Payment,READY,,Awaiting payment,2200,,2400,2400,Awaiting Payment,Awaiting Payment,Awaiting Payment,Awaiting Payment,Awaiting Payment,Awaiting Payment,Awaiting Payment,,2400,UnLeasable,UnLeasable,Awaiting Payment,Awaiting Payment,2400,"2,400","16,700","41,250"
Jan 27,2200,,READY,Awaiting payment,Awaiting payment,READY,Awaiting payment,Awaiting payment,,,READY,,,HK,,"2,500",,Awaiting payment,1900,Awaiting payment,2400,Awaiting payment,Awaiting payment,2200,,Awaiting payment,,Awaiting payment,Awaiting payment,Awaiting payment,,,,2000,,,1700,HK,READY,Awaiting payment,,Awaiting payment,Awaiting payment,Awaiting payment,,Awaiting payment,Awaiting payment,,Awaiting payment,1700,,,2000,,Awaiting payment,Awaiting payment,2200,HK,Awaiting payment,2100,Awaiting payment,,1750,Awaiting payment,2400,Awaiting payment,,Awaiting payment,,Awaiting payment,2200,1600,,2300,2300,HK,Awaiting payment,,Awaiting payment,Awaiting payment,HK,Awaiting payment,,,Awaiting payment,Awaiting payment,,,,Awaiting payment,Awaiting payment,Awaiting payment,HK,Awaiting payment,,Awaiting payment,1800,,,,,HK,Awaiting payment,,1900,Awaiting payment,Tenant HK,READY,,,,Awaiting payment,Awaiting payment,2400,,HK,,,,,,Awaiting Payment,Awaiting Payment,,Awaiting Payment,,UnLeasable,,,Awaiting Payment,,Awaiting Payment,,Awaiting Payment,Awaiting Payment,2600,,,2300,,Awaiting Payment,Tenant HK,HK,,,,,Awaiting Payment,,HK,Awaiting Payment,Awaiting Payment,Awaiting Payment,UnLeasable,Awaiting Payment,READY,,Awaiting payment,2200,,2400,2400,Awaiting Payment,,,Awaiting Payment,Awaiting Payment,Awaiting Payment,,,2400,UnLeasable,UnLeasable,Awaiting Payment,Awaiting Payment,2400,"2,400","16,700","39,150"
Feb 27,2200,,,Awaiting payment,Awaiting payment,,Awaiting payment,Awaiting payment,,,,,,HK,,,,Awaiting payment,1900,Awaiting payment,2400,Awaiting payment,Awaiting payment,2200,,Awaiting payment,,Awaiting payment,Awaiting payment,Awaiting payment,,,,2000,,,1700,HK,,Awaiting payment,,Awaiting payment,Awaiting payment,Awaiting payment,,Awaiting payment,Awaiting payment,,Awaiting payment,1700,,,2000,,,Awaiting payment,2200,HK,Awaiting payment,,Awaiting payment,,1750,Awaiting payment,2400,Awaiting payment,,Awaiting payment,,Awaiting payment,2200,,,2300,Awaiting payment,HK,Awaiting payment,,Awaiting payment,Awaiting payment,HK,Awaiting payment,,,Awaiting payment,Awaiting payment,,,,Awaiting payment,Awaiting payment,Awaiting payment,,Awaiting payment,,Awaiting payment,1800,,,,,HK,Awaiting payment,,1900,Awaiting payment,Tenant HK,READY,,,,Awaiting payment,Awaiting payment,,,HK,,,,,,Awaiting Payment,Awaiting Payment,,Awaiting Payment,,UnLeasable,,,Awaiting Payment,,Awaiting Payment,,,Awaiting Payment,2600,,,2300,,Awaiting Payment,Tenant HK,HK,,,,,Awaiting Payment,,HK,Awaiting Payment,Awaiting Payment,Awaiting Payment,UnLeasable,Awaiting Payment,READY,,Awaiting payment,2200,,2400,2400,Awaiting Payment,,,Awaiting Payment,Awaiting Payment,Awaiting Payment,,,2400,UnLeasable,UnLeasable,Awaiting Payment,Awaiting Payment,2400,0,"16,700","30,650"
Mar 27,2200,,,Awaiting payment,Awaiting payment,,Awaiting payment,Awaiting payment,,,,,,HK,,,,Awaiting payment,1900,Awaiting payment,2400,Awaiting payment,Awaiting payment,2200,,Awaiting payment,,Awaiting payment,Awaiting payment,Awaiting payment,,,,,,,1700,HK,,Awaiting payment,,Awaiting payment,Awaiting payment,Awaiting payment,,Awaiting payment,Awaiting payment,,,,,,2000,,,Awaiting payment,2200,,,,Awaiting payment,,1750,Awaiting payment,2400,Awaiting payment,,Awaiting payment,,Awaiting payment,2200,,,,,HK,Awaiting payment,,,Awaiting payment,HK,Awaiting payment,,,Awaiting payment,Awaiting payment,,,,Awaiting payment,Awaiting payment,Awaiting payment,,Awaiting payment,,Awaiting payment,1800,,,,,HK,Awaiting payment,,1900,Awaiting payment,Tenant HK,READY,,,,Awaiting payment,Awaiting payment,,,HK,,,,,,Awaiting Payment,Awaiting Payment,,Awaiting Payment,,UnLeasable,,,Awaiting Payment,,Awaiting Payment,,,Awaiting Payment,2600,,,,,Awaiting Payment,Tenant HK,HK,,,,,Awaiting Payment,,,Awaiting Payment,Awaiting Payment,Awaiting Payment,UnLeasable,Awaiting Payment,READY,,Awaiting payment,,,2400,,Awaiting Payment,,,Awaiting Payment,Awaiting Payment,Awaiting Payment,,,2400,UnLeasable,UnLeasable,Awaiting Payment,Awaiting Payment,2400,0,"9,800","24,650"
Apr 27,2200,,,Awaiting payment,Awaiting payment,,,Awaiting payment,,,,,,HK,,,,Awaiting payment,1900,Awaiting payment,,Awaiting payment,Awaiting payment,,,Awaiting payment,,Awaiting payment,Awaiting payment,Awaiting payment,,,,,,,1700,HK,,Awaiting payment,,Awaiting payment,,Awaiting payment,,Awaiting payment,Awaiting payment,,,,,,,,,Awaiting payment,,,,,Awaiting payment,,,Awaiting payment,2400,Awaiting payment,,Awaiting payment,,Awaiting payment,,,,,,HK,Awaiting payment,,,Awaiting payment,HK,Awaiting payment,,,,Awaiting payment,,,,Awaiting payment,Awaiting payment,Awaiting payment,,Awaiting payment,,Awaiting payment,1800,,,,,HK,Awaiting payment,,1900,Awaiting payment,Tenant HK,READY,,,,Awaiting payment,Awaiting payment,,,HK,,,,,,Awaiting Payment,Awaiting Payment,,,,UnLeasable,,,Awaiting Payment,,Awaiting Payment,,,Awaiting Payment,2600,,,,,,Tenant HK,HK,,,,,Awaiting Payment,,,Awaiting Payment,Awaiting Payment,,UnLeasable,Awaiting Payment,READY,,,,,2400,,Awaiting Payment,,,Awaiting Payment,Awaiting Payment,Awaiting Payment,,,2400,UnLeasable,UnLeasable,,Awaiting Payment,2400,0,"9,800","11,900"
May 27,,,,Awaiting payment,Awaiting payment,,,Awaiting payment,,,,,,HK,,,,Awaiting payment,1900,Awaiting payment,,Awaiting payment,Awaiting payment,,,Awaiting payment,,Awaiting payment,,Awaiting payment,,,,,,,1700,HK,,Awaiting payment,,Awaiting payment,,Awaiting payment,,Awaiting payment,Awaiting payment,,,,,,,,,Awaiting payment,,,,,Awaiting payment,,,Awaiting payment,,Awaiting payment,,Awaiting payment,,,,,,,,HK,Awaiting payment,,,Awaiting payment,HK,Awaiting payment,,,,Awaiting payment,,,,Awaiting payment,Awaiting payment,Awaiting payment,,Awaiting payment,,Awaiting payment,,,,,,HK,Awaiting payment,,,Awaiting payment,Tenant HK,READY,,,,Awaiting payment,Awaiting payment,,,HK,,,,,,Awaiting Payment,Awaiting Payment,,,,UnLeasable,,,,,,,,,,,,,,,Tenant HK,HK,,,,,,,,Awaiting Payment,Awaiting Payment,,,Awaiting Payment,,,,,,2400,,Awaiting Payment,,,Awaiting Payment,Awaiting Payment,Awaiting Payment,,,2400,,,,Awaiting Payment,2400,,,
Jun 27,,,,Awaiting payment,Awaiting payment,,,Awaiting payment,,,,,,HK,,,,Awaiting payment,1900,,,Awaiting payment,Awaiting payment,,,,,Awaiting payment,,Awaiting payment,,,,,,,1700,HK,,Awaiting payment,,Awaiting payment,,Awaiting payment,,Awaiting payment,Awaiting payment,,,,,,,,,Awaiting payment,,,,,Awaiting payment,,,Awaiting payment,,Awaiting payment,,,,,,,,,,HK,Awaiting payment,,,Awaiting payment,HK,Awaiting payment,,,,Awaiting payment,,,,Awaiting payment,Awaiting payment,,,Awaiting payment,,Awaiting payment,,,,,,HK,Awaiting payment,,,,Tenant HK,READY,,,,,,,,HK,,,,,,Awaiting Payment,Awaiting Payment,,,,UnLeasable,,,,,,,,,,,,,,,Tenant HK,HK,,,,,,,,Awaiting Payment,Awaiting Payment,,,,,,,,,2400,,Awaiting Payment,,,Awaiting Payment,Awaiting Payment,,,,2400,,,,Awaiting Payment,,,,
Jul 27,,,,Awaiting payment,Awaiting payment,,,Awaiting payment,,,,,,,,,,Awaiting payment,,,,Awaiting payment,Awaiting payment,,,,,Awaiting payment,,,,,,,,,1700,HK,,Awaiting payment,,Awaiting payment,,,,,Awaiting payment,,,,,,,,,Awaiting payment,,,,,Awaiting payment,,,Awaiting payment,,,,,,,,,,,,HK,,,,Awaiting payment,HK,Awaiting payment,,,,Awaiting payment,,,,Awaiting payment,Awaiting payment,,,Awaiting payment,,Awaiting payment,,,,,,HK,,,,,Tenant HK,,,,,,,,,HK,,,,,,Awaiting Payment,Awaiting Payment,,,,UnLeasable,,,,,,,,,,,,,,,Tenant HK,HK,,,,,,,,Awaiting Payment,Awaiting Payment,,,,,,,,,,,Awaiting Payment,,,Awaiting Payment,Awaiting Payment,,,,,,,,Awaiting Payment,,,,
Aug 27,,,,,Awaiting payment,,,,,,,,,,,,,Awaiting payment,,,,Awaiting payment,Awaiting payment,,,,,,,,,,,,,,,HK,,,,,,,,,,,,,,,,,,Awaiting payment,,,,,,,,Awaiting payment,,,,,,,,,,,,HK,,,,,HK,Awaiting payment,,,,Awaiting payment,,,,,,,,Awaiting payment,,Awaiting payment,,,,,,HK,,,,,Tenant HK,,,,,,,,,HK,,,,,,Awaiting Payment,Awaiting Payment,,,,,,,,,,,,,,,,,,,,HK,,,,,,,,Awaiting Payment,Awaiting Payment,,,,,,,,,,,Awaiting Payment,,,Awaiting Payment,Awaiting Payment,,,,,,,,Awaiting Payment,,,,
Sep 27,,,,,,,,,,,,,,,,,,,,,,,,,,,,,,,,,,,,,,,,,,,,,,,,,,,,,,,,,,,,,,,,Awaiting payment,,,,,,,,,,,,,,,,,,,,,,,,,,,,,,,,,,,,,,,,,,,,,,,,,,,,,,,,,,,Awaiting Payment,,,,,,,,,,,,,,,,,,,,,,,,,,,,,,,,,,,,,,,,,,,,,,,,,,,,,,,,
Oct 27,,,,,,,,,,,,,,,,,,,,,,,,,,,,,,,,,,,,,,,,,,,,,,,,,,,,,,,,,,,,,,,,,,,,,,,,,,,,,,,,,,,,,,,,,,,,,,,,,,,,,,,,,,,,,,,,,,,,,,,,,,,,,,,,,,,,,,,,,,,,,,,,,,,,,,,,,,,,,,,,,,,,,,,,,,,,,,,,,,,
Nov 27,,,,,,,,,,,,,,,,,,,,,,,,,,,,,,,,,,,,,,,,,,,,,,,,,,,,,,,,,,,,,,,,,,,,,,,,,,,,,,,,,,,,,,,,,,,,,,,,,,,,,,,,,,,,,,,,,,,,,,,,,,,,,,,,,,,,,,,,,,,,,,,,,,,,,,,,,,,,,,,,,,,,,,,,,,,,,,,,,,,
Dec 27,,,,,,,,,,,,,,,,,,,,,,,,,,,,,,,,,,,,,,,,,,,,,,,,,,,,,,,,,,,,,,,,,,,,,,,,,,,,,,,,,,,,,,,,,,,,,,,,,,,,,,,,,,,,,,,,,,,,,,,,,,,,,,,,,,,,,,,,,,,,,,,,,,,,,,,,,,,,,,,,,,,,,,,,,,,,,,,,,,,
,,,,,,,,,,,,,,,,,,,,,,,,,,,,,,,,,,,,,,,,,,,,,,,,,,,,,,,,,,,,,,,,,,,,,,,,,,,,,,,,,,,,,,,,,,,,,,,,,,,,,,,,,,,,,,,,,,,,,,,,,,,,,,,,,,,,,,,,,,,,,,,,,,,,,,,,,,,,,,,,,,,,,,,,,,,,,,,,,,,
,,,,,,,,,,,,,,,,,,,,,,,,,,,,,,,,,,,,,,,,,,,,,,,,,,,,,,,,,,,,,,,,,,,,,,,,,,,,,,,,,,,,,,,,,,,,,,,,,,,,,,,,,,,,,,,,,,,,,,,,,,,,,,,,,,,,,,,,,,,,,,,,,,,,,,,,,,,,,,,,,,,,,,,,,,,,,,,,,,,
Tenant deposits,,,,,,,,,,,,,,,,,,,,,,,,,,,,,,,,,,,,,,,,,,,,,,,,,,,,,,,,,,,,,,,,,,,,,,,,,,,,,,,,,,,,,,,,,,,,,,,,,,,,,,,,,,,,,,,,,,,,,,,,,,,,,,,,,,,,,,,,,,,,,,,,,,,,,,,,,,,,,,,,,,,,,,,,,,,,,,,,,,,
Leased,1.00,1.00,,1.00,1.00,,1.00,1.00,1.00,1.00,,1.00,1.00,1.00,1.00,1.00,1.00,1.00,1.00,1.00,1.00,1.00,1.00,1.00,1.00,1.00,1.00,1.00,1.00,1.00,1.00,1.00,1.00,1.00,1.00,1.00,1.00,1.00,,1.00,1.00,1.00,1.00,1.00,1.00,1.00,1.00,1.00,1.00,1.00,1.00,1.00,1.00,,0.50,1.00,1.00,1.00,1.00,1.00,1.00,1.00,1.00,1.00,1.00,1.00,1.00,1.00,1.00,1.00,1.00,1.00,1.00,1.00,1.00,1.00,1.00,,1.00,1.00,1.00,1.00,1.00,1.00,1.00,1.00,,0.50,0.50,0.50,1.00,1.00,1.00,1.00,1.00,1.00,1.00,1.00,1.00,1.00,1.00,1.00,1.00,1.00,1.00,1.00,1.00,,,,1.00,1.00,1.00,1.00,1.00,1.00,1.00,1.00,,2.00,0.00,1.00,1.00,0.33,0.33,0.33,,1.00,,1.00,0.50,0.50,,1.00,1.00,1.00,1.00,1.00,1.00,1.00,1.00,1.00,1.00,0.50,,0.50,0.50,1.00,1.00,1.00,1.00,1.00,1.00,,1.00,,1.00,1.00,1.00,1.00,1.00,1.00,1.00,1.00,1.00,1.00,1.00,1.00,1.00,,1.00,,,1.00,1.00,1.00,,,
Ready,,,1.00,,,1.00,,,,,1.00,,,,,,,,,,,,,,,,,,,,,,,,,,,,1.00,,,,,,,,,,,,,,,0.50,,,,,,,,,,,,,,,,,,,,,,,,1.00,,,,,,,,,0.50,,,,,,,,,,,,,,,,,,,,,1.00,,,,,,,,,,,1.00,,,,,,,,,,1.00,,,,1.00,,,,,,,,,,,,0.50,,,,,,,,,,,1.00,,,,,,,,,,,,,,1.00,,,,,,,,,
N/A,,,,,,,,,,,,,,,,,,,,,,,,,,,,,,,,,,,,,,,,,,,,,,,,,,,,,,,,,,,,,,,,,,,,,,,,,,,,,,,,,,,,,,,,,,,,,,,,,,,,,,,,,,,,,,,,,,,,,,,,,,,,,,,,,,,,,,,,,,,,,,,,,,,,,,,,,,,,,,,,,,,,,,,,,,,,,,,,,,,
Unpaid,,,,,,,,,,,,,,,,,,,,,,,,,,,,,,,,,,,,,,,,,,,,,,,,,,,,,,,,,,,,,,,,,,,,,,,,,,,,,,,,,,,,,,,,,,,,,,,,,,,,,,,,,,,,,,,,,,,,,,,,,,,,,,,,,,,,,,,,,,,,,,,,,,,,,,,,,,,,,,,,,,,,,,,,,,,,,,,,,,,
Pending,,,,,,,,,,,,,,,,,,,,,,,,,,,,,,,,,,,,,,,,,,,,,,,,,,,,,,,,,,,,,,,,,,,,,,,,,,,,,,,,,,,,,,,,,,,,,,,,,,,,,,,,,,,,,,,,,,,,,,,,,,,,,,,,,,,,,,,,,,,,,,,,,,,,,,,,,,,,,,,,,,,,,,,,,,,,,,,,,,,
,,,,,,,,,,,,,,,,,,,,,,,,,,,,,,,,,,,,,,,,,,,,,,,,,,,,,,,,,,,,,,,,,,,,,,,,,,,,,,,,,,,,,,,,,,,,,,,,,,,,,,,,,,,,,,,,,,,,,,,,,,,,,,,,,,,,,,,,,,,,,,,,,,,,,,,,,,,,,,,,,,,,,,,,,,,,,,,,,,,
,,,,,,,,,,,,,,,,,,,,,,,,,,,,,,,,,,,,,,,,,,,,,,,,,,,,,,,,,,,,,,,,,,,,,,,,,,,,,,,,,,,,,,,,,,,,,,,,,,,,,,,,,,,,,,,,,,,,,,,,,,,,,,,,,,,,,,,,,,,,,,,,,,,,,,,,,,,,,,,,,,,,,,,,,,,,,,,,,,,
,,,,,,,,,,,,,,,,,,,,,,,,,,,,,,,,,,,,,,,,,,,,,,,,,,,,,,,,,,,,,,,,,,,,,,,,,,,,,,,,,,,,,,,,,,,,,,,,,,,,,,,,,,,,,,,,,,,,,,,,,,,,,,,,,,,,,,,,,,,,,,,,,,,,,,,,,,,,,,,,,,,,,,,,,,,,,,,,,,,
,,,,,,,,,,,,,,,,,,,,,,,,,,,,,,,,,,,,,,,,,,,,,,,,,,,,,,,,,,,,,,,,,,,,,,,,,,,,,,,,,,,,,,,,,,,,,,,,,,,,,,,,,,,,,,,,,,,,,,,,,,,,,,,,,,,,,,,,,,,,,,,,,,,,,,,,,,,,,,,,,,,,,,,,,,,,,,,,,,,
,,,,,,,,,,,,,,,,,,,,,,,,,,,,,,,,,,,,,,,,,,,,,,,,,,,,,,,,,,,,,,,,,,,,,,,,,,,,,,,,,,,,,,,,,,,,,,,,,,,,,,,,,,,,,,,,,,,,,,,,,,,,,,,,,,,,,,,,,,,,,,,,,,,,,,,,,,,,,,,,,,,,,,,,,,,,,,,,,,,
,,,,,,,,,,,,,,,,,,,,,,,,,,,,,,,,,,,,,,,,,,,,,,,,,,,,,,,,,,,,,,,,,,,,,,,,,,,,,,,,,,,,,,,,,,,,,,,,,,,,,,,,,,,,,,,,,,,,,,,,,,,,,,,,,,,,,,,,,,,,,,,,,,,,,,,,,,,,,,,,,,,,,,,,,,,,,,,,,,,
,,,,,,,,,,,,,,,,,,,,,,,,,,,,,,,,,,,,,,,,,,,,,,,,,,,,,,,,,,,,,,,,,,,,,,,,,,,,,,,,,,,,,,,,,,,,,,,,,,,,,,,,,,,,,,,,,,,,,,,,,,,,,,,,,,,,,,,,,,,,,,,,,,,,,,,,,,,,,,,,,,,,,,,,,,,,,,,,,,,
,,,,,,,,,,,,,,,,,,,,,,,,,,,,,,,,,,,,,,,,,,,,,,,,,,,,,,,,,,,,,,,,,,,,,,,,,,,,,,,,,,,,,,,,,,,,,,,,,,,,,,,,,,,,,,,,,,,,,,,,,,,,,,,,,,,,,,,,,,,,,,,,,,,,,,,,,,,,,,,,,,,,,,,,,,,,,,,,,,,
,,,,,,,,,,,,,,,,,,,,,,,,,,,,,,,,,,,,,,,,,,,,,,,,,,,,,,,,,,,,,,,,,,,,,,,,,,,,,,,,,,,,,,,,,,,,,,,,,,,,,,,,,,,,,,,,,,,,,,,,,,,,,,,,,,,,,,,,,,,,,,,,,,,,,,,,,,,,,,,,,,,,,,,,,,,,,,,,,,,
,,,,,,,,,,,,,,,,,,,,,,,,,,,,,,,,,,,,,,,,,,,,,,,,,,,,,,,,,,,,,,,,,,,,,,,,,,,,,,,,,,,,,,,,,,,,,,,,,,,,,,,,,,,,,,,,,,,,,,,,,,,,,,,,,,,,,,,,,,,,,,,,,,,,,,,,,,,,,,,,,,,,,,,,,,,,,,,,,,,
,,,,,,,,,,,,,,,,,,,,,,,,,,,,,,,,,,,,,,,,,,,,,,,,,,,,,,,,,,,,,,,,,,,,,,,,,,,,,,,,,,,,,,,,,,,,,,,,,,,,,,,,,,,,,,,,,,,,,,,,,,,,,,,,,,,,,,,,,,,,,,,,,,,,,,,,,,,,,,,,,,,,,,,,,,,,,,,,,,,
,,,,,,,,,,,,,,,,,,,,,,,,,,,,,,,,,,,,,,,,,,,,,,,,,,,,,,,,,,,,,,,,,,,,,,,,,,,,,,,,,,,,,,,,,,,,,76,0.733,,,,,,,,,,,,,,,,,,,,,,,,,,,,,,,,,,,,,,,,,,,,,,,,,,,,,,,,,,,,,,,,,,,,,,,,,,,,,,,,,,,,,
,,,,,,,,,,,,,,,,,,,,,,,,,,,,,,,,,,,,,,,,,,,,,,,,,,,,,,,,,,,,,,,,,,,,,,,,,,,,,,,,,,,,,,,,,,,,,28,,,,,,,,,,,,,,,,,,,,,,,,,,,,,,,,,,,,,,,,,,,,,,,,,,,,,,,,,,,,,,,,,,,,,,,,,,,,,,,,,,,,,,
,,,,,,,,,,,,,,,,,,,,,,,,,,,,,,,,,,,,,,,,,,,,,,,,,,,,,,,,,,,,,,,,,,,,,,,,,,,,,,,,,,,,,,,,,,,,,,,,,,,,,,,,,,,,,,,,,,,,,,,,,,,,,,,,,,,,,,,,,,,,,,,,,,,,,,,,,,,,,,,,,,,,,,,,,,,,,,,,,,,
,,,,,,,,,,,,,,,,,,,,,,,,,,,,,,,,,,,,,,,,,,,,,,,,,,,,,,,,,,,,,,,,,,,,,,,,,,,,,,,,,,,,,,,,,,,,,,,,,,,,,,,,,,,,,,,,,,,,,,,,,,,,,,,,,,,,,,,,,,,,,,,,,,,,,,,,,,,,,,,,,,,,,,,,,,,,,,,,,,,
,,,,,,,,,,,,,,,,,,,,,,,,,,,,,,,,,,,,,,,,,,,,,,,,,,,,,,,,,,,,,,,,,,,,,,,,,,,,,,,,,,,,,,,,,,,,,,,,,,,,,,,,,,,,,,,,,,,,,,,,,,,,,,,,,,,,,,,,,,,,,,,,,,,,,,,,,,,,,,,,,,,,,,,,,,,,,,,,,,,
,,,,,,,,,,,,,,,,,,,,,,,,,,,,,,,,,,,,,,,,,,,,,,,,,,,,,,,,,,,,,,,,,,,,,,,,,,,,,,,,,,,,,,,,,,,,,,,,,,,,,,,,,,,,,,,,,,,,,,,,,,,,,,,,,,,,,,,,,,,,,,,,,,,,,,,,,,,,,,,,,,,,,,,,,,,,,,,,,,,
,,,,,,,,,,,,,,,,,,,,,,,,,,,,,,,,,,,,,,,,,,,,,,,,,,,,,,,,,,,,,,,,,,,,,,,,,,,,,,,,,,,,,,,,,,,,,,,,,,,,,,,,,,,,,,,,,,,,,,,,,,,,,,,,,,,,,,,,,,,,,,,,,,,,,,,,,,,,,,,,,,,,,,,,,,,,,,,,,,,
,,,,,,,,,,,,,,,,,,,,,,,,,,,,,,,,,,,,,,,,,,,,,,,,,,,,,,,,,,,,,,,,,,,,,,,,,,,,,,,,,,,,,,,,,,,,,,,,,,,,,,,,,,,,,,,,,,,,,,,,,,,,,,,,,,,,,,,,,,,,,,,,,,,,,,,,,,,,,,,,,,,,,,,,,,,,,,,,,,,
,,,,,,,,,,,,,,,,,,,,,,,,,,,,,,,,,,,,,,,,,,,,,,,,,,,,,,,,,,,,,,,,,,,,,,,,,,,,,,,,,,,,,,,,,,,,,,,,,,,,,,,,,,,,,,,,,,,,,,,,,,,,,,,,,,,,,,,,,,,,,,,,,,,,,,,,,,,,,,,,,,,,,,,,,,,,,,,,,,,
,,,,,,,,,,,,,,,,,,,,,,,,,,,,,,,,,,,,,,,,,,,,,,,,,,,,,,,,,,,,,,,,,,,,,,,,,,,,,,,,,,,,,,,,,,,,,,,,,,,,,,,,,,,,,,,,,,,,,,,,,,,,,,,,,,,,,,,,,,,,,,,,,,,,,,,,,,,,,,,,,,,,,,,,,,,,,,,,,,,
,,,,,,,,,,,,,,,,,,,,,,,,,,,,,,,,,,,,,,,,,,,,,,,,,,,,,,,,,,,,,,,,,,,,,,,,,,,,,,,,,,,,,,,,,,,,,,,,,,,,,,,,,,,,,,,,,,,,,,,,,,,,,,,,,,,,,,,,,,,,,,,,,,,,,,,,,,,,,,,,,,,,,,,,,,,,,,,,,,,
,,,,,,,,,,,,,,,,,,,,,,,,,,,,,,,,,,,,,,,,,,,,,,,,,,,,,,,,,,,,,,,,,,,,,,,,,,,,,,,,,,,,,,,,,,,,,,,,,,,,,,,,,,,,,,,,,,,,,,,,,,,,,,,,,,,,,,,,,,,,,,,,,,,,,,,,,,,,,,,,,,,,,,,,,,,,,,,,,,,
,,,,,,,,,,,,,,,,,,,,,,,,,,,,,,,,,,,,,,,,,,,,,,,,,,,,,,,,,,,,,,,,,,,,,,,,,,,,,,,,,,,,,,,,,,,,,,,,,,,,,,,,,,,,,,,,,,,,,,,,,,,,,,,,,,,,,,,,,,,,,,,,,,,,,,,,,,,,,,,,,,,,,,,,,,,,,,,,,,,
,,,,,,,,,,,,,,,,,,,,,,,,,,,,,,,,,,,,,,,,,,,,,,,,,,,,,,,,,,,,,,,,,,,,,,,,,,,,,,,,,,,,,,,,,,,,,,,,,,,,,,,,,,,,,,,,,,,,,,,,,,,,,,,,,,,,,,,,,222,223A,223B,226A,226B,226C,227,228,229,230,231A,232A,233,,,,,,,,,,,,,,,,,,,,,,,,,,,,,,